-- MySQL dump 10.13  Distrib 8.0.33, for macos13 (x86_64)
--
-- Host: 127.0.0.1    Database: resido_2
-- ------------------------------------------------------
-- Server version	8.0.23

/*!40101 SET @OLD_CHARACTER_SET_CLIENT=@@CHARACTER_SET_CLIENT */;
/*!40101 SET @OLD_CHARACTER_SET_RESULTS=@@CHARACTER_SET_RESULTS */;
/*!40101 SET @OLD_COLLATION_CONNECTION=@@COLLATION_CONNECTION */;
/*!50503 SET NAMES utf8 */;
/*!40103 SET @OLD_TIME_ZONE=@@TIME_ZONE */;
/*!40103 SET TIME_ZONE='+00:00' */;
/*!40014 SET @OLD_UNIQUE_CHECKS=@@UNIQUE_CHECKS, UNIQUE_CHECKS=0 */;
/*!40014 SET @OLD_FOREIGN_KEY_CHECKS=@@FOREIGN_KEY_CHECKS, FOREIGN_KEY_CHECKS=0 */;
/*!40101 SET @OLD_SQL_MODE=@@SQL_MODE, SQL_MODE='NO_AUTO_VALUE_ON_ZERO' */;
/*!40111 SET @OLD_SQL_NOTES=@@SQL_NOTES, SQL_NOTES=0 */;

--
-- Table structure for table `activations`
--

DROP TABLE IF EXISTS `activations`;
/*!40101 SET @saved_cs_client     = @@character_set_client */;
/*!50503 SET character_set_client = utf8mb4 */;
CREATE TABLE `activations` (
  `id` bigint unsigned NOT NULL AUTO_INCREMENT,
  `user_id` bigint unsigned NOT NULL,
  `code` varchar(120) COLLATE utf8mb4_unicode_ci NOT NULL,
  `completed` tinyint(1) NOT NULL DEFAULT '0',
  `completed_at` timestamp NULL DEFAULT NULL,
  `created_at` timestamp NULL DEFAULT NULL,
  `updated_at` timestamp NULL DEFAULT NULL,
  PRIMARY KEY (`id`),
  KEY `activations_user_id_index` (`user_id`)
) ENGINE=InnoDB AUTO_INCREMENT=31 DEFAULT CHARSET=utf8mb4 COLLATE=utf8mb4_unicode_ci;
/*!40101 SET character_set_client = @saved_cs_client */;

--
-- Dumping data for table `activations`
--

LOCK TABLES `activations` WRITE;
/*!40000 ALTER TABLE `activations` DISABLE KEYS */;
INSERT INTO `activations` VALUES (1,1,'sSTxvcXFYlWSACCX7KCOTPgl0ocxMLnW',1,'2023-07-02 03:21:31','2023-07-02 03:21:31','2023-07-02 03:21:31'),(2,2,'GpHKOW1o7TgT9G90KUpACNDcSYjDOOH9',1,'2023-07-02 03:21:31','2023-07-02 03:21:31','2023-07-02 03:21:31'),(3,1,'zYJpie1wpz4CUMMQivaQJ5TwgtWXK8qe',1,'2023-07-02 03:25:06','2023-07-02 03:25:06','2023-07-02 03:25:06'),(4,2,'CzJLCkHuzA7QWwfbEhQGKp9C8JIMcE1c',1,'2023-07-02 03:25:06','2023-07-02 03:25:06','2023-07-02 03:25:06'),(5,1,'dOz8fsELn3fpAlzwf2oNBJyUjk4T3b4E',1,'2023-07-02 04:36:27','2023-07-02 04:36:27','2023-07-02 04:36:27'),(6,2,'El23GHISsWAL5pS2Eo4WeaCbAL7yN5r7',1,'2023-07-02 04:36:27','2023-07-02 04:36:27','2023-07-02 04:36:27'),(7,1,'6Yrw37zNEcdGttPgWs61UodueacuY1Oj',1,'2023-07-02 04:43:07','2023-07-02 04:43:07','2023-07-02 04:43:07'),(8,2,'wFmSOQET6Tdyhtui1i25aAnuXoDNp9sO',1,'2023-07-02 04:43:07','2023-07-02 04:43:07','2023-07-02 04:43:07'),(9,1,'sRQ6Tpza80ga8paWaYMlzrzQlt0T3EXC',1,'2023-07-02 04:53:02','2023-07-02 04:53:02','2023-07-02 04:53:02'),(10,2,'W1RhAwERBmxgQY0AKfWBsbJlc6SqVRc1',1,'2023-07-02 04:53:02','2023-07-02 04:53:02','2023-07-02 04:53:02'),(11,1,'TON7Gu8XgQSKq5s85GurutRNfTvQyWmL',1,'2023-07-02 05:01:50','2023-07-02 05:01:50','2023-07-02 05:01:50'),(12,2,'K6wwMv82f2EIl40rbsqBnT7jNsEcshOH',1,'2023-07-02 05:01:50','2023-07-02 05:01:50','2023-07-02 05:01:50'),(13,1,'Kxm6NhYmBHHU9sNzdhV1GYkDE2mZUiU3',1,'2023-07-17 14:00:27','2023-07-17 14:00:27','2023-07-17 14:00:27'),(14,2,'yXMua8oAFcJt4Cz3078don2SYAmG4xwB',1,'2023-07-17 14:00:27','2023-07-17 14:00:27','2023-07-17 14:00:27'),(15,1,'TajPoTUFDm87eZKq6fwCldDUq3QZwMgc',1,'2023-08-02 11:56:03','2023-08-02 11:56:03','2023-08-02 11:56:03'),(16,2,'i4PUm9kNMMOnmJAiDn4JLhuSF7Ya7uoA',1,'2023-08-02 11:56:03','2023-08-02 11:56:03','2023-08-02 11:56:03'),(17,1,'YgEb7w3FlPZp52zZzXgqvh908ywgp9wF',1,'2023-08-03 01:07:16','2023-08-03 01:07:16','2023-08-03 01:07:16'),(18,2,'yRlsJ4HtnlxgqzxLNlDAOFlskYT2pt0T',1,'2023-08-03 01:07:16','2023-08-03 01:07:16','2023-08-03 01:07:16'),(19,1,'UiXrfHUx8tNWljs0eydrnHL0J7wSMLqg',1,'2023-08-08 00:55:16','2023-08-08 00:55:16','2023-08-08 00:55:16'),(20,2,'gIEIx55mGD9d8ZAaDRQM4zlEbubqbX0n',1,'2023-08-08 00:55:16','2023-08-08 00:55:16','2023-08-08 00:55:16'),(21,1,'plYnOOnDWz4I1GyjeS3PeRNrsHmNJ9Hs',1,'2023-08-08 15:32:27','2023-08-08 15:32:27','2023-08-08 15:32:27'),(22,2,'OvtcBF79pgTAjL2853tyB01zJ6rNYw02',1,'2023-08-08 15:32:27','2023-08-08 15:32:27','2023-08-08 15:32:27'),(23,1,'QuHi4IyH4uTJPL53FZAiJkcLQiel8LMG',1,'2023-08-08 16:12:07','2023-08-08 16:12:07','2023-08-08 16:12:07'),(24,2,'uMetNh8iHE7oVwb3uChppjvkI5gRKF7D',1,'2023-08-08 16:12:07','2023-08-08 16:12:07','2023-08-08 16:12:07'),(25,1,'CyoLXsldGd6tfpEsk3ytrlNoh6wF4A7H',1,'2023-10-22 04:11:40','2023-10-22 04:11:40','2023-10-22 04:11:40'),(26,2,'QZaZ4cLtQ0O84tugTf8RiGHzzo0tXXsa',1,'2023-10-22 04:11:40','2023-10-22 04:11:40','2023-10-22 04:11:40'),(27,1,'97TGQRNynODcIcqxmVswkIEyJGdCo8P8',1,'2023-10-22 04:12:02','2023-10-22 04:12:02','2023-10-22 04:12:02'),(28,2,'TmdgXhTqhX3dOM275fx2MRRIJpZhF4MK',1,'2023-10-22 04:12:02','2023-10-22 04:12:02','2023-10-22 04:12:02'),(29,1,'P2R2wibcogmP9tesP00FRkS6qHEyS3yL',1,'2023-10-22 04:15:41','2023-10-22 04:15:41','2023-10-22 04:15:41'),(30,2,'DMOsta46XZGgQJge6gZjWBft9IS030OU',1,'2023-10-22 04:15:41','2023-10-22 04:15:41','2023-10-22 04:15:41');
/*!40000 ALTER TABLE `activations` ENABLE KEYS */;
UNLOCK TABLES;

--
-- Table structure for table `admin_notifications`
--

DROP TABLE IF EXISTS `admin_notifications`;
/*!40101 SET @saved_cs_client     = @@character_set_client */;
/*!50503 SET character_set_client = utf8mb4 */;
CREATE TABLE `admin_notifications` (
  `id` bigint unsigned NOT NULL AUTO_INCREMENT,
  `title` varchar(191) COLLATE utf8mb4_unicode_ci NOT NULL,
  `action_label` varchar(191) COLLATE utf8mb4_unicode_ci DEFAULT NULL,
  `action_url` varchar(191) COLLATE utf8mb4_unicode_ci DEFAULT NULL,
  `description` varchar(400) COLLATE utf8mb4_unicode_ci NOT NULL,
  `read_at` timestamp NULL DEFAULT NULL,
  `created_at` timestamp NULL DEFAULT NULL,
  `updated_at` timestamp NULL DEFAULT NULL,
  `permission` varchar(191) COLLATE utf8mb4_unicode_ci DEFAULT NULL,
  PRIMARY KEY (`id`)
) ENGINE=InnoDB DEFAULT CHARSET=utf8mb4 COLLATE=utf8mb4_unicode_ci;
/*!40101 SET character_set_client = @saved_cs_client */;

--
-- Dumping data for table `admin_notifications`
--

LOCK TABLES `admin_notifications` WRITE;
/*!40000 ALTER TABLE `admin_notifications` DISABLE KEYS */;
/*!40000 ALTER TABLE `admin_notifications` ENABLE KEYS */;
UNLOCK TABLES;

--
-- Table structure for table `audit_histories`
--

DROP TABLE IF EXISTS `audit_histories`;
/*!40101 SET @saved_cs_client     = @@character_set_client */;
/*!50503 SET character_set_client = utf8mb4 */;
CREATE TABLE `audit_histories` (
  `id` bigint unsigned NOT NULL AUTO_INCREMENT,
  `user_id` bigint unsigned NOT NULL,
  `module` varchar(60) COLLATE utf8mb4_unicode_ci NOT NULL,
  `request` text COLLATE utf8mb4_unicode_ci,
  `action` varchar(120) COLLATE utf8mb4_unicode_ci NOT NULL,
  `user_agent` text COLLATE utf8mb4_unicode_ci,
  `ip_address` varchar(39) COLLATE utf8mb4_unicode_ci DEFAULT NULL,
  `reference_user` bigint unsigned NOT NULL,
  `reference_id` bigint unsigned NOT NULL,
  `reference_name` varchar(255) COLLATE utf8mb4_unicode_ci NOT NULL,
  `type` varchar(20) COLLATE utf8mb4_unicode_ci NOT NULL,
  `created_at` timestamp NULL DEFAULT NULL,
  `updated_at` timestamp NULL DEFAULT NULL,
  PRIMARY KEY (`id`),
  KEY `audit_histories_user_id_index` (`user_id`),
  KEY `audit_histories_module_index` (`module`)
) ENGINE=InnoDB AUTO_INCREMENT=19 DEFAULT CHARSET=utf8mb4 COLLATE=utf8mb4_unicode_ci;
/*!40101 SET character_set_client = @saved_cs_client */;

--
-- Dumping data for table `audit_histories`
--

LOCK TABLES `audit_histories` WRITE;
/*!40000 ALTER TABLE `audit_histories` DISABLE KEYS */;
INSERT INTO `audit_histories` VALUES (3,1,'to the system',NULL,'logged in','Mozilla/5.0 (Macintosh; Intel Mac OS X 10_15_7) AppleWebKit/537.36 (KHTML, like Gecko) Chrome/115.0.0.0 Safari/537.36','172.22.0.1',0,1,'Super Admin','info','2023-08-06 15:25:35','2023-08-06 15:25:35'),(4,1,'to the system',NULL,'logged in','Mozilla/5.0 (Macintosh; Intel Mac OS X 10_15_7) AppleWebKit/537.36 (KHTML, like Gecko) Chrome/115.0.0.0 Safari/537.36','172.22.0.1',0,1,'Super Admin','info','2023-08-06 23:07:48','2023-08-06 23:07:48'),(5,1,'to the system',NULL,'logged in','Mozilla/5.0 (Macintosh; Intel Mac OS X 10_15_7) AppleWebKit/537.36 (KHTML, like Gecko) Chrome/115.0.0.0 Safari/537.36','172.22.0.1',0,1,'Super Admin','info','2023-08-06 23:07:48','2023-08-06 23:07:48'),(6,1,'to the system',NULL,'logged in','Mozilla/5.0 (Macintosh; Intel Mac OS X 10_15_7) AppleWebKit/537.36 (KHTML, like Gecko) Chrome/115.0.0.0 Safari/537.36','172.22.0.1',0,1,'Super Admin','info','2023-08-14 00:39:51','2023-08-14 00:39:51'),(7,1,'to the system',NULL,'logged in','Mozilla/5.0 (Macintosh; Intel Mac OS X 10_15_7) AppleWebKit/537.36 (KHTML, like Gecko) Chrome/116.0.0.0 Safari/537.36','172.22.0.1',0,1,'Super Admin','info','2023-08-17 14:00:35','2023-08-17 14:00:35'),(8,1,'property','{\"name\":\"6007 Applegate Lane\",\"model\":\"Botble\\\\RealEstate\\\\Models\\\\Property\",\"slug\":\"6007-applegate-lane\",\"slug_id\":\"48\",\"is_slug_editable\":\"1\",\"is_featured\":\"1\",\"description\":\"Cumque porro dolorem non et voluptas perspiciatis. Quo nam sunt beatae dolor praesentium et. Optio eos non consectetur eum.\",\"content\":\"<shortcode class=\\\"bb-shortcode\\\">[youtube-video]https:\\/\\/www.youtube.com\\/watch?v=U05fwua9-D4[\\/youtube-video]<\\/shortcode><p>There was a bright idea came into her face. \'Very,\' said Alice: \'besides, that\'s not a mile high,\' said Alice. \'Well, I hardly know--No more, thank ye; I\'m better now--but I\'m a hatter.\' Here the Dormouse began in a whisper, half afraid that it felt quite relieved to see it again, but it had gone. \'Well! I\'ve often seen a cat without a moment\'s pause. The only things in the house till she was dozing off, and found quite a conversation of it altogether; but after a few minutes, and she at once in her life, and had just upset the week before. \'Oh, I beg your pardon,\' said Alice in a tone of the Gryphon, and, taking Alice by the time he was gone, and the two sides of it, and found that it ought to eat the comfits: this caused some noise and confusion, as the doubled-up soldiers were always getting up and ran the faster, while more and more faintly came, carried on the door with his nose Trims his belt and his buttons, and turns out his toes.\' [later editions continued as follows The.<\\/p><p class=\\\"text-center\\\"><img src=\\\"http:\\/\\/resido.local\\/storage\\/properties\\/p-5-400xauto.jpg\\\" alt=\\\"p-5-400xauto.jpg\\\"><\\/p><p>Gryphon. \'It all came different!\' the Mock Turtle in a sulky tone; \'Seven jogged my elbow.\' On which Seven looked up and repeat \\\"\'TIS THE VOICE OF THE SLUGGARD,\\\"\' said the Queen. \'It proves nothing of the sort,\' said the King, the Queen, who was sitting on a crimson velvet cushion; and, last of all this grand procession, came THE KING AND QUEEN OF HEARTS. Alice was a general clapping of hands at this: it was addressed to the company generally, \'You are old,\' said the others. \'Are their heads.<\\/p><p class=\\\"text-center\\\"><img src=\\\"http:\\/\\/resido.local\\/storage\\/properties\\/p-14-400xauto.jpg\\\" alt=\\\"p-14-400xauto.jpg\\\"><\\/p><p>Let me think: was I the same as they came nearer, Alice could see it pop down a jar from one minute to another! However, I\'ve got to do,\' said Alice very humbly: \'you had got its head impatiently, and walked a little before she had hoped) a fan and gloves--that is, if I was, I shouldn\'t like THAT!\' \'Oh, you foolish Alice!\' she answered herself. \'How can you learn lessons in here? Why, there\'s hardly room to grow up again! Let me see--how IS it to his son, \'I feared it might not escape again, and she thought it over a little timidly, for she was dozing off, and she tried to fancy what the moral of that dark hall, and wander about among those beds of bright flowers and those cool fountains, but she did not at all what had become of it; and as it was very glad to get in?\' asked Alice again, in a deep voice, \'are done with blacking, I believe.\' \'Boots and shoes under the door; so either way I\'ll get into her face, and large eyes like a candle. I wonder what Latitude was, or Longitude.<\\/p><p class=\\\"text-center\\\"><img src=\\\"http:\\/\\/resido.local\\/storage\\/properties\\/p-17-400xauto.jpg\\\" alt=\\\"p-17-400xauto.jpg\\\"><\\/p><p>I suppose Dinah\'ll be sending me on messages next!\' And she kept fanning herself all the rest of the what?\' said the Hatter, \'when the Queen put on her lap as if it wasn\'t very civil of you to learn?\' \'Well, there was no time to go, for the first verse,\' said the King, \'or I\'ll have you executed, whether you\'re a little of it?\' said the Duchess, as she could remember about ravens and writing-desks, which wasn\'t much. The Hatter looked at Alice. \'I\'M not a mile high,\' said Alice. \'I mean what I eat\\\" is the same year for such dainties would not allow without knowing how old it was, and, as the whole place around her became alive with the tea,\' the Hatter continued, \'in this way:-- \\\"Up above the world go round!\\\"\' \'Somebody said,\' Alice whispered, \'that it\'s done by everybody minding their own business,\' the Duchess was sitting on the slate. \'Herald, read the accusation!\' said the March Hare. \'I didn\'t know that cats COULD grin.\' \'They all can,\' said the youth, \'as I mentioned before.<\\/p>\",\"images\":[null,\"properties\\/p-4.jpg\"],\"city_id\":\"4\",\"location\":\"98791 Swift IsleDrakemouth, MT 95978-4702\",\"latitude\":\"38.1343013\",\"longitude\":\"-85.6498512\",\"number_bedroom\":\"4\",\"number_bathroom\":\"4\",\"number_floor\":\"3\",\"square\":\"184\",\"price\":\"492126.00\",\"currency_id\":\"1\",\"period\":\"month\",\"never_expired\":\"1\",\"auto_renew\":\"0\",\"facilities\":{\"5\":{\"id\":\"5\",\"distance\":\"10km\"},\"10\":{\"id\":\"10\",\"distance\":\"9km\"}},\"type_id\":\"2\",\"features\":[\"2\",\"6\"],\"video_thumbnail\":null,\"video\":{\"url\":null},\"seo_meta\":{\"seo_title\":null,\"seo_description\":null},\"submit\":\"save\",\"header_layout\":\"layout-1\",\"moderation_status\":\"approved\",\"label\":null,\"category_id\":\"3\",\"author_id\":\"3\"}','updated','Mozilla/5.0 (Macintosh; Intel Mac OS X 10_15_7) AppleWebKit/537.36 (KHTML, like Gecko) Chrome/116.0.0.0 Safari/537.36','172.22.0.1',1,1,'6007 Applegate Lane','primary','2023-08-17 15:13:32','2023-08-17 15:13:32'),(9,1,'to the system',NULL,'logged in','Mozilla/5.0 (Macintosh; Intel Mac OS X 10_15_7) AppleWebKit/537.36 (KHTML, like Gecko) Chrome/116.0.0.0 Safari/537.36','172.22.0.1',0,1,'Super Admin','info','2023-08-18 14:40:04','2023-08-18 14:40:04'),(10,1,'to the system',NULL,'logged in','Mozilla/5.0 (Macintosh; Intel Mac OS X 10_15_7) AppleWebKit/537.36 (KHTML, like Gecko) Chrome/116.0.0.0 Safari/537.36','172.22.0.1',0,1,'Super Admin','info','2023-09-01 23:51:50','2023-09-01 23:51:50'),(11,1,'language','{\"lang_id\":\"0\",\"lang_name\":\"Ti\\u1ebfng Vi\\u1ec7t\",\"lang_locale\":\"vi\",\"lang_code\":\"vi\",\"lang_flag\":\"vn\",\"lang_order\":\"0\",\"lang_is_rtl\":\"0\"}','created','Mozilla/5.0 (Macintosh; Intel Mac OS X 10_15_7) AppleWebKit/537.36 (KHTML, like Gecko) Chrome/116.0.0.0 Safari/537.36','172.22.0.1',1,2,'','info','2023-09-02 00:03:12','2023-09-02 00:03:12'),(12,1,'property','{\"name\":\"Maia Resort ti\\u1ebfng vi\\u1ec7t\",\"model\":\"Botble\\\\RealEstate\\\\Models\\\\Property\",\"slug\":\"1025-west-19th-street\",\"slug_id\":\"64\",\"is_slug_editable\":\"1\",\"description\":\"Id quidem totam voluptatem eligendi aut aspernatur sit. Temporibus aspernatur molestias qui ea. Sunt et natus omnis cumque aut. Est quia distinctio ad sapiente sit et.\",\"content\":\"<p>I was going to shrink any further: she felt that she was playing against herself, for she had found her head on her spectacles, and began talking to herself, and fanned herself with one finger pressed upon its nose. The Dormouse shook itself, and was beating her violently with its arms folded, frowning like a telescope! I think you\'d take a fancy to herself how this same little sister of hers would, in the air. She did it at all; however, she went on muttering over the wig, (look at the righthand bit again, and all would change to tinkling sheep-bells, and the two creatures, who had not gone much farther before she had asked it aloud; and in despair she put them into a line along the sea-shore--\' \'Two lines!\' cried the Mock Turtle. \'She can\'t explain MYSELF, I\'m afraid, sir\' said Alice, who was gently brushing away some dead leaves that had slipped in like herself. \'Would it be murder to leave it behind?\' She said this last remark, \'it\'s a vegetable. It doesn\'t look like it?\' he.<\\/p><p class=\\\"text-center\\\"><img src=\\\"http:\\/\\/resido.local\\/storage\\/properties\\/p-3-400xauto.jpg\\\"><\\/p><p>Duchess. \'I make you grow taller, and the blades of grass, but she did it at all; however, she went on. \'We had the door opened inwards, and Alice\'s first thought was that she remained the same solemn tone, only changing the order of the earth. Let me see--how IS it to speak with. Alice waited patiently until it chose to speak again. The Mock Turtle angrily: \'really you are painting those roses?\' Five and Seven said nothing, but looked at Two. Two began in a bit.\' \'Perhaps it doesn\'t matter.<\\/p><p class=\\\"text-center\\\"><img src=\\\"http:\\/\\/resido.local\\/storage\\/properties\\/p-14-400xauto.jpg\\\"><\\/p><p>Caterpillar. Alice folded her hands, and she put them into a small passage, not much like keeping so close to her, still it was all dark overhead; before her was another puzzling question; and as it turned a back-somersault in at the cook, and a large kitchen, which was a very curious to see it pop down a jar from one foot to the voice of the ground, Alice soon began talking to him,\' the Mock Turtle. \'No, no! The adventures first,\' said the Gryphon. \'It\'s all about it!\' and he called the Queen, and Alice looked very anxiously into her eyes--and still as she went to school in the distance, and she had quite a commotion in the pool of tears which she concluded that it might appear to others that what you like,\' said the King. Here one of the sort,\' said the cook. \'Treacle,\' said a timid and tremulous sound.] \'That\'s different from what I eat\\\" is the reason they\'re called lessons,\' the Gryphon went on eagerly. \'That\'s enough about lessons,\' the Gryphon interrupted in a pleased tone.<\\/p><p class=\\\"text-center\\\"><img src=\\\"http:\\/\\/resido.local\\/storage\\/properties\\/p-15-400xauto.jpg\\\"><\\/p><p>Gryphon. \'The reason is,\' said the Cat, \'if you don\'t know one,\' said Alice, as she heard a little girl she\'ll think me for a great deal to ME,\' said the Caterpillar, and the Queen, \'Really, my dear, I think?\' he said do. Alice looked all round her, calling out in a few minutes, and she sat on, with closed eyes, and feebly stretching out one paw, trying to box her own courage. \'It\'s no business there, at any rate: go and live in that case I can guess that,\' she added in an offended tone. And she squeezed herself up on to her chin in salt water. Her first idea was that you weren\'t to talk to.\' \'How are you getting on now, my dear?\' it continued, turning to Alice as he spoke. \'UNimportant, of course, I meant,\' the King say in a louder tone. \'ARE you to learn?\' \'Well, there was no time to go, for the first minute or two she walked sadly down the bottle, saying to her to speak with. Alice waited till she had asked it aloud; and in his note-book, cackled out \'Silence!\' and read as.<\\/p>\",\"images\":\"[\\\"properties\\\\\\/p-19.jpg\\\",\\\"properties\\\\\\/p-9.jpg\\\",\\\"properties\\\\\\/p-10.jpg\\\",\\\"properties\\\\\\/p-7.jpg\\\",\\\"properties\\\\\\/p-12.jpg\\\"]\",\"city_id\":\"6\",\"location\":\"64534 Hodkiewicz Orchard Apt. 109New Jackelinemouth, ID 89001\",\"latitude\":\"30.1825289\",\"longitude\":\"-85.676771\",\"number_bedroom\":\"3\",\"number_bathroom\":\"4\",\"number_floor\":\"3\",\"square\":\"137\",\"price\":\"182379.00\",\"currency_id\":\"1\",\"period\":\"month\",\"auto_renew\":\"0\",\"label\":null,\"type_id\":\"1\",\"features\":[\"2\",\"10\"],\"video\":{\"thumbnail\":null,\"url\":null},\"seo_meta\":{\"seo_title\":null,\"seo_description\":null},\"submit\":\"save\",\"language\":\"en_US\",\"header_layout\":\"layout-1\",\"category_id\":\"3\"}','updated','Mozilla/5.0 (Macintosh; Intel Mac OS X 10_15_7) AppleWebKit/537.36 (KHTML, like Gecko) Chrome/116.0.0.0 Safari/537.36','172.22.0.1',1,17,'Maia Resort','primary','2023-09-02 00:04:27','2023-09-02 00:04:27'),(13,1,'property','{\"name\":\"Maia Resort ti\\u1ebfng vi\\u1ec7t\",\"model\":\"Botble\\\\RealEstate\\\\Models\\\\Property\",\"slug\":\"1025-west-19th-street\",\"slug_id\":\"64\",\"is_slug_editable\":\"1\",\"description\":\"Id quidem totam voluptatem eligendi aut aspernatur sit. Temporibus aspernatur molestias qui ea. Sunt et natus omnis cumque aut. Est quia distinctio ad sapiente sit et.\",\"content\":\"<p>I was going to shrink any further: she felt that she was playing against herself, for she had found her head on her spectacles, and began talking to herself, and fanned herself with one finger pressed upon its nose. The Dormouse shook itself, and was beating her violently with its arms folded, frowning like a telescope! I think you\'d take a fancy to herself how this same little sister of hers would, in the air. She did it at all; however, she went on muttering over the wig, (look at the righthand bit again, and all would change to tinkling sheep-bells, and the two creatures, who had not gone much farther before she had asked it aloud; and in despair she put them into a line along the sea-shore--\' \'Two lines!\' cried the Mock Turtle. \'She can\'t explain MYSELF, I\'m afraid, sir\' said Alice, who was gently brushing away some dead leaves that had slipped in like herself. \'Would it be murder to leave it behind?\' She said this last remark, \'it\'s a vegetable. It doesn\'t look like it?\' he.<\\/p><p class=\\\"text-center\\\"><img src=\\\"http:\\/\\/resido.local\\/storage\\/properties\\/p-3-400xauto.jpg\\\"><\\/p><p>Duchess. \'I make you grow taller, and the blades of grass, but she did it at all; however, she went on. \'We had the door opened inwards, and Alice\'s first thought was that she remained the same solemn tone, only changing the order of the earth. Let me see--how IS it to speak with. Alice waited patiently until it chose to speak again. The Mock Turtle angrily: \'really you are painting those roses?\' Five and Seven said nothing, but looked at Two. Two began in a bit.\' \'Perhaps it doesn\'t matter.<\\/p><p class=\\\"text-center\\\"><img src=\\\"http:\\/\\/resido.local\\/storage\\/properties\\/p-14-400xauto.jpg\\\"><\\/p><p>Caterpillar. Alice folded her hands, and she put them into a small passage, not much like keeping so close to her, still it was all dark overhead; before her was another puzzling question; and as it turned a back-somersault in at the cook, and a large kitchen, which was a very curious to see it pop down a jar from one foot to the voice of the ground, Alice soon began talking to him,\' the Mock Turtle. \'No, no! The adventures first,\' said the Gryphon. \'It\'s all about it!\' and he called the Queen, and Alice looked very anxiously into her eyes--and still as she went to school in the distance, and she had quite a commotion in the pool of tears which she concluded that it might appear to others that what you like,\' said the King. Here one of the sort,\' said the cook. \'Treacle,\' said a timid and tremulous sound.] \'That\'s different from what I eat\\\" is the reason they\'re called lessons,\' the Gryphon went on eagerly. \'That\'s enough about lessons,\' the Gryphon interrupted in a pleased tone.<\\/p><p class=\\\"text-center\\\"><img src=\\\"http:\\/\\/resido.local\\/storage\\/properties\\/p-15-400xauto.jpg\\\"><\\/p><p>Gryphon. \'The reason is,\' said the Cat, \'if you don\'t know one,\' said Alice, as she heard a little girl she\'ll think me for a great deal to ME,\' said the Caterpillar, and the Queen, \'Really, my dear, I think?\' he said do. Alice looked all round her, calling out in a few minutes, and she sat on, with closed eyes, and feebly stretching out one paw, trying to box her own courage. \'It\'s no business there, at any rate: go and live in that case I can guess that,\' she added in an offended tone. And she squeezed herself up on to her chin in salt water. Her first idea was that you weren\'t to talk to.\' \'How are you getting on now, my dear?\' it continued, turning to Alice as he spoke. \'UNimportant, of course, I meant,\' the King say in a louder tone. \'ARE you to learn?\' \'Well, there was no time to go, for the first minute or two she walked sadly down the bottle, saying to her to speak with. Alice waited till she had asked it aloud; and in his note-book, cackled out \'Silence!\' and read as.<\\/p>\",\"images\":\"[\\\"properties\\\\\\/p-19.jpg\\\",\\\"properties\\\\\\/p-9.jpg\\\",\\\"properties\\\\\\/p-10.jpg\\\",\\\"properties\\\\\\/p-7.jpg\\\",\\\"properties\\\\\\/p-12.jpg\\\"]\",\"city_id\":\"6\",\"location\":\"64534 Hodkiewicz Orchard Apt. 109New Jackelinemouth, ID 89001\",\"latitude\":\"30.1825289\",\"longitude\":\"-85.676771\",\"number_bedroom\":\"3\",\"number_bathroom\":\"4\",\"number_floor\":\"3\",\"square\":\"137\",\"price\":\"182379.00\",\"currency_id\":\"1\",\"period\":\"month\",\"auto_renew\":\"0\",\"label\":null,\"type_id\":\"1\",\"features\":[\"2\",\"10\"],\"video\":{\"thumbnail\":null,\"url\":null},\"seo_meta\":{\"seo_title\":null,\"seo_description\":null},\"submit\":\"save\",\"language\":\"vi\",\"header_layout\":\"layout-1\",\"category_id\":\"3\"}','updated','Mozilla/5.0 (Macintosh; Intel Mac OS X 10_15_7) AppleWebKit/537.36 (KHTML, like Gecko) Chrome/116.0.0.0 Safari/537.36','172.22.0.1',1,17,'Maia Resort','primary','2023-09-02 00:04:46','2023-09-02 00:04:46'),(14,1,'to the system',NULL,'logged in','Mozilla/5.0 (Macintosh; Intel Mac OS X 10_15_7) AppleWebKit/537.36 (KHTML, like Gecko) Chrome/116.0.0.0 Safari/537.36','172.22.0.1',0,1,'Super Admin','info','2023-09-03 03:17:29','2023-09-03 03:17:29'),(15,1,'language','{\"lang_id\":\"2\"}','updated','Mozilla/5.0 (Macintosh; Intel Mac OS X 10_15_7) AppleWebKit/537.36 (KHTML, like Gecko) Chrome/116.0.0.0 Safari/537.36','172.22.0.1',1,2,'','primary','2023-09-03 04:06:56','2023-09-03 04:06:56'),(16,1,'property','{\"name\":\"Maia Resort ti\\u1ebfng vi\\u1ec7t\",\"model\":\"Botble\\\\RealEstate\\\\Models\\\\Property\",\"slug\":\"maia-resort-tieng-viet\",\"slug_id\":\"0\",\"is_slug_editable\":\"1\",\"description\":\"123123123\",\"content\":\"<p>123123123123<\\/p>\",\"images\":null,\"city_id\":\"1\",\"location\":null,\"latitude\":null,\"longitude\":null,\"number_bedroom\":null,\"number_bathroom\":null,\"number_floor\":null,\"square\":null,\"price\":null,\"currency_id\":\"1\",\"period\":\"day\",\"auto_renew\":\"0\",\"label\":null,\"facilities\":[{\"id\":null},{\"distance\":null}],\"type_id\":\"1\",\"video\":{\"thumbnail\":null,\"url\":null},\"seo_meta\":{\"seo_title\":null,\"seo_description\":null},\"submit\":\"save\",\"header_layout\":\"layout-1\",\"category_id\":\"1\"}','created','Mozilla/5.0 (Macintosh; Intel Mac OS X 10_15_7) AppleWebKit/537.36 (KHTML, like Gecko) Chrome/116.0.0.0 Safari/537.36','172.22.0.1',1,18,'Maia Resort tiếng việt','info','2023-09-03 04:07:09','2023-09-03 04:07:09'),(17,1,'property','{\"name\":\"Tin \\u0111\\u0103ng tieensgt vi\\u1ec7t 01\",\"model\":\"Botble\\\\RealEstate\\\\Models\\\\Property\",\"slug\":\"tin-dang-tieensgt-viet-01\",\"slug_id\":\"0\",\"is_slug_editable\":\"1\",\"description\":null,\"content\":\"<p>Tin \\u0111\\u0103ng tieensgt vi\\u1ec7t 01<\\/p>\",\"images\":null,\"city_id\":\"1\",\"location\":\"Tin \\u0111\\u0103ng tieensgt vi\\u1ec7t 01\",\"latitude\":null,\"longitude\":null,\"number_bedroom\":null,\"number_bathroom\":null,\"number_floor\":null,\"square\":null,\"price\":null,\"currency_id\":\"1\",\"period\":\"day\",\"auto_renew\":\"0\",\"label\":null,\"facilities\":[{\"id\":null},{\"distance\":null}],\"type_id\":\"1\",\"video\":{\"thumbnail\":null,\"url\":null},\"seo_meta\":{\"seo_title\":null,\"seo_description\":null},\"submit\":\"save\",\"header_layout\":\"layout-1\",\"category_id\":\"1\"}','created','Mozilla/5.0 (Macintosh; Intel Mac OS X 10_15_7) AppleWebKit/537.36 (KHTML, like Gecko) Chrome/116.0.0.0 Safari/537.36','172.22.0.1',1,19,'Tin đăng tieensgt việt 01','info','2023-09-03 04:17:37','2023-09-03 04:17:37'),(18,1,'to the system',NULL,'logged in','Mozilla/5.0 (Macintosh; Intel Mac OS X 10_15_7) AppleWebKit/537.36 (KHTML, like Gecko) Chrome/118.0.0.0 Safari/537.36','172.22.0.1',0,1,'Super Admin','info','2023-10-22 04:08:39','2023-10-22 04:08:39');
/*!40000 ALTER TABLE `audit_histories` ENABLE KEYS */;
UNLOCK TABLES;

--
-- Table structure for table `blocks`
--

DROP TABLE IF EXISTS `blocks`;
/*!40101 SET @saved_cs_client     = @@character_set_client */;
/*!50503 SET character_set_client = utf8mb4 */;
CREATE TABLE `blocks` (
  `id` bigint unsigned NOT NULL AUTO_INCREMENT,
  `name` varchar(191) COLLATE utf8mb4_unicode_ci NOT NULL,
  `alias` varchar(191) COLLATE utf8mb4_unicode_ci NOT NULL,
  `description` varchar(255) COLLATE utf8mb4_unicode_ci DEFAULT NULL,
  `content` longtext COLLATE utf8mb4_unicode_ci,
  `status` varchar(60) COLLATE utf8mb4_unicode_ci NOT NULL DEFAULT 'published',
  `user_id` bigint unsigned DEFAULT NULL,
  `created_at` timestamp NULL DEFAULT NULL,
  `updated_at` timestamp NULL DEFAULT NULL,
  PRIMARY KEY (`id`),
  KEY `blocks_user_id_index` (`user_id`)
) ENGINE=InnoDB AUTO_INCREMENT=8 DEFAULT CHARSET=utf8mb4 COLLATE=utf8mb4_unicode_ci;
/*!40101 SET character_set_client = @saved_cs_client */;

--
-- Dumping data for table `blocks`
--

LOCK TABLES `blocks` WRITE;
/*!40000 ALTER TABLE `blocks` DISABLE KEYS */;
INSERT INTO `blocks` VALUES (1,'Sign up','sign-up','','\n                                <div class=\"raw-html-embed\">\n                                    <section class=\"theme-bg call-to-act-wrap\">\n                                        <div class=\"container\">\n                                            <div class=\"row\">\n                                                <div class=\"col-lg-12\">\n\n                                                    <div class=\"call-to-act\">\n                                                        <div class=\"call-to-act-head\">\n                                                            <h3>Want to Become a Real Estate Agent?</h3>\n                                                            <span>We\'ll help you to grow your career and growth.</span>\n                                                        </div>\n                                                        <a href=\"/register\" class=\"btn btn-call-to-act\">Sign Up Today</a>\n                                                    </div>\n\n                                                </div>\n                                            </div>\n                                        </div>\n                                    </section>\n                                </div>\n                ','published',NULL,'2023-10-22 04:15:42','2023-10-22 04:15:42'),(2,'Download App','download-app','','\n                                <div class=\"raw-html-embed\">\n                                    <section class=\"bg-light\">\n                                        <div class=\"container\">\n                                            <div class=\"row align-items-center\">\n                                                <div class=\"col-lg-7 col-md-12 col-sm-12 content-column\">\n                                                    <div class=\"content_block_2\">\n                                                        <div class=\"content-box\">\n                                                        <div class=\"sec-title light\">\n                                                            <p class=\"text-blue\">Download apps</p>\n                                                            <h2>Download App Free App For Android And IPhone</h2>\n                                                        </div>\n                                                        <div class=\"text\"><p></p></div>\n                                                        <div class=\"btn-box clearfix mt-5\">\n                                                            <a href=\"#\" class=\"download-btn play-store\">\n                                                                <i class=\"fab fa-google-play\"></i>\n                                                                <span>Download on</span>\n                                                                </a><h3><a href=\"#\" class=\"download-btn play-store\">Google Play</a></h3><a href=\"#\" class=\"download-btn play-store\">\n                                                            </a>\n                                                            <a href=\"#\" class=\"download-btn app-store\">\n                                                                <i class=\"fab fa-apple\"></i>\n                                                                <span>Download on</span>\n                                                                </a><h3><a href=\"#\" class=\"download-btn app-store\">App Store</a></h3><a href=\"#\" class=\"download-btn app-store\">\n                                                            </a>\n                                                        </div>\n                                                        </div>\n                                                    </div>\n                                                </div>\n                                                <div class=\"col-lg-5 col-md-12 col-sm-12 image-column\">\n                                                    <div class=\"image-box\">\n                                                        <figure class=\"image\">\n                                                        <img src=\"/storage/banners/app.png\" alt=\"image\" class=\"img-fluid\">\n                                                        </figure>\n                                                    </div>\n                                                </div>\n                                            </div>\n                                        </div>\n                                    </section>\n                                </div>\n                ','published',NULL,'2023-10-22 04:15:42','2023-10-22 04:15:42'),(3,'Download App Footer','download-app-footer','','\n                                <div class=\"raw-html-embed\">\n                                    <div class=\"footer-widget\">\n                                        <h4 class=\"widget-title\">Download Apps</h4>\n                                        <a href=\"#\" class=\"other-store-link\">\n                                            </a><div class=\"other-store-app\"><a href=\"#\" class=\"other-store-link\">\n                                                </a><div class=\"os-app-icon\"><a href=\"#\" class=\"other-store-link\">\n                                                    <i class=\"lni-playstore theme-cl\"></i>\n                                                </a></div><a href=\"#\" class=\"other-store-link\">\n                                                </a><div class=\"os-app-caps\"><a href=\"#\" class=\"other-store-link\">\n                                                    Google Play\n                                                    <span>Get It Now</span>\n                                                </a></div><a href=\"#\" class=\"other-store-link\">\n                                            </a></div><a href=\"#\" class=\"other-store-link\">\n                                        </a>\n                                        <a href=\"#\" class=\"other-store-link\">\n                                            </a><div class=\"other-store-app\"><a href=\"#\" class=\"other-store-link\">\n                                                </a><div class=\"os-app-icon\"><a href=\"#\" class=\"other-store-link\">\n                                                    <i class=\"lni-apple theme-cl\"></i>\n                                                </a></div><a href=\"#\" class=\"other-store-link\">\n                                                </a><div class=\"os-app-caps\"><a href=\"#\" class=\"other-store-link\">\n                                                    App Store\n                                                    <span>Now it Available</span>\n                                                </a></div><a href=\"#\" class=\"other-store-link\">\n                                            </a></div><a href=\"#\" class=\"other-store-link\">\n                                        </a>\n                                    </div>\n                                </div>\n                ','published',NULL,'2023-10-22 04:15:42','2023-10-22 04:15:42'),(4,'How It Works?','how-it-works','','\n                                    <div class=\"raw-html-embed\">\n                                        <section>\n                                            <div class=\"container\">\n\n                                                <div class=\"row justify-content-center\">\n                                                    <div class=\"col-lg-7 col-md-10 text-center\">\n                                                        <div class=\"sec-heading center\">\n                                                            <h2>How It Works?</h2>\n                                                            <p>At vero eos et accusamus et iusto odio dignissimos ducimus qui blanditiis praesentium voluptatum deleniti atque corrupti quos dolores</p>\n                                                        </div>\n                                                    </div>\n                                                </div>\n\n                                                <div class=\"row\">\n                                                    <div class=\"col-lg-4 col-md-4\">\n                                                        <div class=\"middle-icon-features-item\">\n                                                            <div class=\"icon-features-wrap\"><div class=\"middle-icon-large-features-box f-light-success\"><i class=\"ti-receipt text-success\"></i></div></div>\n                                                            <div class=\"middle-icon-features-content\">\n                                                                <h4>Evaluate Property</h4>\n                                                                <p>There are many variations of passages of Lorem Ipsum available, but the majority have Ipsum available.</p>\n                                                            </div>\n                                                        </div>\n                                                    </div>\n\n                                                    <div class=\"col-lg-4 col-md-4\">\n                                                        <div class=\"middle-icon-features-item\">\n                                                            <div class=\"icon-features-wrap\"><div class=\"middle-icon-large-features-box f-light-warning\"><i class=\"ti-user text-warning\"></i></div></div>\n                                                            <div class=\"middle-icon-features-content\">\n                                                                <h4>Meet Your Agent</h4>\n                                                                <p>There are many variations of passages of Lorem Ipsum available, but the majority have Ipsum available.</p>\n                                                            </div>\n                                                        </div>\n                                                    </div>\n\n                                                    <div class=\"col-lg-4 col-md-4\">\n                                                        <div class=\"middle-icon-features-item remove\">\n                                                            <div class=\"icon-features-wrap\"><div class=\"middle-icon-large-features-box f-light-blue\"><i class=\"ti-shield text-blue\"></i></div></div>\n                                                            <div class=\"middle-icon-features-content\">\n                                                                <h4>Close The Deal</h4>\n                                                                <p>There are many variations of passages of Lorem Ipsum available, but the majority have Ipsum available.</p>\n                                                            </div>\n                                                        </div>\n                                                    </div>\n                                                </div>\n\n                                            </div>\n                                        </section>\n                                    </div>','published',NULL,'2023-10-22 04:15:42','2023-10-22 04:15:42'),(5,'Achievement','achievement','','\n                                    <div class=\"raw-html-embed\">\n                                        <section>\n                                            <div class=\"container\">\n\n                                                <div class=\"row justify-content-center\">\n                                                    <div class=\"col-lg-7 col-md-10 text-center\">\n                                                        <div class=\"sec-heading center mb-4\">\n                                                            <h2>Achievement</h2>\n                                                            <p>At vero eos et accusamus et iusto odio dignissimos ducimus qui blanditiis praesentium voluptatum deleniti atque corrupti quos dolores</p>\n                                                        </div>\n                                                    </div>\n                                                </div>\n\n                                                <div class=\"row\">\n                                                    <div class=\"col-lg-3 col-md-3 col-sm-6\">\n                                                        <div class=\"achievement-wrap\">\n                                                            <div class=\"achievement-content\">\n                                                                <h4>20500+</h4>\n                                                                <p>Completed Property</p>\n                                                            </div>\n                                                        </div>\n                                                    </div>\n\n                                                    <div class=\"col-lg-3 col-md-3 col-sm-6\">\n                                                        <div class=\"achievement-wrap\">\n                                                            <div class=\"achievement-content\">\n                                                                <h4>7600+</h4>\n                                                                <p>Property Sales</p>\n                                                            </div>\n                                                        </div>\n                                                    </div>\n\n                                                    <div class=\"col-lg-3 col-md-3 col-sm-6\">\n                                                        <div class=\"achievement-wrap\">\n                                                            <div class=\"achievement-content\">\n                                                                <h4>12300+</h4>\n                                                                <p>Apartment Rent</p>\n                                                            </div>\n                                                        </div>\n                                                    </div>\n\n                                                    <div class=\"col-lg-3 col-md-3 col-sm-6\">\n                                                        <div class=\"achievement-wrap\">\n                                                            <div class=\"achievement-content\">\n                                                                <h4>15200+</h4>\n                                                                <p>Happy Clients</p>\n                                                            </div>\n                                                        </div>\n                                                    </div>\n\n                                                </div>\n\n                                            </div>\n                                        </section>\n                                        <div class=\"clearfix\"></div>\n                                    </div>','published',NULL,'2023-10-22 04:15:42','2023-10-22 04:15:42'),(6,'Our Story','our-story','','\n                                    <div class=\"raw-html-embed\">\n                                        <section>\n                                            <div class=\"container\">\n                                                <div class=\"row align-items-center\">\n\n                                                    <div class=\"col-lg-6 col-md-6\">\n                                                        <img src=\"/storage/block/sb.png\" class=\"img-fluid\" alt=\"\">\n                                                    </div>\n\n                                                    <div class=\"col-lg-6 col-md-6\">\n                                                        <div class=\"story-wrap explore-content\">\n\n                                                            <h2>Our Story</h2>\n                                                            <p>Lorem ipsum dolor sit amet, consectetur adipiscing elit, sed do eiusmod tempor incididunt ut labore et dolore magna aliqua. Ut enim ad minim veniam, quis nostrud exercitation ullamco laboris nisi ut aliquip ex ea commodo consequat.</p>\n                                                            <p>Lorem ipsum dolor sit amet, consectetur adipiscing elit, sed do eiusmod tempor incididunt ut labore et dolore magna aliqua. Ut enim ad minim veniam, quis nostrud exercitation ullamco laboris nisi ut aliquip.</p>\n\n                                                        </div>\n                                                    </div>\n                                                </div>\n                                            </div>\n                                        </section>\n                                    </div>\n                ','published',NULL,'2023-10-22 04:15:42','2023-10-22 04:15:42'),(7,'Our mission','our-mission','','\n                            <div class=\"raw-html-embed\">\n                                <section>\n                                    <div class=\"container\">\n\n                                        <div class=\"row\">\n                                            <div class=\"col-lg-12 col-md-12\">\n                                                <div class=\"sec-heading center\">\n                                                    <h2>Our Mission &amp; Work Process</h2>\n                                                    <p>Professional &amp; Dedicated Team</p>\n                                                </div>\n                                            </div>\n                                        </div>\n\n                                        <div class=\"row align-items-center\">\n\n                                            <div class=\"col-lg-6 col-md-6\">\n\n                                                <div class=\"icon-mi-left\">\n                                                    <i class=\"ti-lock theme-cl\"></i>\n                                                    <div class=\"icon-mi-left-content\">\n                                                        <h4>Fully Secure &amp; 24x7 Dedicated Support</h4>\n                                                        <p>If you are an individual client, or just a business startup looking for good backlinks for your website.</p>\n                                                    </div>\n                                                </div>\n\n                                                <div class=\"icon-mi-left\">\n                                                    <i class=\"ti-twitter theme-cl\"></i>\n                                                    <div class=\"icon-mi-left-content\">\n                                                        <h4>Manage your Social &amp; Busness Account Carefully</h4>\n                                                        <p>If you are an individual client, or just a business startup looking for good backlinks for your website.</p>\n                                                    </div>\n                                                </div>\n\n                                                <div class=\"icon-mi-left\">\n                                                    <i class=\"ti-layers theme-cl\"></i>\n                                                    <div class=\"icon-mi-left-content\">\n                                                        <h4>We are Very Hard Worker and loving</h4>\n                                                        <p>If you are an individual client, or just a business startup looking for good backlinks for your website.</p>\n                                                    </div>\n                                                </div>\n\n                                            </div>\n\n                                            <div class=\"col-lg-6 col-md-6\">\n                                                <img src=\"/storage/block/vec-2.png\" class=\"img-fluid\" alt=\"\">\n                                            </div>\n\n                                        </div>\n                                    </div>\n                                </section>\n                            </div>\n                ','published',NULL,'2023-10-22 04:15:42','2023-10-22 04:15:42');
/*!40000 ALTER TABLE `blocks` ENABLE KEYS */;
UNLOCK TABLES;

--
-- Table structure for table `blocks_translations`
--

DROP TABLE IF EXISTS `blocks_translations`;
/*!40101 SET @saved_cs_client     = @@character_set_client */;
/*!50503 SET character_set_client = utf8mb4 */;
CREATE TABLE `blocks_translations` (
  `lang_code` varchar(191) COLLATE utf8mb4_unicode_ci NOT NULL,
  `blocks_id` bigint unsigned NOT NULL,
  `name` varchar(255) COLLATE utf8mb4_unicode_ci DEFAULT NULL,
  `description` varchar(255) COLLATE utf8mb4_unicode_ci DEFAULT NULL,
  `content` longtext COLLATE utf8mb4_unicode_ci,
  PRIMARY KEY (`lang_code`,`blocks_id`)
) ENGINE=InnoDB DEFAULT CHARSET=utf8mb4 COLLATE=utf8mb4_unicode_ci;
/*!40101 SET character_set_client = @saved_cs_client */;

--
-- Dumping data for table `blocks_translations`
--

LOCK TABLES `blocks_translations` WRITE;
/*!40000 ALTER TABLE `blocks_translations` DISABLE KEYS */;
INSERT INTO `blocks_translations` VALUES ('vi',1,'Sign up','','\n                                <div class=\"raw-html-embed\">\n                                    <section class=\"theme-bg call-to-act-wrap\">\n                                        <div class=\"container\">\n                                            <div class=\"row\">\n                                                <div class=\"col-lg-12\">\n\n                                                    <div class=\"call-to-act\">\n                                                        <div class=\"call-to-act-head\">\n                                                            <h3>Want to Become a Real Estate Agent?</h3>\n                                                            <span>We\'ll help you to grow your career and growth.</span>\n                                                        </div>\n                                                        <a href=\"/register\" class=\"btn btn-call-to-act\">Sign Up Today</a>\n                                                    </div>\n\n                                                </div>\n                                            </div>\n                                        </div>\n                                    </section>\n                                </div>\n                '),('vi',2,'Download App','','\n                                    <div class=\"raw-html-embed\">\n                                        <section class=\"bg-light\">\n                                            <div class=\"container\">\n                                                <div class=\"row align-items-center\">\n                                                    <div class=\"col-lg-7 col-md-12 col-sm-12 content-column\">\n                                                        <div class=\"content_block_2\">\n                                                            <div class=\"content-box\">\n                                                            <div class=\"sec-title light\">\n                                                                <p class=\"text-blue\">Download apps</p>\n                                                                <h2>Download App Free App For Android And IPhone</h2>\n                                                            </div>\n                                                            <div class=\"text\"><p></p></div>\n                                                            <div class=\"btn-box clearfix mt-5\">\n                                                                <a href=\"#\" class=\"download-btn play-store\">\n                                                                    <i class=\"fab fa-google-play\"></i>\n                                                                    <span>Download on</span>\n                                                                    <h3>Google Play</h3>\n                                                                </a>\n                                                                <a href=\"#\" class=\"download-btn app-store\">\n                                                                    <i class=\"fab fa-apple\"></i>\n                                                                    <span>Download on</span>\n                                                                    <h3>App Store</h3>\n                                                                </a>\n                                                            </div>\n                                                            </div>\n                                                        </div>\n                                                    </div>\n                                                    <div class=\"col-lg-5 col-md-12 col-sm-12 image-column\">\n                                                        <div class=\"image-box\">\n                                                            <figure class=\"image\">\n                                                            <img\n                                                                src=\"/storage/banners/app.png\"\n                                                                alt=\"image\"\n                                                                class=\"img-fluid\"\n                                                            />\n                                                            </figure>\n                                                        </div>\n                                                    </div>\n                                                </div>\n                                            </div>\n                                        </section>\n                                    </div>\n\n                '),('vi',3,'Download App Footer','','\n                                    <div class=\"raw-html-embed\">\n                                        <div class=\"footer-widget\">\n                                            <h4 class=\"widget-title\">Download Apps</h4>\n                                            <a href=\"#\" class=\"other-store-link\">\n                                                <div class=\"other-store-app\">\n                                                    <div class=\"os-app-icon\">\n                                                        <i class=\"lni-playstore theme-cl\"></i>\n                                                    </div>\n                                                    <div class=\"os-app-caps\">\n                                                        Google Play\n                                                        <span>Get It Now</span>\n                                                    </div>\n                                                </div>\n                                            </a>\n                                            <a href=\"#\" class=\"other-store-link\">\n                                                <div class=\"other-store-app\">\n                                                    <div class=\"os-app-icon\">\n                                                        <i class=\"lni-apple theme-cl\"></i>\n                                                    </div>\n                                                    <div class=\"os-app-caps\">\n                                                        App Store\n                                                        <span>Now it Available</span>\n                                                    </div>\n                                                </div>\n                                            </a>\n                                        </div>\n                                    </div>\n                '),('vi',4,'How It Works?','','\n                                <div class=\"raw-html-embed\">\n                                    <section>\n                                        <div class=\"container\">\n\n                                            <div class=\"row justify-content-center\">\n                                                <div class=\"col-lg-7 col-md-10 text-center\">\n                                                    <div class=\"sec-heading center\">\n                                                        <h2>How It Works?</h2>\n                                                        <p>At vero eos et accusamus et iusto odio dignissimos ducimus qui blanditiis praesentium voluptatum deleniti atque corrupti quos dolores</p>\n                                                    </div>\n                                                </div>\n                                            </div>\n\n                                            <div class=\"row\">\n                                                <div class=\"col-lg-4 col-md-4\">\n                                                    <div class=\"middle-icon-features-item\">\n                                                        <div class=\"icon-features-wrap\"><div class=\"middle-icon-large-features-box f-light-success\"><i class=\"ti-receipt text-success\"></i></div></div>\n                                                        <div class=\"middle-icon-features-content\">\n                                                            <h4>Evaluate Property</h4>\n                                                            <p>There are many variations of passages of Lorem Ipsum available, but the majority have Ipsum available.</p>\n                                                        </div>\n                                                    </div>\n                                                </div>\n\n                                                <div class=\"col-lg-4 col-md-4\">\n                                                    <div class=\"middle-icon-features-item\">\n                                                        <div class=\"icon-features-wrap\"><div class=\"middle-icon-large-features-box f-light-warning\"><i class=\"ti-user text-warning\"></i></div></div>\n                                                        <div class=\"middle-icon-features-content\">\n                                                            <h4>Meet Your Agent</h4>\n                                                            <p>There are many variations of passages of Lorem Ipsum available, but the majority have Ipsum available.</p>\n                                                        </div>\n                                                    </div>\n                                                </div>\n\n                                                <div class=\"col-lg-4 col-md-4\">\n                                                    <div class=\"middle-icon-features-item remove\">\n                                                        <div class=\"icon-features-wrap\"><div class=\"middle-icon-large-features-box f-light-blue\"><i class=\"ti-shield text-blue\"></i></div></div>\n                                                        <div class=\"middle-icon-features-content\">\n                                                            <h4>Close The Deal</h4>\n                                                            <p>There are many variations of passages of Lorem Ipsum available, but the majority have Ipsum available.</p>\n                                                        </div>\n                                                    </div>\n                                                </div>\n                                            </div>\n\n                                        </div>\n                                    </section>\n                                </div>'),('vi',5,'Achievement','','\n                                <div class=\"raw-html-embed\">\n                                    <section>\n                                        <div class=\"container\">\n\n                                            <div class=\"row justify-content-center\">\n                                                <div class=\"col-lg-7 col-md-10 text-center\">\n                                                    <div class=\"sec-heading center mb-4\">\n                                                        <h2>Achievement</h2>\n                                                        <p>At vero eos et accusamus et iusto odio dignissimos ducimus qui blanditiis praesentium voluptatum deleniti atque corrupti quos dolores</p>\n                                                    </div>\n                                                </div>\n                                            </div>\n\n                                            <div class=\"row\">\n                                                <div class=\"col-lg-3 col-md-3 col-sm-6\">\n                                                    <div class=\"achievement-wrap\">\n                                                        <div class=\"achievement-content\">\n                                                            <h4>20500+</h4>\n                                                            <p>Completed Property</p>\n                                                        </div>\n                                                    </div>\n                                                </div>\n\n                                                <div class=\"col-lg-3 col-md-3 col-sm-6\">\n                                                    <div class=\"achievement-wrap\">\n                                                        <div class=\"achievement-content\">\n                                                            <h4>7600+</h4>\n                                                            <p>Property Sales</p>\n                                                        </div>\n                                                    </div>\n                                                </div>\n\n                                                <div class=\"col-lg-3 col-md-3 col-sm-6\">\n                                                    <div class=\"achievement-wrap\">\n                                                        <div class=\"achievement-content\">\n                                                            <h4>12300+</h4>\n                                                            <p>Apartment Rent</p>\n                                                        </div>\n                                                    </div>\n                                                </div>\n\n                                                <div class=\"col-lg-3 col-md-3 col-sm-6\">\n                                                    <div class=\"achievement-wrap\">\n                                                        <div class=\"achievement-content\">\n                                                            <h4>15200+</h4>\n                                                            <p>Happy Clients</p>\n                                                        </div>\n                                                    </div>\n                                                </div>\n\n                                            </div>\n\n                                        </div>\n                                    </section>\n                                    <div class=\"clearfix\"></div>\n                                </div>'),('vi',6,'Our Story','','\n                                <div class=\"raw-html-embed\">\n                                    <section>\n                                        <div class=\"container\">\n                                            <div class=\"row align-items-center\">\n\n                                                <div class=\"col-lg-6 col-md-6\">\n                                                    <img src=\"/storage/block/sb.png\" class=\"img-fluid\" alt=\"\">\n                                                </div>\n\n                                                <div class=\"col-lg-6 col-md-6\">\n                                                    <div class=\"story-wrap explore-content\">\n\n                                                        <h2>Our Story</h2>\n                                                        <p>Lorem ipsum dolor sit amet, consectetur adipiscing elit, sed do eiusmod tempor incididunt ut labore et dolore magna aliqua. Ut enim ad minim veniam, quis nostrud exercitation ullamco laboris nisi ut aliquip ex ea commodo consequat.</p>\n                                                        <p>Lorem ipsum dolor sit amet, consectetur adipiscing elit, sed do eiusmod tempor incididunt ut labore et dolore magna aliqua. Ut enim ad minim veniam, quis nostrud exercitation ullamco laboris nisi ut aliquip.</p>\n\n                                                    </div>\n                                                </div>\n                                            </div>\n                                        </div>\n                                    </section>\n                                </div>\n                '),('vi',7,'Our Story','','\n                                <div class=\"raw-html-embed\">\n                                    <section>\n                                        <div class=\"container\">\n                                            <div class=\"row align-items-center\">\n\n                                                <div class=\"col-lg-6 col-md-6\">\n                                                    <img src=\"/storage/block/sb.png\" class=\"img-fluid\" alt=\"\">\n                                                </div>\n\n                                                <div class=\"col-lg-6 col-md-6\">\n                                                    <div class=\"story-wrap explore-content\">\n\n                                                        <h2>Our Story</h2>\n                                                        <p>Lorem ipsum dolor sit amet, consectetur adipiscing elit, sed do eiusmod tempor incididunt ut labore et dolore magna aliqua. Ut enim ad minim veniam, quis nostrud exercitation ullamco laboris nisi ut aliquip ex ea commodo consequat.</p>\n                                                        <p>Lorem ipsum dolor sit amet, consectetur adipiscing elit, sed do eiusmod tempor incididunt ut labore et dolore magna aliqua. Ut enim ad minim veniam, quis nostrud exercitation ullamco laboris nisi ut aliquip.</p>\n\n                                                    </div>\n                                                </div>\n                                            </div>\n                                        </div>\n                                    </section>\n                                </div>\n                '),('vi',8,'Our mission','','\n                            <div class=\"raw-html-embed\">\n                                <section>\n                                    <div class=\"container\">\n                                        <div class=\"row\">\n                                            <div class=\"col-lg-12 col-md-12\">\n                                                <div class=\"sec-heading center\">\n                                                    <h2>Our Mission &amp; Work Process</h2>\n                                                    <p>Professional &amp; Dedicated Team</p>\n                                                </div>\n                                            </div>\n                                        </div>\n                                        <div class=\"row align-items-center\">\n                                            <div class=\"col-lg-6 col-md-6\">\n                                                <div class=\"icon-mi-left\">\n                                                    <i class=\"ti-lock theme-cl\"></i>\n                                                    <div class=\"icon-mi-left-content\">\n                                                        <h4>Fully Secure &amp; 24x7 Dedicated Support</h4>\n                                                        <p>If you are an individual client, or just a business startup looking for good backlinks for your website.</p>\n                                                    </div>\n                                                </div>\n                                                <div class=\"icon-mi-left\">\n                                                    <i class=\"ti-twitter theme-cl\"></i>\n                                                    <div class=\"icon-mi-left-content\">\n                                                        <h4>Manage your Social &amp; Busness Account Carefully</h4>\n                                                        <p>If you are an individual client, or just a business startup looking for good backlinks for your website.</p>\n                                                    </div>\n                                                </div>\n                                                <div class=\"icon-mi-left\">\n                                                    <i class=\"ti-layers theme-cl\"></i>\n                                                    <div class=\"icon-mi-left-content\">\n                                                        <h4>We are Very Hard Worker and loving</h4>\n                                                        <p>If you are an individual client, or just a business startup looking for good backlinks for your website.</p>\n                                                    </div>\n                                                </div>\n                                            </div>\n                                            <div class=\"col-lg-6 col-md-6\">\n                                                <img src=\"/storage/block/vec-2.png\" class=\"img-fluid\" alt=\"\">\n                                            </div>\n                                        </div>\n                                    </div>\n                                </section>\n                            </div>\n                ');
/*!40000 ALTER TABLE `blocks_translations` ENABLE KEYS */;
UNLOCK TABLES;

--
-- Table structure for table `categories`
--

DROP TABLE IF EXISTS `categories`;
/*!40101 SET @saved_cs_client     = @@character_set_client */;
/*!50503 SET character_set_client = utf8mb4 */;
CREATE TABLE `categories` (
  `id` bigint unsigned NOT NULL AUTO_INCREMENT,
  `name` varchar(120) COLLATE utf8mb4_unicode_ci NOT NULL,
  `parent_id` bigint unsigned NOT NULL DEFAULT '0',
  `description` varchar(400) COLLATE utf8mb4_unicode_ci DEFAULT NULL,
  `status` varchar(60) COLLATE utf8mb4_unicode_ci NOT NULL DEFAULT 'published',
  `author_id` bigint unsigned DEFAULT NULL,
  `author_type` varchar(255) CHARACTER SET utf8mb4 COLLATE utf8mb4_unicode_ci NOT NULL DEFAULT 'Botble\\ACL\\Models\\User',
  `icon` varchar(60) COLLATE utf8mb4_unicode_ci DEFAULT NULL,
  `order` tinyint NOT NULL DEFAULT '0',
  `is_featured` tinyint NOT NULL DEFAULT '0',
  `is_default` tinyint unsigned NOT NULL DEFAULT '0',
  `created_at` timestamp NULL DEFAULT NULL,
  `updated_at` timestamp NULL DEFAULT NULL,
  PRIMARY KEY (`id`),
  KEY `parent_id` (`parent_id`),
  KEY `status` (`status`),
  KEY `created_at` (`created_at`)
) ENGINE=InnoDB AUTO_INCREMENT=5 DEFAULT CHARSET=utf8mb4 COLLATE=utf8mb4_unicode_ci;
/*!40101 SET character_set_client = @saved_cs_client */;

--
-- Dumping data for table `categories`
--

LOCK TABLES `categories` WRITE;
/*!40000 ALTER TABLE `categories` DISABLE KEYS */;
INSERT INTO `categories` VALUES (1,'Latest news',0,NULL,'published',1,'Botble\\ACL\\Models\\User',NULL,0,0,0,'2023-10-22 04:15:57','2023-10-22 04:15:57'),(2,'House architecture',0,NULL,'published',1,'Botble\\ACL\\Models\\User',NULL,0,0,0,'2023-10-22 04:15:57','2023-10-22 04:15:57'),(3,'House design',0,NULL,'published',1,'Botble\\ACL\\Models\\User',NULL,0,0,0,'2023-10-22 04:15:57','2023-10-22 04:15:57'),(4,'Building materials',0,NULL,'published',1,'Botble\\ACL\\Models\\User',NULL,0,0,0,'2023-10-22 04:15:57','2023-10-22 04:15:57');
/*!40000 ALTER TABLE `categories` ENABLE KEYS */;
UNLOCK TABLES;

--
-- Table structure for table `categories_translations`
--

DROP TABLE IF EXISTS `categories_translations`;
/*!40101 SET @saved_cs_client     = @@character_set_client */;
/*!50503 SET character_set_client = utf8mb4 */;
CREATE TABLE `categories_translations` (
  `lang_code` varchar(191) COLLATE utf8mb4_unicode_ci NOT NULL,
  `categories_id` bigint unsigned NOT NULL,
  `name` varchar(255) COLLATE utf8mb4_unicode_ci DEFAULT NULL,
  `description` varchar(400) COLLATE utf8mb4_unicode_ci DEFAULT NULL,
  PRIMARY KEY (`lang_code`,`categories_id`)
) ENGINE=InnoDB DEFAULT CHARSET=utf8mb4 COLLATE=utf8mb4_unicode_ci;
/*!40101 SET character_set_client = @saved_cs_client */;

--
-- Dumping data for table `categories_translations`
--

LOCK TABLES `categories_translations` WRITE;
/*!40000 ALTER TABLE `categories_translations` DISABLE KEYS */;
INSERT INTO `categories_translations` VALUES ('vi',1,'Tin tức mới nhất',NULL),('vi',2,'Kiến trúc nhà',NULL),('vi',3,'Thiết kế nhà',NULL),('vi',4,'Vật liệu xây dựng',NULL);
/*!40000 ALTER TABLE `categories_translations` ENABLE KEYS */;
UNLOCK TABLES;

--
-- Table structure for table `cities`
--

DROP TABLE IF EXISTS `cities`;
/*!40101 SET @saved_cs_client     = @@character_set_client */;
/*!50503 SET character_set_client = utf8mb4 */;
CREATE TABLE `cities` (
  `id` bigint unsigned NOT NULL AUTO_INCREMENT,
  `name` varchar(120) COLLATE utf8mb4_unicode_ci NOT NULL,
  `state_id` int unsigned DEFAULT NULL,
  `country_id` int unsigned DEFAULT NULL,
  `record_id` varchar(40) COLLATE utf8mb4_unicode_ci DEFAULT NULL,
  `order` tinyint NOT NULL DEFAULT '0',
  `is_featured` tinyint unsigned NOT NULL DEFAULT '0',
  `status` varchar(60) COLLATE utf8mb4_unicode_ci NOT NULL DEFAULT 'published',
  `created_at` timestamp NULL DEFAULT NULL,
  `updated_at` timestamp NULL DEFAULT NULL,
  `slug` varchar(120) COLLATE utf8mb4_unicode_ci DEFAULT NULL,
  PRIMARY KEY (`id`),
  UNIQUE KEY `cities_slug_unique` (`slug`)
) ENGINE=InnoDB AUTO_INCREMENT=904 DEFAULT CHARSET=utf8mb4 COLLATE=utf8mb4_unicode_ci;
/*!40101 SET character_set_client = @saved_cs_client */;

--
-- Dumping data for table `cities`
--

LOCK TABLES `cities` WRITE;
/*!40000 ALTER TABLE `cities` DISABLE KEYS */;
INSERT INTO `cities` VALUES (1,'Newark',35,1,NULL,0,1,'published','2023-10-22 04:15:21','2023-10-22 04:15:21','newark'),(2,'Peoria',17,1,NULL,0,1,'published','2023-10-22 04:15:22','2023-10-22 04:15:22','peoria'),(3,'O\'Fallon',30,1,NULL,0,1,'published','2023-10-22 04:15:22','2023-10-22 04:15:22','ofallon'),(4,'Hampton',55,1,NULL,0,1,'published','2023-10-22 04:15:22','2023-10-22 04:15:22','hampton'),(5,'Lakewood',7,1,NULL,0,1,'published','2023-10-22 04:15:22','2023-10-22 04:15:22','lakewood'),(6,'Mesa',4,1,NULL,0,1,'published','2023-10-22 04:15:22','2023-10-22 04:15:22','mesa'),(7,'Bryan',51,1,NULL,0,0,'published','2023-10-22 04:15:22','2023-10-22 04:15:22','bryan'),(8,'Garland',51,1,NULL,0,0,'published','2023-10-22 04:15:22','2023-10-22 04:15:22','garland'),(9,'Springfield',17,1,NULL,0,0,'published','2023-10-22 04:15:22','2023-10-22 04:15:22','springfield'),(10,'Flint',27,1,NULL,0,0,'published','2023-10-22 04:15:22','2023-10-22 04:15:22','flint'),(11,'Tacoma',56,1,NULL,0,0,'published','2023-10-22 04:15:22','2023-10-22 04:15:22','tacoma'),(12,'Waterbury',8,1,NULL,0,0,'published','2023-10-22 04:15:22','2023-10-22 04:15:22','waterbury'),(13,'Eagan',28,1,NULL,0,0,'published','2023-10-22 04:15:22','2023-10-22 04:15:22','eagan'),(14,'Fort Smith',5,1,NULL,0,0,'published','2023-10-22 04:15:22','2023-10-22 04:15:22','fort-smith'),(15,'Carmichael',6,1,NULL,0,0,'published','2023-10-22 04:15:22','2023-10-22 04:15:22','carmichael'),(16,'Daly City',6,1,NULL,0,0,'published','2023-10-22 04:15:22','2023-10-22 04:15:22','daly-city'),(17,'Murrieta',6,1,NULL,0,0,'published','2023-10-22 04:15:22','2023-10-22 04:15:22','murrieta'),(18,'Brentwood',37,1,NULL,0,0,'published','2023-10-22 04:15:22','2023-10-22 04:15:22','brentwood'),(19,'Quincy',26,1,NULL,0,0,'published','2023-10-22 04:15:22','2023-10-22 04:15:22','quincy'),(20,'Boulder',7,1,NULL,0,0,'published','2023-10-22 04:15:22','2023-10-22 04:15:22','boulder'),(21,'Evanston',17,1,NULL,0,0,'published','2023-10-22 04:15:22','2023-10-22 04:15:22','evanston'),(22,'Dothan',1,1,NULL,0,0,'published','2023-10-22 04:15:22','2023-10-22 04:15:22','dothan'),(23,'Antioch',6,1,NULL,0,0,'published','2023-10-22 04:15:22','2023-10-22 04:15:22','antioch'),(24,'Madison',58,1,NULL,0,0,'published','2023-10-22 04:15:22','2023-10-22 04:15:22','madison'),(25,'Victorville',6,1,NULL,0,0,'published','2023-10-22 04:15:22','2023-10-22 04:15:22','victorville'),(26,'Billings',31,1,NULL,0,0,'published','2023-10-22 04:15:22','2023-10-22 04:15:22','billings'),(27,'Sandy Springs',13,1,NULL,0,0,'published','2023-10-22 04:15:22','2023-10-22 04:15:22','sandy-springs'),(28,'Iowa City',19,1,NULL,0,0,'published','2023-10-22 04:15:22','2023-10-22 04:15:22','iowa-city'),(29,'Largo',12,1,NULL,0,0,'published','2023-10-22 04:15:22','2023-10-22 04:15:22','largo'),(30,'Shreveport',22,1,NULL,0,0,'published','2023-10-22 04:15:22','2023-10-22 04:15:22','shreveport'),(31,'Kalamazoo',27,1,NULL,0,0,'published','2023-10-22 04:15:22','2023-10-22 04:15:22','kalamazoo'),(32,'Round Rock',51,1,NULL,0,0,'published','2023-10-22 04:15:22','2023-10-22 04:15:22','round-rock'),(33,'Richmond',6,1,NULL,0,0,'published','2023-10-22 04:15:22','2023-10-22 04:15:22','richmond'),(34,'Columbia',30,1,NULL,0,0,'published','2023-10-22 04:15:22','2023-10-22 04:15:22','columbia'),(35,'Sandy',52,1,NULL,0,0,'published','2023-10-22 04:15:22','2023-10-22 04:15:22','sandy'),(36,'Hoover',1,1,NULL,0,0,'published','2023-10-22 04:15:22','2023-10-22 04:15:22','hoover'),(37,'Fullerton',6,1,NULL,0,0,'published','2023-10-22 04:15:22','2023-10-22 04:15:22','fullerton'),(38,'Rapid City',49,1,NULL,0,0,'published','2023-10-22 04:15:22','2023-10-22 04:15:22','rapid-city'),(39,'Newport Beach',6,1,NULL,0,0,'published','2023-10-22 04:15:22','2023-10-22 04:15:22','newport-beach'),(40,'Columbus',13,1,NULL,0,0,'published','2023-10-22 04:15:22','2023-10-22 04:15:22','columbus'),(41,'Palm Coast',12,1,NULL,0,0,'published','2023-10-22 04:15:22','2023-10-22 04:15:22','palm-coast'),(42,'Albany',13,1,NULL,0,0,'published','2023-10-22 04:15:22','2023-10-22 04:15:22','albany'),(43,'Jurupa Valley',6,1,NULL,0,0,'published','2023-10-22 04:15:22','2023-10-22 04:15:22','jurupa-valley'),(44,'Providence',47,1,NULL,0,0,'published','2023-10-22 04:15:22','2023-10-22 04:15:22','providence'),(45,'Decatur',17,1,NULL,0,0,'published','2023-10-22 04:15:22','2023-10-22 04:15:22','decatur'),(46,'Scranton',45,1,NULL,0,0,'published','2023-10-22 04:15:22','2023-10-22 04:15:22','scranton'),(47,'Anaheim',6,1,NULL,0,0,'published','2023-10-22 04:15:22','2023-10-22 04:15:22','anaheim'),(48,'Rochester',37,1,NULL,0,0,'published','2023-10-22 04:15:22','2023-10-22 04:15:22','rochester'),(49,'Buffalo',37,1,NULL,0,0,'published','2023-10-22 04:15:22','2023-10-22 04:15:22','buffalo'),(50,'Santa Ana',6,1,NULL,0,0,'published','2023-10-22 04:15:22','2023-10-22 04:15:22','santa-ana'),(51,'Sunnyvale',6,1,NULL,0,0,'published','2023-10-22 04:15:22','2023-10-22 04:15:22','sunnyvale'),(52,'Augusta-Richmond County consolidated government',13,1,NULL,0,0,'published','2023-10-22 04:15:22','2023-10-22 04:15:22','augusta-richmond-county-consolidated-government'),(53,'Milwaukee',58,1,NULL,0,0,'published','2023-10-22 04:15:22','2023-10-22 04:15:22','milwaukee'),(54,'Conroe',51,1,NULL,0,0,'published','2023-10-22 04:15:22','2023-10-22 04:15:22','conroe'),(55,'Savannah',13,1,NULL,0,0,'published','2023-10-22 04:15:22','2023-10-22 04:15:22','savannah'),(56,'German',25,1,NULL,0,0,'published','2023-10-22 04:15:22','2023-10-22 04:15:22','german'),(57,'Costa Mesa',6,1,NULL,0,0,'published','2023-10-22 04:15:22','2023-10-22 04:15:22','costa-mesa'),(58,'New Haven',8,1,NULL,0,0,'published','2023-10-22 04:15:22','2023-10-22 04:15:22','new-haven'),(59,'Westland',27,1,NULL,0,0,'published','2023-10-22 04:15:22','2023-10-22 04:15:22','westland'),(60,'Waldorf',25,1,NULL,0,0,'published','2023-10-22 04:15:22','2023-10-22 04:15:22','waldorf'),(61,'Cedar Rapids',19,1,NULL,0,0,'published','2023-10-22 04:15:22','2023-10-22 04:15:22','cedar-rapids'),(62,'Troy',27,1,NULL,0,0,'published','2023-10-22 04:15:22','2023-10-22 04:15:22','troy'),(63,'Kirkland',56,1,NULL,0,0,'published','2023-10-22 04:15:22','2023-10-22 04:15:22','kirkland'),(64,'Santa Barbara',6,1,NULL,0,0,'published','2023-10-22 04:15:22','2023-10-22 04:15:22','santa-barbara'),(65,'Lake Forest',6,1,NULL,0,0,'published','2023-10-22 04:15:23','2023-10-22 04:15:23','lake-forest'),(66,'Chino',6,1,NULL,0,0,'published','2023-10-22 04:15:23','2023-10-22 04:15:23','chino'),(67,'Tucson',4,1,NULL,0,0,'published','2023-10-22 04:15:23','2023-10-22 04:15:23','tucson'),(68,'Boise',16,1,NULL,0,0,'published','2023-10-22 04:15:23','2023-10-22 04:15:23','boise'),(69,'Joliet',17,1,NULL,0,0,'published','2023-10-22 04:15:23','2023-10-22 04:15:23','joliet'),(70,'Metairie',22,1,NULL,0,0,'published','2023-10-22 04:15:23','2023-10-22 04:15:23','metairie'),(71,'Moreno Valley',6,1,NULL,0,0,'published','2023-10-22 04:15:23','2023-10-22 04:15:23','moreno-valley'),(72,'Elizabeth',35,1,NULL,0,0,'published','2023-10-22 04:15:23','2023-10-22 04:15:23','elizabeth'),(73,'Wyoming',27,1,NULL,0,0,'published','2023-10-22 04:15:23','2023-10-22 04:15:23','wyoming'),(74,'Norman',42,1,NULL,0,0,'published','2023-10-22 04:15:23','2023-10-22 04:15:23','norman'),(75,'Frisco',51,1,NULL,0,0,'published','2023-10-22 04:15:23','2023-10-22 04:15:23','frisco'),(76,'Waterloo',19,1,NULL,0,0,'published','2023-10-22 04:15:23','2023-10-22 04:15:23','waterloo'),(77,'Oakland',6,1,NULL,0,0,'published','2023-10-22 04:15:23','2023-10-22 04:15:23','oakland'),(78,'Jonesboro',5,1,NULL,0,0,'published','2023-10-22 04:15:23','2023-10-22 04:15:23','jonesboro'),(79,'Mission',51,1,NULL,0,0,'published','2023-10-22 04:15:23','2023-10-22 04:15:23','mission'),(80,'Midland',51,1,NULL,0,0,'published','2023-10-22 04:15:23','2023-10-22 04:15:23','midland'),(81,'Lansing',27,1,NULL,0,0,'published','2023-10-22 04:15:23','2023-10-22 04:15:23','lansing'),(82,'Springdale',5,1,NULL,0,0,'published','2023-10-22 04:15:23','2023-10-22 04:15:23','springdale'),(83,'Bay',51,1,NULL,0,0,'published','2023-10-22 04:15:23','2023-10-22 04:15:23','bay'),(84,'Apple Valley',6,1,NULL,0,0,'published','2023-10-22 04:15:23','2023-10-22 04:15:23','apple-valley'),(85,'Brockton',26,1,NULL,0,0,'published','2023-10-22 04:15:23','2023-10-22 04:15:23','brockton'),(86,'Poinciana',12,1,NULL,0,0,'published','2023-10-22 04:15:23','2023-10-22 04:15:23','poinciana'),(87,'Davis',6,1,NULL,0,0,'published','2023-10-22 04:15:23','2023-10-22 04:15:23','davis'),(88,'Saint Louis',30,1,NULL,0,0,'published','2023-10-22 04:15:23','2023-10-22 04:15:23','saint-louis'),(89,'Lehigh Acres',12,1,NULL,0,0,'published','2023-10-22 04:15:23','2023-10-22 04:15:23','lehigh-acres'),(90,'Henderson',33,1,NULL,0,0,'published','2023-10-22 04:15:23','2023-10-22 04:15:23','henderson'),(91,'Los Angeles',6,1,NULL,0,0,'published','2023-10-22 04:15:23','2023-10-22 04:15:23','los-angeles'),(92,'Boca Raton',12,1,NULL,0,0,'published','2023-10-22 04:15:23','2023-10-22 04:15:23','boca-raton'),(93,'Union City',6,1,NULL,0,0,'published','2023-10-22 04:15:23','2023-10-22 04:15:23','union-city'),(94,'Lakeland',12,1,NULL,0,0,'published','2023-10-22 04:15:23','2023-10-22 04:15:23','lakeland'),(95,'Mount Pleasant',48,1,NULL,0,0,'published','2023-10-22 04:15:23','2023-10-22 04:15:23','mount-pleasant'),(96,'Des Moines',19,1,NULL,0,0,'published','2023-10-22 04:15:23','2023-10-22 04:15:23','des-moines'),(97,'Asheville',38,1,NULL,0,0,'published','2023-10-22 04:15:23','2023-10-22 04:15:23','asheville'),(98,'West Palm Beach',12,1,NULL,0,0,'published','2023-10-22 04:15:23','2023-10-22 04:15:23','west-palm-beach'),(99,'Bayonne',35,1,NULL,0,0,'published','2023-10-22 04:15:23','2023-10-22 04:15:23','bayonne'),(100,'Coral Springs',12,1,NULL,0,0,'published','2023-10-22 04:15:23','2023-10-22 04:15:23','coral-springs'),(101,'Atlanta',13,1,NULL,0,0,'published','2023-10-22 04:15:23','2023-10-22 04:15:23','atlanta'),(102,'Redlands',6,1,NULL,0,0,'published','2023-10-22 04:15:23','2023-10-22 04:15:23','redlands'),(103,'Toms River',35,1,NULL,0,0,'published','2023-10-22 04:15:23','2023-10-22 04:15:23','toms-river'),(104,'Palmdale',6,1,NULL,0,0,'published','2023-10-22 04:15:23','2023-10-22 04:15:23','palmdale'),(105,'Youngs',41,1,NULL,0,0,'published','2023-10-22 04:15:23','2023-10-22 04:15:23','youngs'),(106,'Frederick',25,1,NULL,0,0,'published','2023-10-22 04:15:23','2023-10-22 04:15:23','frederick'),(107,'Fargo',39,1,NULL,0,0,'published','2023-10-22 04:15:23','2023-10-22 04:15:23','fargo'),(108,'Cedar Park',51,1,NULL,0,0,'published','2023-10-22 04:15:23','2023-10-22 04:15:23','cedar-park'),(109,'Fort Collins',7,1,NULL,0,0,'published','2023-10-22 04:15:23','2023-10-22 04:15:23','fort-collins'),(110,'Portsmouth',55,1,NULL,0,0,'published','2023-10-22 04:15:23','2023-10-22 04:15:23','portsmouth'),(111,'Fremont',6,1,NULL,0,0,'published','2023-10-22 04:15:23','2023-10-22 04:15:23','fremont'),(112,'Bloomington',17,1,NULL,0,0,'published','2023-10-22 04:15:23','2023-10-22 04:15:23','bloomington'),(113,'Woodbury',28,1,NULL,0,0,'published','2023-10-22 04:15:23','2023-10-22 04:15:23','woodbury'),(114,'Camden',35,1,NULL,0,0,'published','2023-10-22 04:15:23','2023-10-22 04:15:23','camden'),(115,'Gresham',43,1,NULL,0,0,'published','2023-10-22 04:15:23','2023-10-22 04:15:23','gresham'),(116,'Lorain',41,1,NULL,0,0,'published','2023-10-22 04:15:23','2023-10-22 04:15:23','lorain'),(117,'South San Francisco',6,1,NULL,0,0,'published','2023-10-22 04:15:23','2023-10-22 04:15:23','south-san-francisco'),(118,'Manchester',34,1,NULL,0,0,'published','2023-10-22 04:15:23','2023-10-22 04:15:23','manchester'),(119,'Longview',51,1,NULL,0,0,'published','2023-10-22 04:15:23','2023-10-22 04:15:23','longview'),(120,'Richardson',51,1,NULL,0,0,'published','2023-10-22 04:15:23','2023-10-22 04:15:23','richardson'),(121,'Yonkers',37,1,NULL,0,0,'published','2023-10-22 04:15:23','2023-10-22 04:15:23','yonkers'),(122,'Pharr',51,1,NULL,0,0,'published','2023-10-22 04:15:23','2023-10-22 04:15:23','pharr'),(123,'Redding',6,1,NULL,0,0,'published','2023-10-22 04:15:23','2023-10-22 04:15:23','redding'),(124,'Fontana',6,1,NULL,0,0,'published','2023-10-22 04:15:23','2023-10-22 04:15:23','fontana'),(125,'Fort Lauderdale',12,1,NULL,0,0,'published','2023-10-22 04:15:23','2023-10-22 04:15:23','fort-lauderdale'),(126,'Fort Wayne',18,1,NULL,0,0,'published','2023-10-22 04:15:23','2023-10-22 04:15:23','fort-wayne'),(127,'Lancaster',6,1,NULL,0,0,'published','2023-10-22 04:15:23','2023-10-22 04:15:23','lancaster'),(128,'Flower Mound',51,1,NULL,0,0,'published','2023-10-22 04:15:24','2023-10-22 04:15:24','flower-mound'),(129,'Aurora',7,1,NULL,0,0,'published','2023-10-22 04:15:24','2023-10-22 04:15:24','aurora'),(130,'Jacksonville',12,1,NULL,0,0,'published','2023-10-22 04:15:24','2023-10-22 04:15:24','jacksonville'),(131,'Carlsbad',6,1,NULL,0,0,'published','2023-10-22 04:15:24','2023-10-22 04:15:24','carlsbad'),(132,'Grand Prairie',51,1,NULL,0,0,'published','2023-10-22 04:15:24','2023-10-22 04:15:24','grand-prairie'),(133,'Evansville',18,1,NULL,0,0,'published','2023-10-22 04:15:24','2023-10-22 04:15:24','evansville'),(134,'Saint Cloud',28,1,NULL,0,0,'published','2023-10-22 04:15:24','2023-10-22 04:15:24','saint-cloud'),(135,'Weston',12,1,NULL,0,0,'published','2023-10-22 04:15:24','2023-10-22 04:15:24','weston'),(136,'Greensboro',38,1,NULL,0,0,'published','2023-10-22 04:15:24','2023-10-22 04:15:24','greensboro'),(137,'Vallejo',6,1,NULL,0,0,'published','2023-10-22 04:15:24','2023-10-22 04:15:24','vallejo'),(138,'Bellflower',6,1,NULL,0,0,'published','2023-10-22 04:15:24','2023-10-22 04:15:24','bellflower'),(139,'Kenner',22,1,NULL,0,0,'published','2023-10-22 04:15:24','2023-10-22 04:15:24','kenner'),(140,'Albuquerque',36,1,NULL,0,0,'published','2023-10-22 04:15:24','2023-10-22 04:15:24','albuquerque'),(141,'Town \'n\' Country',12,1,NULL,0,0,'published','2023-10-22 04:15:24','2023-10-22 04:15:24','town-n-country'),(142,'Cary',38,1,NULL,0,0,'published','2023-10-22 04:15:24','2023-10-22 04:15:24','cary'),(143,'Loveland',7,1,NULL,0,0,'published','2023-10-22 04:15:24','2023-10-22 04:15:24','loveland'),(144,'Menifee',6,1,NULL,0,0,'published','2023-10-22 04:15:24','2023-10-22 04:15:24','menifee'),(145,'Mobile',1,1,NULL,0,0,'published','2023-10-22 04:15:24','2023-10-22 04:15:24','mobile'),(146,'Orem',52,1,NULL,0,0,'published','2023-10-22 04:15:24','2023-10-22 04:15:24','orem'),(147,'Baltimore',25,1,NULL,0,0,'published','2023-10-22 04:15:24','2023-10-22 04:15:24','baltimore'),(148,'Brownsville',51,1,NULL,0,0,'published','2023-10-22 04:15:24','2023-10-22 04:15:24','brownsville'),(149,'Riverview',12,1,NULL,0,0,'published','2023-10-22 04:15:24','2023-10-22 04:15:24','riverview'),(150,'Lafayette',18,1,NULL,0,0,'published','2023-10-22 04:15:24','2023-10-22 04:15:24','lafayette'),(151,'Duluth',28,1,NULL,0,0,'published','2023-10-22 04:15:24','2023-10-22 04:15:24','duluth'),(152,'Everett',56,1,NULL,0,0,'published','2023-10-22 04:15:24','2023-10-22 04:15:24','everett'),(153,'Southfield',27,1,NULL,0,0,'published','2023-10-22 04:15:24','2023-10-22 04:15:24','southfield'),(154,'Pawtucket',47,1,NULL,0,0,'published','2023-10-22 04:15:24','2023-10-22 04:15:24','pawtucket'),(155,'Reno',33,1,NULL,0,0,'published','2023-10-22 04:15:24','2023-10-22 04:15:24','reno'),(156,'Layton',52,1,NULL,0,0,'published','2023-10-22 04:15:24','2023-10-22 04:15:24','layton'),(157,'Lewisville',51,1,NULL,0,0,'published','2023-10-22 04:15:24','2023-10-22 04:15:24','lewisville'),(158,'Guaynabo',46,1,NULL,0,0,'published','2023-10-22 04:15:24','2023-10-22 04:15:24','guaynabo'),(159,'Livermore',6,1,NULL,0,0,'published','2023-10-22 04:15:24','2023-10-22 04:15:24','livermore'),(160,'Memphis',50,1,NULL,0,0,'published','2023-10-22 04:15:24','2023-10-22 04:15:24','memphis'),(161,'Lee\'s Summit',30,1,NULL,0,0,'published','2023-10-22 04:15:24','2023-10-22 04:15:24','lees-summit'),(162,'Norwalk',8,1,NULL,0,0,'published','2023-10-22 04:15:24','2023-10-22 04:15:24','norwalk'),(163,'San Antonio',51,1,NULL,0,0,'published','2023-10-22 04:15:24','2023-10-22 04:15:24','san-antonio'),(164,'Hemet',6,1,NULL,0,0,'published','2023-10-22 04:15:24','2023-10-22 04:15:24','hemet'),(165,'Abilene',51,1,NULL,0,0,'published','2023-10-22 04:15:24','2023-10-22 04:15:24','abilene'),(166,'Bolingbrook',17,1,NULL,0,0,'published','2023-10-22 04:15:24','2023-10-22 04:15:24','bolingbrook'),(167,'Roswell',13,1,NULL,0,0,'published','2023-10-22 04:15:24','2023-10-22 04:15:24','roswell'),(168,'Huntsville',1,1,NULL,0,0,'published','2023-10-22 04:15:24','2023-10-22 04:15:24','huntsville'),(169,'Livonia',27,1,NULL,0,0,'published','2023-10-22 04:15:24','2023-10-22 04:15:24','livonia'),(170,'Fort Worth',51,1,NULL,0,0,'published','2023-10-22 04:15:24','2023-10-22 04:15:24','fort-worth'),(171,'Tracy',6,1,NULL,0,0,'published','2023-10-22 04:15:24','2023-10-22 04:15:24','tracy'),(172,'Nashville',50,1,NULL,0,0,'published','2023-10-22 04:15:24','2023-10-22 04:15:24','nashville'),(173,'Independence',30,1,NULL,0,0,'published','2023-10-22 04:15:24','2023-10-22 04:15:24','independence'),(174,'Colorado Springs',7,1,NULL,0,0,'published','2023-10-22 04:15:24','2023-10-22 04:15:24','colorado-springs'),(175,'Camarillo',6,1,NULL,0,0,'published','2023-10-22 04:15:24','2023-10-22 04:15:24','camarillo'),(176,'Kendall',12,1,NULL,0,0,'published','2023-10-22 04:15:24','2023-10-22 04:15:24','kendall'),(177,'Parma',41,1,NULL,0,0,'published','2023-10-22 04:15:24','2023-10-22 04:15:24','parma'),(178,'Shawnee',20,1,NULL,0,0,'published','2023-10-22 04:15:24','2023-10-22 04:15:24','shawnee'),(179,'Bk',6,1,NULL,0,0,'published','2023-10-22 04:15:24','2023-10-22 04:15:24','bk'),(180,'San Tan Valley',4,1,NULL,0,0,'published','2023-10-22 04:15:24','2023-10-22 04:15:24','san-tan-valley'),(181,'Alafaya',12,1,NULL,0,0,'published','2023-10-22 04:15:24','2023-10-22 04:15:24','alafaya'),(182,'Saint Paul',28,1,NULL,0,0,'published','2023-10-22 04:15:25','2023-10-22 04:15:25','saint-paul'),(183,'Boston',26,1,NULL,0,0,'published','2023-10-22 04:15:25','2023-10-22 04:15:25','boston'),(184,'Dearborn',27,1,NULL,0,0,'published','2023-10-22 04:15:25','2023-10-22 04:15:25','dearborn'),(185,'Lawrence',26,1,NULL,0,0,'published','2023-10-22 04:15:25','2023-10-22 04:15:25','lawrence'),(186,'Nampa',16,1,NULL,0,0,'published','2023-10-22 04:15:25','2023-10-22 04:15:25','nampa'),(187,'Vista',6,1,NULL,0,0,'published','2023-10-22 04:15:25','2023-10-22 04:15:25','vista'),(188,'Palm Bay',12,1,NULL,0,0,'published','2023-10-22 04:15:25','2023-10-22 04:15:25','palm-bay'),(189,'Lawton',42,1,NULL,0,0,'published','2023-10-22 04:15:25','2023-10-22 04:15:25','lawton'),(190,'Reading',45,1,NULL,0,0,'published','2023-10-22 04:15:25','2023-10-22 04:15:25','reading'),(191,'New Britain',8,1,NULL,0,0,'published','2023-10-22 04:15:25','2023-10-22 04:15:25','new-britain'),(192,'Waukesha',58,1,NULL,0,0,'published','2023-10-22 04:15:25','2023-10-22 04:15:25','waukesha'),(193,'The Woodlands',51,1,NULL,0,0,'published','2023-10-22 04:15:25','2023-10-22 04:15:25','the-woodlands'),(194,'Lubbock',51,1,NULL,0,0,'published','2023-10-22 04:15:25','2023-10-22 04:15:25','lubbock'),(195,'North Las Vegas',33,1,NULL,0,0,'published','2023-10-22 04:15:25','2023-10-22 04:15:25','north-las-vegas'),(196,'Baton Rouge',22,1,NULL,0,0,'published','2023-10-22 04:15:25','2023-10-22 04:15:25','baton-rouge'),(197,'Chicago',17,1,NULL,0,0,'published','2023-10-22 04:15:25','2023-10-22 04:15:25','chicago'),(198,'Garden Grove',6,1,NULL,0,0,'published','2023-10-22 04:15:25','2023-10-22 04:15:25','garden-grove'),(199,'South Jordan',52,1,NULL,0,0,'published','2023-10-22 04:15:25','2023-10-22 04:15:25','south-jordan'),(200,'Cape Coral',12,1,NULL,0,0,'published','2023-10-22 04:15:25','2023-10-22 04:15:25','cape-coral'),(201,'Chesapeake',55,1,NULL,0,0,'published','2023-10-22 04:15:25','2023-10-22 04:15:25','chesapeake'),(202,'Westminster',6,1,NULL,0,0,'published','2023-10-22 04:15:25','2023-10-22 04:15:25','westminster'),(203,'Irvine',6,1,NULL,0,0,'published','2023-10-22 04:15:25','2023-10-22 04:15:25','irvine'),(204,'Arlington',51,1,NULL,0,0,'published','2023-10-22 04:15:25','2023-10-22 04:15:25','arlington'),(205,'Johns Creek',13,1,NULL,0,0,'published','2023-10-22 04:15:25','2023-10-22 04:15:25','johns-creek'),(206,'Edmond',42,1,NULL,0,0,'published','2023-10-22 04:15:25','2023-10-22 04:15:25','edmond'),(207,'Bend',43,1,NULL,0,0,'published','2023-10-22 04:15:25','2023-10-22 04:15:25','bend'),(208,'Las Vegas',33,1,NULL,0,0,'published','2023-10-22 04:15:25','2023-10-22 04:15:25','las-vegas'),(209,'Carrollton',51,1,NULL,0,0,'published','2023-10-22 04:15:25','2023-10-22 04:15:25','carrollton'),(210,'Cleveland',41,1,NULL,0,0,'published','2023-10-22 04:15:25','2023-10-22 04:15:25','cleveland'),(211,'West Valley City',52,1,NULL,0,0,'published','2023-10-22 04:15:25','2023-10-22 04:15:25','west-valley-city'),(212,'Grand Rapids',27,1,NULL,0,0,'published','2023-10-22 04:15:25','2023-10-22 04:15:25','grand-rapids'),(213,'Federal Way',56,1,NULL,0,0,'published','2023-10-22 04:15:25','2023-10-22 04:15:25','federal-way'),(214,'Saint Petersburg',12,1,NULL,0,0,'published','2023-10-22 04:15:25','2023-10-22 04:15:25','saint-petersburg'),(215,'Turlock',6,1,NULL,0,0,'published','2023-10-22 04:15:25','2023-10-22 04:15:25','turlock'),(216,'Riverside',6,1,NULL,0,0,'published','2023-10-22 04:15:25','2023-10-22 04:15:25','riverside'),(217,'Berkeley',6,1,NULL,0,0,'published','2023-10-22 04:15:25','2023-10-22 04:15:25','berkeley'),(218,'Santa Fe',36,1,NULL,0,0,'published','2023-10-22 04:15:25','2023-10-22 04:15:25','santa-fe'),(219,'Chino Hills',6,1,NULL,0,0,'published','2023-10-22 04:15:25','2023-10-22 04:15:25','chino-hills'),(220,'Schaumburg',17,1,NULL,0,0,'published','2023-10-22 04:15:25','2023-10-22 04:15:25','schaumburg'),(221,'Clovis',6,1,NULL,0,0,'published','2023-10-22 04:15:25','2023-10-22 04:15:25','clovis'),(222,'Torrance',6,1,NULL,0,0,'published','2023-10-22 04:15:25','2023-10-22 04:15:25','torrance'),(223,'McKinney',51,1,NULL,0,0,'published','2023-10-22 04:15:25','2023-10-22 04:15:25','mckinney'),(224,'Roanoke',55,1,NULL,0,0,'published','2023-10-22 04:15:25','2023-10-22 04:15:25','roanoke'),(225,'Corona',6,1,NULL,0,0,'published','2023-10-22 04:15:25','2023-10-22 04:15:25','corona'),(226,'Fairfield',6,1,NULL,0,0,'published','2023-10-22 04:15:25','2023-10-22 04:15:25','fairfield'),(227,'Downey',6,1,NULL,0,0,'published','2023-10-22 04:15:25','2023-10-22 04:15:25','downey'),(228,'Macon',13,1,NULL,0,0,'published','2023-10-22 04:15:25','2023-10-22 04:15:25','macon'),(229,'Athens-Clarke County unified government',13,1,NULL,0,0,'published','2023-10-22 04:15:25','2023-10-22 04:15:25','athens-clarke-county-unified-government'),(230,'Temecula',6,1,NULL,0,0,'published','2023-10-22 04:15:25','2023-10-22 04:15:25','temecula'),(231,'Concord',6,1,NULL,0,0,'published','2023-10-22 04:15:25','2023-10-22 04:15:25','concord'),(232,'Corpus Christi',51,1,NULL,0,0,'published','2023-10-22 04:15:25','2023-10-22 04:15:25','corpus-christi'),(233,'Rancho Cordova',6,1,NULL,0,0,'published','2023-10-22 04:15:25','2023-10-22 04:15:25','rancho-cordova'),(234,'Tampa',12,1,NULL,0,0,'published','2023-10-22 04:15:25','2023-10-22 04:15:25','tampa'),(235,'Fayetteville',5,1,NULL,0,0,'published','2023-10-22 04:15:25','2023-10-22 04:15:25','fayetteville'),(236,'Montgomery',1,1,NULL,0,0,'published','2023-10-22 04:15:25','2023-10-22 04:15:25','montgomery'),(237,'Kansas City',30,1,NULL,0,0,'published','2023-10-22 04:15:25','2023-10-22 04:15:25','kansas-city'),(238,'College Station',51,1,NULL,0,0,'published','2023-10-22 04:15:25','2023-10-22 04:15:25','college-station'),(239,'Green Bay',58,1,NULL,0,0,'published','2023-10-22 04:15:25','2023-10-22 04:15:25','green-bay'),(240,'Bossier City',22,1,NULL,0,0,'published','2023-10-22 04:15:25','2023-10-22 04:15:25','bossier-city'),(241,'Merced',6,1,NULL,0,0,'published','2023-10-22 04:15:25','2023-10-22 04:15:25','merced'),(242,'Warner Robins',13,1,NULL,0,0,'published','2023-10-22 04:15:25','2023-10-22 04:15:25','warner-robins'),(243,'San Leandro',6,1,NULL,0,0,'published','2023-10-22 04:15:25','2023-10-22 04:15:25','san-leandro'),(244,'Plano',51,1,NULL,0,0,'published','2023-10-22 04:15:25','2023-10-22 04:15:25','plano'),(245,'Lynchburg',55,1,NULL,0,0,'published','2023-10-22 04:15:25','2023-10-22 04:15:25','lynchburg'),(246,'Vacaville',6,1,NULL,0,0,'published','2023-10-22 04:15:25','2023-10-22 04:15:25','vacaville'),(247,'Laredo',51,1,NULL,0,0,'published','2023-10-22 04:15:25','2023-10-22 04:15:25','laredo'),(248,'El Cajon',6,1,NULL,0,0,'published','2023-10-22 04:15:25','2023-10-22 04:15:25','el-cajon'),(249,'Cicero',17,1,NULL,0,0,'published','2023-10-22 04:15:25','2023-10-22 04:15:25','cicero'),(250,'Rio Rancho',36,1,NULL,0,0,'published','2023-10-22 04:15:25','2023-10-22 04:15:25','rio-rancho'),(251,'Marysville',56,1,NULL,0,0,'published','2023-10-22 04:15:26','2023-10-22 04:15:26','marysville'),(252,'Alhambra',6,1,NULL,0,0,'published','2023-10-22 04:15:26','2023-10-22 04:15:26','alhambra'),(253,'Carson',6,1,NULL,0,0,'published','2023-10-22 04:15:26','2023-10-22 04:15:26','carson'),(254,'Citrus Heights',6,1,NULL,0,0,'published','2023-10-22 04:15:26','2023-10-22 04:15:26','citrus-heights'),(255,'North Little Rock',5,1,NULL,0,0,'published','2023-10-22 04:15:26','2023-10-22 04:15:26','north-little-rock'),(256,'Atascocita',51,1,NULL,0,0,'published','2023-10-22 04:15:26','2023-10-22 04:15:26','atascocita'),(257,'Erie',45,1,NULL,0,0,'published','2023-10-22 04:15:26','2023-10-22 04:15:26','erie'),(258,'Fresno',6,1,NULL,0,0,'published','2023-10-22 04:15:26','2023-10-22 04:15:26','fresno'),(259,'High Point',38,1,NULL,0,0,'published','2023-10-22 04:15:26','2023-10-22 04:15:26','high-point'),(260,'Pearland',51,1,NULL,0,0,'published','2023-10-22 04:15:26','2023-10-22 04:15:26','pearland'),(261,'Denton',51,1,NULL,0,0,'published','2023-10-22 04:15:26','2023-10-22 04:15:26','denton'),(262,'San Bernardino',6,1,NULL,0,0,'published','2023-10-22 04:15:26','2023-10-22 04:15:26','san-bernardino'),(263,'Mesquite',51,1,NULL,0,0,'published','2023-10-22 04:15:26','2023-10-22 04:15:26','mesquite'),(264,'Sioux Falls',49,1,NULL,0,0,'published','2023-10-22 04:15:26','2023-10-22 04:15:26','sioux-falls'),(265,'Charleston',48,1,NULL,0,0,'published','2023-10-22 04:15:26','2023-10-22 04:15:26','charleston'),(266,'Redwood City',6,1,NULL,0,0,'published','2023-10-22 04:15:26','2023-10-22 04:15:26','redwood-city'),(267,'Paradise',33,1,NULL,0,0,'published','2023-10-22 04:15:26','2023-10-22 04:15:26','paradise'),(268,'Upland',6,1,NULL,0,0,'published','2023-10-22 04:15:26','2023-10-22 04:15:26','upland'),(269,'Paterson',35,1,NULL,0,0,'published','2023-10-22 04:15:26','2023-10-22 04:15:26','paterson'),(270,'Pasco',56,1,NULL,0,0,'published','2023-10-22 04:15:26','2023-10-22 04:15:26','pasco'),(271,'Schenectady',37,1,NULL,0,0,'published','2023-10-22 04:15:26','2023-10-22 04:15:26','schenectady'),(272,'Worcester',26,1,NULL,0,0,'published','2023-10-22 04:15:26','2023-10-22 04:15:26','worcester'),(273,'Pembroke Pines',12,1,NULL,0,0,'published','2023-10-22 04:15:26','2023-10-22 04:15:26','pembroke-pines'),(274,'West Covina',6,1,NULL,0,0,'published','2023-10-22 04:15:26','2023-10-22 04:15:26','west-covina'),(275,'Raleigh',38,1,NULL,0,0,'published','2023-10-22 04:15:26','2023-10-22 04:15:26','raleigh'),(276,'Compton',6,1,NULL,0,0,'published','2023-10-22 04:15:26','2023-10-22 04:15:26','compton'),(277,'Amarillo',51,1,NULL,0,0,'published','2023-10-22 04:15:26','2023-10-22 04:15:26','amarillo'),(278,'Glendale',4,1,NULL,0,0,'published','2023-10-22 04:15:26','2023-10-22 04:15:26','glendale'),(279,'Broken Arrow',42,1,NULL,0,0,'published','2023-10-22 04:15:26','2023-10-22 04:15:26','broken-arrow'),(280,'Hartford',8,1,NULL,0,0,'published','2023-10-22 04:15:26','2023-10-22 04:15:26','hartford'),(281,'Warwick',47,1,NULL,0,0,'published','2023-10-22 04:15:26','2023-10-22 04:15:27','warwick'),(282,'Charlotte',38,1,NULL,0,0,'published','2023-10-22 04:15:27','2023-10-22 04:15:27','charlotte'),(283,'Jersey City',35,1,NULL,0,0,'published','2023-10-22 04:15:27','2023-10-22 04:15:27','jersey-city'),(284,'Long Beach',6,1,NULL,0,0,'published','2023-10-22 04:15:27','2023-10-22 04:15:27','long-beach'),(285,'Spokane Valley',56,1,NULL,0,0,'published','2023-10-22 04:15:27','2023-10-22 04:15:27','spokane-valley'),(286,'Mayagüez',46,1,NULL,0,0,'published','2023-10-22 04:15:27','2023-10-22 04:15:27','mayaguez'),(287,'San Diego',6,1,NULL,0,0,'published','2023-10-22 04:15:27','2023-10-22 04:15:27','san-diego'),(288,'Chandler',4,1,NULL,0,0,'published','2023-10-22 04:15:27','2023-10-22 04:15:27','chandler'),(289,'Pine Hills',12,1,NULL,0,0,'published','2023-10-22 04:15:27','2023-10-22 04:15:27','pine-hills'),(290,'Tulsa',42,1,NULL,0,0,'published','2023-10-22 04:15:27','2023-10-22 04:15:27','tulsa'),(291,'Hawthorne',6,1,NULL,0,0,'published','2023-10-22 04:15:27','2023-10-22 04:15:27','hawthorne'),(292,'Portland',43,1,NULL,0,0,'published','2023-10-22 04:15:27','2023-10-22 04:15:27','portland'),(293,'Sunrise Manor',33,1,NULL,0,0,'published','2023-10-22 04:15:27','2023-10-22 04:15:27','sunrise-manor'),(294,'Longmont',7,1,NULL,0,0,'published','2023-10-22 04:15:27','2023-10-22 04:15:27','longmont'),(295,'Arden-Arcade',6,1,NULL,0,0,'published','2023-10-22 04:15:27','2023-10-22 04:15:27','arden-arcade'),(296,'Anchorage',2,1,NULL,0,0,'published','2023-10-22 04:15:27','2023-10-22 04:15:27','anchorage'),(297,'Missoula',31,1,NULL,0,0,'published','2023-10-22 04:15:27','2023-10-22 04:15:27','missoula'),(298,'Newton',26,1,NULL,0,0,'published','2023-10-22 04:15:27','2023-10-22 04:15:27','newton'),(299,'Cincinnati',41,1,NULL,0,0,'published','2023-10-22 04:15:27','2023-10-22 04:15:27','cincinnati'),(300,'Santa Rosa',6,1,NULL,0,0,'published','2023-10-22 04:15:27','2023-10-22 04:15:27','santa-rosa'),(301,'Centennial',7,1,NULL,0,0,'published','2023-10-22 04:15:27','2023-10-22 04:15:27','centennial'),(302,'New Braunfels',51,1,NULL,0,0,'published','2023-10-22 04:15:27','2023-10-22 04:15:27','new-braunfels'),(303,'Elk Grove',6,1,NULL,0,0,'published','2023-10-22 04:15:27','2023-10-22 04:15:27','elk-grove'),(304,'Norfolk',55,1,NULL,0,0,'published','2023-10-22 04:15:27','2023-10-22 04:15:27','norfolk'),(305,'Pompano Beach',12,1,NULL,0,0,'published','2023-10-22 04:15:27','2023-10-22 04:15:27','pompano-beach'),(306,'Redondo Beach',6,1,NULL,0,0,'published','2023-10-22 04:15:27','2023-10-22 04:15:27','redondo-beach'),(307,'Jackson',29,1,NULL,0,0,'published','2023-10-22 04:15:27','2023-10-22 04:15:27','jackson'),(308,'Casas Adobes',4,1,NULL,0,0,'published','2023-10-22 04:15:27','2023-10-22 04:15:27','casas-adobes'),(309,'Gilbert',4,1,NULL,0,0,'published','2023-10-22 04:15:27','2023-10-22 04:15:27','gilbert'),(310,'Santa Clara',6,1,NULL,0,0,'published','2023-10-22 04:15:27','2023-10-22 04:15:27','santa-clara'),(311,'Maple Grove',28,1,NULL,0,0,'published','2023-10-22 04:15:27','2023-10-22 04:15:27','maple-grove'),(312,'Davie',12,1,NULL,0,0,'published','2023-10-22 04:15:27','2023-10-22 04:15:27','davie'),(313,'Victoria',51,1,NULL,0,0,'published','2023-10-22 04:15:27','2023-10-22 04:15:27','victoria'),(314,'Ames',19,1,NULL,0,0,'published','2023-10-22 04:15:27','2023-10-22 04:15:27','ames'),(315,'Trenton',35,1,NULL,0,0,'published','2023-10-22 04:15:27','2023-10-22 04:15:27','trenton'),(316,'Sunrise',12,1,NULL,0,0,'published','2023-10-22 04:15:27','2023-10-22 04:15:27','sunrise'),(317,'Odessa',51,1,NULL,0,0,'published','2023-10-22 04:15:27','2023-10-22 04:15:27','odessa'),(318,'Olathe',20,1,NULL,0,0,'published','2023-10-22 04:15:27','2023-10-22 04:15:27','olathe'),(319,'Urban Honolulu',15,1,NULL,0,0,'published','2023-10-22 04:15:27','2023-10-22 04:15:27','urban-honolulu'),(320,'Davenport',19,1,NULL,0,0,'published','2023-10-22 04:15:27','2023-10-22 04:15:27','davenport'),(321,'San Juan',46,1,NULL,0,0,'published','2023-10-22 04:15:27','2023-10-22 04:15:27','san-juan'),(322,'Milpitas',6,1,NULL,0,0,'published','2023-10-22 04:15:27','2023-10-22 04:15:27','milpitas'),(323,'McAllen',51,1,NULL,0,0,'published','2023-10-22 04:15:27','2023-10-22 04:15:27','mcallen'),(324,'Missouri City',51,1,NULL,0,0,'published','2023-10-22 04:15:28','2023-10-22 04:15:28','missouri-city'),(325,'Kissimmee',12,1,NULL,0,0,'published','2023-10-22 04:15:28','2023-10-22 04:15:28','kissimmee'),(326,'Hammond',18,1,NULL,0,0,'published','2023-10-22 04:15:28','2023-10-22 04:15:28','hammond'),(327,'Elgin',17,1,NULL,0,0,'published','2023-10-22 04:15:28','2023-10-22 04:15:28','elgin'),(328,'Passaic',35,1,NULL,0,0,'published','2023-10-22 04:15:28','2023-10-22 04:15:28','passaic'),(329,'East Orange',35,1,NULL,0,0,'published','2023-10-22 04:15:28','2023-10-22 04:15:28','east-orange'),(330,'Houston',51,1,NULL,0,0,'published','2023-10-22 04:15:28','2023-10-22 04:15:28','houston'),(331,'Alameda',6,1,NULL,0,0,'published','2023-10-22 04:15:28','2023-10-22 04:15:28','alameda'),(332,'Arlington Heights',17,1,NULL,0,0,'published','2023-10-22 04:15:28','2023-10-22 04:15:28','arlington-heights'),(333,'Waco',51,1,NULL,0,0,'published','2023-10-22 04:15:28','2023-10-22 04:15:28','waco'),(334,'Oklahoma City',42,1,NULL,0,0,'published','2023-10-22 04:15:28','2023-10-22 04:15:28','oklahoma-city'),(335,'South Gate',6,1,NULL,0,0,'published','2023-10-22 04:15:28','2023-10-22 04:15:28','south-gate'),(336,'Appleton',58,1,NULL,0,0,'published','2023-10-22 04:15:28','2023-10-22 04:15:28','appleton'),(337,'San Ramon',6,1,NULL,0,0,'published','2023-10-22 04:15:28','2023-10-22 04:15:28','san-ramon'),(338,'Ellicott City',25,1,NULL,0,0,'published','2023-10-22 04:15:28','2023-10-22 04:15:28','ellicott-city'),(339,'Durham',38,1,NULL,0,0,'published','2023-10-22 04:15:28','2023-10-22 04:15:28','durham'),(340,'League City',51,1,NULL,0,0,'published','2023-10-22 04:15:28','2023-10-22 04:15:28','league-city'),(341,'Killeen',51,1,NULL,0,0,'published','2023-10-22 04:15:28','2023-10-22 04:15:28','killeen'),(342,'Arvada',7,1,NULL,0,0,'published','2023-10-22 04:15:28','2023-10-22 04:15:28','arvada'),(343,'Folsom',6,1,NULL,0,0,'published','2023-10-22 04:15:28','2023-10-22 04:15:28','folsom'),(344,'Clearwater',12,1,NULL,0,0,'published','2023-10-22 04:15:28','2023-10-22 04:15:28','clearwater'),(345,'Cranston',47,1,NULL,0,0,'published','2023-10-22 04:15:28','2023-10-22 04:15:28','cranston'),(346,'Beaumont',51,1,NULL,0,0,'published','2023-10-22 04:15:28','2023-10-22 04:15:28','beaumont'),(347,'Avondale',4,1,NULL,0,0,'published','2023-10-22 04:15:28','2023-10-22 04:15:28','avondale'),(348,'Eau Claire',58,1,NULL,0,0,'published','2023-10-22 04:15:28','2023-10-22 04:15:28','eau-claire'),(349,'Beaverton',43,1,NULL,0,0,'published','2023-10-22 04:15:28','2023-10-22 04:15:28','beaverton'),(350,'Virginia Beach',55,1,NULL,0,0,'published','2023-10-22 04:15:28','2023-10-22 04:15:28','virginia-beach'),(351,'Stamford',8,1,NULL,0,0,'published','2023-10-22 04:15:28','2023-10-22 04:15:28','stamford'),(352,'Bellevue',56,1,NULL,0,0,'published','2023-10-22 04:15:28','2023-10-22 04:15:28','bellevue'),(353,'Hollywood',12,1,NULL,0,0,'published','2023-10-22 04:15:28','2023-10-22 04:15:28','hollywood'),(354,'Saint Joseph',30,1,NULL,0,0,'published','2023-10-22 04:15:28','2023-10-22 04:15:29','saint-joseph'),(355,'Thornton',7,1,NULL,0,0,'published','2023-10-22 04:15:29','2023-10-22 04:15:29','thornton'),(356,'Toledo',41,1,NULL,0,0,'published','2023-10-22 04:15:29','2023-10-22 04:15:29','toledo'),(357,'Akron',41,1,NULL,0,0,'published','2023-10-22 04:15:29','2023-10-22 04:15:29','akron'),(358,'Gaithersburg',25,1,NULL,0,0,'published','2023-10-22 04:15:29','2023-10-22 04:15:29','gaithersburg'),(359,'Roseville',6,1,NULL,0,0,'published','2023-10-22 04:15:29','2023-10-22 04:15:29','roseville'),(360,'Pittsburgh',45,1,NULL,0,0,'published','2023-10-22 04:15:29','2023-10-22 04:15:29','pittsburgh'),(361,'Sparks',33,1,NULL,0,0,'published','2023-10-22 04:15:29','2023-10-22 04:15:29','sparks'),(362,'Brooklyn Park',28,1,NULL,0,0,'published','2023-10-22 04:15:29','2023-10-22 04:15:29','brooklyn-park'),(363,'Rock Hill',48,1,NULL,0,0,'published','2023-10-22 04:15:29','2023-10-22 04:15:29','rock-hill'),(364,'San Buenaventura',6,1,NULL,0,0,'published','2023-10-22 04:15:29','2023-10-22 04:15:29','san-buenaventura'),(365,'Lynn',26,1,NULL,0,0,'published','2023-10-22 04:15:29','2023-10-22 04:15:29','lynn'),(366,'Port Saint Lucie',12,1,NULL,0,0,'published','2023-10-22 04:15:29','2023-10-22 04:15:29','port-saint-lucie'),(367,'Washington',10,1,NULL,0,0,'published','2023-10-22 04:15:29','2023-10-22 04:15:29','washington'),(368,'Tustin',6,1,NULL,0,0,'published','2023-10-22 04:15:29','2023-10-22 04:15:29','tustin'),(369,'Lynwood',6,1,NULL,0,0,'published','2023-10-22 04:15:29','2023-10-22 04:15:29','lynwood'),(370,'Lexington-Fayette  county',21,1,NULL,0,0,'published','2023-10-22 04:15:29','2023-10-22 04:15:29','lexington-fayette-county'),(371,'Las Cruces',36,1,NULL,0,0,'published','2023-10-22 04:15:29','2023-10-22 04:15:29','las-cruces'),(372,'North Charleston',48,1,NULL,0,0,'published','2023-10-22 04:15:29','2023-10-22 04:15:29','north-charleston'),(373,'Miramar',12,1,NULL,0,0,'published','2023-10-22 04:15:29','2023-10-22 04:15:29','miramar'),(374,'Miami Gardens',12,1,NULL,0,0,'published','2023-10-22 04:15:29','2023-10-22 04:15:29','miami-gardens'),(375,'Rochester Hills',27,1,NULL,0,0,'published','2023-10-22 04:15:29','2023-10-22 04:15:29','rochester-hills'),(376,'Indio',6,1,NULL,0,0,'published','2023-10-22 04:15:29','2023-10-22 04:15:29','indio'),(377,'Racine',58,1,NULL,0,0,'published','2023-10-22 04:15:29','2023-10-22 04:15:29','racine'),(378,'Boynton Beach',12,1,NULL,0,0,'published','2023-10-22 04:15:29','2023-10-22 04:15:29','boynton-beach'),(379,'Alexandria',55,1,NULL,0,0,'published','2023-10-22 04:15:29','2023-10-22 04:15:29','alexandria'),(380,'San Francisco',6,1,NULL,0,0,'published','2023-10-22 04:15:29','2023-10-22 04:15:29','san-francisco'),(381,'Cheektowaga',37,1,NULL,0,0,'published','2023-10-22 04:15:29','2023-10-22 04:15:29','cheektowaga'),(382,'Deerfield Beach',12,1,NULL,0,0,'published','2023-10-22 04:15:29','2023-10-22 04:15:29','deerfield-beach'),(383,'Miami',12,1,NULL,0,0,'published','2023-10-22 04:15:29','2023-10-22 04:15:29','miami'),(384,'Medford',43,1,NULL,0,0,'published','2023-10-22 04:15:29','2023-10-22 04:15:29','medford'),(385,'Ogden',52,1,NULL,0,0,'published','2023-10-22 04:15:29','2023-10-22 04:15:29','ogden'),(386,'San Clemente',6,1,NULL,0,0,'published','2023-10-22 04:15:29','2023-10-22 04:15:29','san-clemente'),(387,'Orange',6,1,NULL,0,0,'published','2023-10-22 04:15:29','2023-10-22 04:15:29','orange'),(388,'Bridgeport',8,1,NULL,0,0,'published','2023-10-22 04:15:29','2023-10-22 04:15:29','bridgeport'),(389,'Pleasanton',6,1,NULL,0,0,'published','2023-10-22 04:15:29','2023-10-22 04:15:29','pleasanton'),(390,'Lake Charles',22,1,NULL,0,0,'published','2023-10-22 04:15:29','2023-10-22 04:15:29','lake-charles'),(391,'Thousand Oaks',6,1,NULL,0,0,'published','2023-10-22 04:15:29','2023-10-22 04:15:29','thousand-oaks'),(392,'Chico',6,1,NULL,0,0,'published','2023-10-22 04:15:29','2023-10-22 04:15:29','chico'),(393,'Goodyear',4,1,NULL,0,0,'published','2023-10-22 04:15:29','2023-10-22 04:15:29','goodyear'),(394,'Kent',56,1,NULL,0,0,'published','2023-10-22 04:15:29','2023-10-22 04:15:29','kent'),(395,'Plantation',12,1,NULL,0,0,'published','2023-10-22 04:15:29','2023-10-22 04:15:29','plantation'),(396,'Gary',18,1,NULL,0,0,'published','2023-10-22 04:15:29','2023-10-22 04:15:29','gary'),(397,'Sugar Land',51,1,NULL,0,0,'published','2023-10-22 04:15:29','2023-10-22 04:15:29','sugar-land'),(398,'Silver Spring',25,1,NULL,0,0,'published','2023-10-22 04:15:29','2023-10-22 04:15:29','silver-spring'),(399,'El Paso',51,1,NULL,0,0,'published','2023-10-22 04:15:29','2023-10-22 04:15:29','el-paso'),(400,'Winston-Salem',38,1,NULL,0,0,'published','2023-10-22 04:15:29','2023-10-22 04:15:29','winston-salem'),(401,'Lincoln',32,1,NULL,0,0,'published','2023-10-22 04:15:29','2023-10-22 04:15:29','lincoln'),(402,'Renton',56,1,NULL,0,0,'published','2023-10-22 04:15:29','2023-10-22 04:15:29','renton'),(403,'Gainesville',12,1,NULL,0,0,'published','2023-10-22 04:15:29','2023-10-22 04:15:29','gainesville'),(404,'Sacramento',6,1,NULL,0,0,'published','2023-10-22 04:15:29','2023-10-22 04:15:30','sacramento'),(405,'Simi Valley',6,1,NULL,0,0,'published','2023-10-22 04:15:30','2023-10-22 04:15:30','simi-valley'),(406,'Wilmington',9,1,NULL,0,0,'published','2023-10-22 04:15:30','2023-10-22 04:15:30','wilmington'),(407,'Wichita',20,1,NULL,0,0,'published','2023-10-22 04:15:30','2023-10-22 04:15:30','wichita'),(408,'Allen',45,1,NULL,0,0,'published','2023-10-22 04:15:30','2023-10-22 04:15:30','allen'),(409,'Danbury',8,1,NULL,0,0,'published','2023-10-22 04:15:30','2023-10-22 04:15:30','danbury'),(410,'Provo',52,1,NULL,0,0,'published','2023-10-22 04:15:30','2023-10-22 04:15:30','provo'),(411,'San Marcos',6,1,NULL,0,0,'published','2023-10-22 04:15:30','2023-10-22 04:15:30','san-marcos'),(412,'Escondido',6,1,NULL,0,0,'published','2023-10-22 04:15:30','2023-10-22 04:15:30','escondido'),(413,'Caguas',46,1,NULL,0,0,'published','2023-10-22 04:15:30','2023-10-22 04:15:30','caguas'),(414,'Spokane',56,1,NULL,0,0,'published','2023-10-22 04:15:30','2023-10-22 04:15:30','spokane'),(415,'Auburn',56,1,NULL,0,0,'published','2023-10-22 04:15:30','2023-10-22 04:15:30','auburn'),(416,'Surprise',4,1,NULL,0,0,'published','2023-10-22 04:15:30','2023-10-22 04:15:30','surprise'),(417,'Louisville/Jefferson County metro government',21,1,NULL,0,0,'published','2023-10-22 04:15:30','2023-10-22 04:15:30','louisvillejefferson-county-metro-government'),(418,'Spring Valley',33,1,NULL,0,0,'published','2023-10-22 04:15:30','2023-10-22 04:15:30','spring-valley'),(419,'Yakima',56,1,NULL,0,0,'published','2023-10-22 04:15:30','2023-10-22 04:15:30','yakima'),(420,'Clifton',35,1,NULL,0,0,'published','2023-10-22 04:15:30','2023-10-22 04:15:30','clifton'),(421,'Farmington Hills',27,1,NULL,0,0,'published','2023-10-22 04:15:30','2023-10-22 04:15:30','farmington-hills'),(422,'Napa',6,1,NULL,0,0,'published','2023-10-22 04:15:30','2023-10-22 04:15:30','napa'),(423,'Irving',51,1,NULL,0,0,'published','2023-10-22 04:15:30','2023-10-22 04:15:30','irving'),(424,'Chula Vista',6,1,NULL,0,0,'published','2023-10-22 04:15:30','2023-10-22 04:15:30','chula-vista'),(425,'Salinas',6,1,NULL,0,0,'published','2023-10-22 04:15:30','2023-10-22 04:15:30','salinas'),(426,'Pasadena',6,1,NULL,0,0,'published','2023-10-22 04:15:30','2023-10-22 04:15:30','pasadena'),(427,'Newport News',55,1,NULL,0,0,'published','2023-10-22 04:15:30','2023-10-22 04:15:30','newport-news'),(428,'Miami Beach',12,1,NULL,0,0,'published','2023-10-22 04:15:30','2023-10-22 04:15:30','miami-beach'),(429,'Tempe',4,1,NULL,0,0,'published','2023-10-22 04:15:30','2023-10-22 04:15:30','tempe'),(430,'Sterling Heights',27,1,NULL,0,0,'published','2023-10-22 04:15:30','2023-10-22 04:15:30','sterling-heights'),(431,'Hialeah',12,1,NULL,0,0,'published','2023-10-22 04:15:30','2023-10-22 04:15:30','hialeah'),(432,'Gulfport',29,1,NULL,0,0,'published','2023-10-22 04:15:30','2023-10-22 04:15:30','gulfport'),(433,'Tuscaloosa',1,1,NULL,0,0,'published','2023-10-22 04:15:30','2023-10-22 04:15:30','tuscaloosa'),(434,'Plymouth',28,1,NULL,0,0,'published','2023-10-22 04:15:30','2023-10-22 04:15:30','plymouth'),(435,'Bakersfield',6,1,NULL,0,0,'published','2023-10-22 04:15:30','2023-10-22 04:15:30','bakersfield'),(436,'Mount Vernon',37,1,NULL,0,0,'published','2023-10-22 04:15:30','2023-10-22 04:15:30','mount-vernon'),(437,'Fishers',18,1,NULL,0,0,'published','2023-10-22 04:15:30','2023-10-22 04:15:30','fishers'),(438,'Santa Maria',6,1,NULL,0,0,'published','2023-10-22 04:15:30','2023-10-22 04:15:30','santa-maria'),(439,'The Villages',12,1,NULL,0,0,'published','2023-10-22 04:15:30','2023-10-22 04:15:30','the-villages'),(440,'Oxnard',6,1,NULL,0,0,'published','2023-10-22 04:15:30','2023-10-22 04:15:30','oxnard'),(441,'Gastonia',38,1,NULL,0,0,'published','2023-10-22 04:15:30','2023-10-22 04:15:30','gastonia'),(442,'Deltona',12,1,NULL,0,0,'published','2023-10-22 04:15:30','2023-10-22 04:15:30','deltona'),(443,'Greenville',38,1,NULL,0,0,'published','2023-10-22 04:15:30','2023-10-22 04:15:30','greenville'),(444,'Salt Lake City',52,1,NULL,0,0,'published','2023-10-22 04:15:30','2023-10-22 04:15:30','salt-lake-city'),(445,'Homestead',12,1,NULL,0,0,'published','2023-10-22 04:15:30','2023-10-22 04:15:30','homestead'),(446,'Waukegan',17,1,NULL,0,0,'published','2023-10-22 04:15:30','2023-10-22 04:15:30','waukegan'),(447,'Topeka',20,1,NULL,0,0,'published','2023-10-22 04:15:30','2023-10-22 04:15:30','topeka'),(448,'Clarksville',50,1,NULL,0,0,'published','2023-10-22 04:15:30','2023-10-22 04:15:30','clarksville'),(449,'Franklin',50,1,NULL,0,0,'published','2023-10-22 04:15:30','2023-10-22 04:15:30','franklin'),(450,'Little Rock',5,1,NULL,0,0,'published','2023-10-22 04:15:31','2023-10-22 04:15:31','little-rock'),(451,'Tallahassee',12,1,NULL,0,0,'published','2023-10-22 04:15:31','2023-10-22 04:15:31','tallahassee'),(452,'Cambridge',26,1,NULL,0,0,'published','2023-10-22 04:15:31','2023-10-22 04:15:31','cambridge'),(453,'Skokie',17,1,NULL,0,0,'published','2023-10-22 04:15:31','2023-10-22 04:15:31','skokie'),(454,'New York',37,1,NULL,0,0,'published','2023-10-22 04:15:31','2023-10-22 04:15:31','new-york'),(455,'Modesto',6,1,NULL,0,0,'published','2023-10-22 04:15:31','2023-10-22 04:15:31','modesto'),(456,'Dallas',51,1,NULL,0,0,'published','2023-10-22 04:15:31','2023-10-22 04:15:31','dallas'),(457,'Baldwin Park',6,1,NULL,0,0,'published','2023-10-22 04:15:31','2023-10-22 04:15:31','baldwin-park'),(458,'Hesperia',6,1,NULL,0,0,'published','2023-10-22 04:15:31','2023-10-22 04:15:31','hesperia'),(459,'East Los Angeles',6,1,NULL,0,0,'published','2023-10-22 04:15:31','2023-10-22 04:15:31','east-los-angeles'),(460,'Whittier',6,1,NULL,0,0,'published','2023-10-22 04:15:31','2023-10-22 04:15:31','whittier'),(461,'Lauderhill',12,1,NULL,0,0,'published','2023-10-22 04:15:31','2023-10-22 04:15:31','lauderhill'),(462,'Huntington Beach',6,1,NULL,0,0,'published','2023-10-22 04:15:31','2023-10-22 04:15:31','huntington-beach'),(463,'Carmel',18,1,NULL,0,0,'published','2023-10-22 04:15:31','2023-10-22 04:15:31','carmel'),(464,'Bellingham',56,1,NULL,0,0,'published','2023-10-22 04:15:31','2023-10-22 04:15:31','bellingham'),(465,'Delray Beach',12,1,NULL,0,0,'published','2023-10-22 04:15:31','2023-10-22 04:15:31','delray-beach'),(466,'Seattle',56,1,NULL,0,0,'published','2023-10-22 04:15:31','2023-10-22 04:15:31','seattle'),(467,'Suffolk',55,1,NULL,0,0,'published','2023-10-22 04:15:31','2023-10-22 04:15:31','suffolk'),(468,'Omaha',32,1,NULL,0,0,'published','2023-10-22 04:15:31','2023-10-22 04:15:31','omaha'),(469,'Champaign',17,1,NULL,0,0,'published','2023-10-22 04:15:31','2023-10-22 04:15:31','champaign'),(470,'Vancouver',56,1,NULL,0,0,'published','2023-10-22 04:15:31','2023-10-22 04:15:31','vancouver'),(471,'Meridian',16,1,NULL,0,0,'published','2023-10-22 04:15:31','2023-10-22 04:15:31','meridian'),(472,'Saint Charles',30,1,NULL,0,0,'published','2023-10-22 04:15:31','2023-10-22 04:15:31','saint-charles'),(473,'Inglewood',6,1,NULL,0,0,'published','2023-10-22 04:15:31','2023-10-22 04:15:31','inglewood'),(474,'Harlingen',51,1,NULL,0,0,'published','2023-10-22 04:15:31','2023-10-22 04:15:31','harlingen'),(475,'Austin',51,1,NULL,0,0,'published','2023-10-22 04:15:31','2023-10-22 04:15:31','austin'),(476,'San Jose',6,1,NULL,0,0,'published','2023-10-22 04:15:31','2023-10-22 04:15:31','san-jose'),(477,'Melbourne',12,1,NULL,0,0,'published','2023-10-22 04:15:31','2023-10-22 04:15:31','melbourne'),(478,'Tyler',51,1,NULL,0,0,'published','2023-10-22 04:15:31','2023-10-22 04:15:31','tyler'),(479,'Greeley',7,1,NULL,0,0,'published','2023-10-22 04:15:31','2023-10-22 04:15:31','greeley'),(480,'West Jordan',52,1,NULL,0,0,'published','2023-10-22 04:15:31','2023-10-22 04:15:31','west-jordan'),(481,'Perris',6,1,NULL,0,0,'published','2023-10-22 04:15:31','2023-10-22 04:15:31','perris'),(482,'Johnson City',50,1,NULL,0,0,'published','2023-10-22 04:15:31','2023-10-22 04:15:31','johnson-city'),(483,'New Orleans',22,1,NULL,0,0,'published','2023-10-22 04:15:31','2023-10-22 04:15:31','new-orleans'),(484,'Chattanooga',50,1,NULL,0,0,'published','2023-10-22 04:15:31','2023-10-22 04:15:31','chattanooga'),(485,'San Angelo',51,1,NULL,0,0,'published','2023-10-22 04:15:31','2023-10-22 04:15:31','san-angelo'),(486,'Syracuse',37,1,NULL,0,0,'published','2023-10-22 04:15:31','2023-10-22 04:15:31','syracuse'),(487,'Ann Arbor',27,1,NULL,0,0,'published','2023-10-22 04:15:31','2023-10-22 04:15:31','ann-arbor'),(488,'Visalia',6,1,NULL,0,0,'published','2023-10-22 04:15:31','2023-10-22 04:15:31','visalia'),(489,'Naperville',17,1,NULL,0,0,'published','2023-10-22 04:15:32','2023-10-22 04:15:32','naperville'),(490,'Scottsdale',4,1,NULL,0,0,'published','2023-10-22 04:15:32','2023-10-22 04:15:32','scottsdale'),(491,'Lowell',26,1,NULL,0,0,'published','2023-10-22 04:15:32','2023-10-22 04:15:32','lowell'),(492,'Mission Viejo',6,1,NULL,0,0,'published','2023-10-22 04:15:32','2023-10-22 04:15:32','mission-viejo'),(493,'New Rochelle',37,1,NULL,0,0,'published','2023-10-22 04:15:32','2023-10-22 04:15:32','new-rochelle'),(494,'Manteca',6,1,NULL,0,0,'published','2023-10-22 04:15:32','2023-10-22 04:15:32','manteca'),(495,'Florence-Graham',6,1,NULL,0,0,'published','2023-10-22 04:15:32','2023-10-22 04:15:32','florence-graham'),(496,'Brandon',12,1,NULL,0,0,'published','2023-10-22 04:15:32','2023-10-22 04:15:32','brandon'),(497,'North Richland Hills',51,1,NULL,0,0,'published','2023-10-22 04:15:32','2023-10-22 04:15:32','north-richland-hills'),(498,'Murfreesboro',50,1,NULL,0,0,'published','2023-10-22 04:15:32','2023-10-22 04:15:32','murfreesboro'),(499,'Enterprise',33,1,NULL,0,0,'published','2023-10-22 04:15:32','2023-10-22 04:15:32','enterprise'),(500,'Nashua',34,1,NULL,0,0,'published','2023-10-22 04:15:32','2023-10-22 04:15:32','nashua'),(501,'Rialto',6,1,NULL,0,0,'published','2023-10-22 04:15:32','2023-10-22 04:15:32','rialto'),(502,'Rockford',17,1,NULL,0,0,'published','2023-10-22 04:15:32','2023-10-22 04:15:32','rockford'),(503,'San Mateo',6,1,NULL,0,0,'published','2023-10-22 04:15:32','2023-10-22 04:15:32','san-mateo'),(504,'Pueblo',7,1,NULL,0,0,'published','2023-10-22 04:15:32','2023-10-22 04:15:32','pueblo'),(505,'Spring Hill',12,1,NULL,0,0,'published','2023-10-22 04:15:32','2023-10-22 04:15:32','spring-hill'),(506,'Mountain View',6,1,NULL,0,0,'published','2023-10-22 04:15:32','2023-10-22 04:15:32','mountain-view'),(507,'Phoenix',4,1,NULL,0,0,'published','2023-10-22 04:15:32','2023-10-22 04:15:32','phoenix'),(508,'Dale City',55,1,NULL,0,0,'published','2023-10-22 04:15:32','2023-10-22 04:15:32','dale-city'),(509,'Santa Clarita',6,1,NULL,0,0,'published','2023-10-22 04:15:32','2023-10-22 04:15:32','santa-clarita'),(510,'Hillsboro',43,1,NULL,0,0,'published','2023-10-22 04:15:32','2023-10-22 04:15:32','hillsboro'),(511,'Buena Park',6,1,NULL,0,0,'published','2023-10-22 04:15:32','2023-10-22 04:15:32','buena-park'),(512,'Oshkosh',58,1,NULL,0,0,'published','2023-10-22 04:15:32','2023-10-22 04:15:32','oshkosh'),(513,'Pittsburg',6,1,NULL,0,0,'published','2023-10-22 04:15:32','2023-10-22 04:15:32','pittsburg'),(514,'Oceanside',6,1,NULL,0,0,'published','2023-10-22 04:15:32','2023-10-22 04:15:32','oceanside'),(515,'Highlands Ranch',7,1,NULL,0,0,'published','2023-10-22 04:15:33','2023-10-22 04:15:33','highlands-ranch'),(516,'Sioux City',19,1,NULL,0,0,'published','2023-10-22 04:15:33','2023-10-22 04:15:33','sioux-city'),(517,'Detroit',27,1,NULL,0,0,'published','2023-10-22 04:15:33','2023-10-22 04:15:33','detroit'),(518,'Rancho Cucamonga',6,1,NULL,0,0,'published','2023-10-22 04:15:33','2023-10-22 04:15:33','rancho-cucamonga'),(519,'Somerville',26,1,NULL,0,0,'published','2023-10-22 04:15:33','2023-10-22 04:15:33','somerville'),(520,'Framingham',26,1,NULL,0,0,'published','2023-10-22 04:15:33','2023-10-22 04:15:33','framingham'),(521,'New Bedford',26,1,NULL,0,0,'published','2023-10-22 04:15:33','2023-10-22 04:15:33','new-bedford'),(522,'Philadelphia',45,1,NULL,0,0,'published','2023-10-22 04:15:33','2023-10-22 04:15:33','philadelphia'),(523,'Eugene',43,1,NULL,0,0,'published','2023-10-22 04:15:33','2023-10-22 04:15:33','eugene'),(524,'Kenosha',58,1,NULL,0,0,'published','2023-10-22 04:15:33','2023-10-22 04:15:33','kenosha'),(525,'Bismarck',39,1,NULL,0,0,'published','2023-10-22 04:15:33','2023-10-22 04:15:33','bismarck'),(526,'Yorba Linda',6,1,NULL,0,0,'published','2023-10-22 04:15:33','2023-10-22 04:15:33','yorba-linda'),(527,'Carolina',46,1,NULL,0,0,'published','2023-10-22 04:15:34','2023-10-22 04:15:34','carolina'),(528,'Knoxville',50,1,NULL,0,0,'published','2023-10-22 04:15:34','2023-10-22 04:15:34','knoxville'),(529,'Hayward',6,1,NULL,0,0,'published','2023-10-22 04:15:34','2023-10-22 04:15:34','hayward'),(530,'Flagstaff',4,1,NULL,0,0,'published','2023-10-22 04:15:34','2023-10-22 04:15:34','flagstaff'),(531,'Wichita Falls',51,1,NULL,0,0,'published','2023-10-22 04:15:34','2023-10-22 04:15:34','wichita-falls'),(532,'Minneapolis',28,1,NULL,0,0,'published','2023-10-22 04:15:34','2023-10-22 04:15:34','minneapolis'),(533,'Canton',41,1,NULL,0,0,'published','2023-10-22 04:15:34','2023-10-22 04:15:34','canton'),(534,'Glen Burnie',25,1,NULL,0,0,'published','2023-10-22 04:15:34','2023-10-22 04:15:34','glen-burnie'),(535,'Laguna Niguel',6,1,NULL,0,0,'published','2023-10-22 04:15:34','2023-10-22 04:15:34','laguna-niguel'),(536,'Bethlehem',45,1,NULL,0,0,'published','2023-10-22 04:15:34','2023-10-22 04:15:34','bethlehem'),(537,'Palo Alto',6,1,NULL,0,0,'published','2023-10-22 04:15:34','2023-10-22 04:15:34','palo-alto'),(538,'Saint George',52,1,NULL,0,0,'published','2023-10-22 04:15:34','2023-10-22 04:15:34','saint-george'),(539,'Yuba City',6,1,NULL,0,0,'published','2023-10-22 04:15:34','2023-10-22 04:15:34','yuba-city'),(540,'El Monte',6,1,NULL,0,0,'published','2023-10-22 04:15:34','2023-10-22 04:15:34','el-monte'),(541,'Orlando',12,1,NULL,0,0,'published','2023-10-22 04:15:34','2023-10-22 04:15:34','orlando'),(542,'Stockton',6,1,NULL,0,0,'published','2023-10-22 04:15:34','2023-10-22 04:15:34','stockton'),(543,'Yuma',4,1,NULL,0,0,'published','2023-10-22 04:15:34','2023-10-22 04:15:34','yuma'),(544,'Indianapolis',18,1,NULL,0,0,'published','2023-10-22 04:15:34','2023-10-22 04:15:34','indianapolis'),(545,'Edinburg',51,1,NULL,0,0,'published','2023-10-22 04:15:35','2023-10-22 04:15:35','edinburg'),(546,'Warren',27,1,NULL,0,0,'published','2023-10-22 04:15:35','2023-10-22 04:15:35','warren'),(547,'Ontario',6,1,NULL,0,0,'published','2023-10-22 04:15:35','2023-10-22 04:15:35','ontario'),(548,'Kennewick',56,1,NULL,0,0,'published','2023-10-22 04:15:35','2023-10-22 04:15:35','kennewick'),(549,'Birmingham',1,1,NULL,0,0,'published','2023-10-22 04:15:35','2023-10-22 04:15:35','birmingham'),(550,'Rockville',25,1,NULL,0,0,'published','2023-10-22 04:15:35','2023-10-22 04:15:35','rockville'),(551,'Muncie',18,1,NULL,0,0,'published','2023-10-22 04:15:35','2023-10-22 04:15:35','muncie'),(552,'Overland Park',20,1,NULL,0,0,'published','2023-10-22 04:15:35','2023-10-22 04:15:35','overland-park'),(553,'Centreville',55,1,NULL,0,0,'published','2023-10-22 04:15:35','2023-10-22 04:15:35','centreville'),(554,'Santa Monica',6,1,NULL,0,0,'published','2023-10-22 04:15:35','2023-10-22 04:15:35','santa-monica'),(555,'Dayton',41,1,NULL,0,0,'published','2023-10-22 04:15:35','2023-10-22 04:15:35','dayton'),(556,'Salem',43,1,NULL,0,0,'published','2023-10-22 04:15:35','2023-10-22 04:15:35','salem'),(557,'Ponce',46,1,NULL,0,0,'published','2023-10-22 04:15:35','2023-10-22 04:15:35','ponce'),(558,'Pomona',6,1,NULL,0,0,'published','2023-10-22 04:15:35','2023-10-22 04:15:35','pomona'),(559,'Fall River',26,1,NULL,0,0,'published','2023-10-22 04:15:35','2023-10-22 04:15:35','fall-river'),(560,'Palatine',17,1,NULL,0,0,'published','2023-10-22 04:15:35','2023-10-22 04:15:35','palatine'),(561,'Bayamón',46,1,NULL,0,0,'published','2023-10-22 04:15:35','2023-10-22 04:15:35','bayamon'),(562,'South Bend',18,1,NULL,0,0,'published','2023-10-22 04:15:35','2023-10-22 04:15:35','south-bend'),(563,'Temple',51,1,NULL,0,0,'published','2023-10-22 04:15:35','2023-10-22 04:15:35','temple'),(564,'Denver',7,1,NULL,0,0,'published','2023-10-22 04:15:35','2023-10-22 04:15:35','denver'),(565,'Broomfield',7,1,NULL,0,0,'published','2023-10-22 04:15:35','2023-10-22 04:15:35','broomfield'),(566,'Walnut Creek',6,1,NULL,0,0,'published','2023-10-22 04:15:35','2023-10-22 04:15:35','walnut-creek'),(567,'Fort Myers',12,1,NULL,0,0,'published','2023-10-22 04:15:35','2023-10-22 04:15:35','fort-myers'),(568,'Airdrie',60,2,NULL,0,0,'published','2023-10-22 04:15:36','2023-10-22 04:15:36','airdrie'),(569,'Grande Prairie',60,2,NULL,0,0,'published','2023-10-22 04:15:36','2023-10-22 04:15:36','grande-prairie'),(570,'Red Deer',60,2,NULL,0,0,'published','2023-10-22 04:15:36','2023-10-22 04:15:36','red-deer'),(571,'Beaumont',60,2,NULL,0,0,'published','2023-10-22 04:15:36','2023-10-22 04:15:36','beaumont-alberta'),(572,'Hanna',60,2,NULL,0,0,'published','2023-10-22 04:15:36','2023-10-22 04:15:36','hanna'),(573,'St. Albert',60,2,NULL,0,0,'published','2023-10-22 04:15:36','2023-10-22 04:15:36','st-albert'),(574,'Bonnyville',60,2,NULL,0,0,'published','2023-10-22 04:15:36','2023-10-22 04:15:36','bonnyville'),(575,'Hinton',60,2,NULL,0,0,'published','2023-10-22 04:15:36','2023-10-22 04:15:36','hinton'),(576,'Spruce Grove',60,2,NULL,0,0,'published','2023-10-22 04:15:36','2023-10-22 04:15:36','spruce-grove'),(577,'Brazeau',60,2,NULL,0,0,'published','2023-10-22 04:15:36','2023-10-22 04:15:36','brazeau'),(578,'Irricana',60,2,NULL,0,0,'published','2023-10-22 04:15:36','2023-10-22 04:15:36','irricana'),(579,'Strathcona County',60,2,NULL,0,0,'published','2023-10-22 04:15:36','2023-10-22 04:15:36','strathcona-county'),(580,'Breton',60,2,NULL,0,0,'published','2023-10-22 04:15:36','2023-10-22 04:15:36','breton'),(581,'Lacombe',60,2,NULL,0,0,'published','2023-10-22 04:15:36','2023-10-22 04:15:36','lacombe'),(582,'Strathmore',60,2,NULL,0,0,'published','2023-10-22 04:15:36','2023-10-22 04:15:36','strathmore'),(583,'Calgary',60,2,NULL,0,0,'published','2023-10-22 04:15:36','2023-10-22 04:15:36','calgary'),(584,'Leduc',60,2,NULL,0,0,'published','2023-10-22 04:15:36','2023-10-22 04:15:36','leduc'),(585,'Sylvan Lake',60,2,NULL,0,0,'published','2023-10-22 04:15:37','2023-10-22 04:15:37','sylvan-lake'),(586,'Camrose',60,2,NULL,0,0,'published','2023-10-22 04:15:37','2023-10-22 04:15:37','camrose'),(587,'Lethbridge',60,2,NULL,0,0,'published','2023-10-22 04:15:37','2023-10-22 04:15:37','lethbridge'),(588,'Swan Hills',60,2,NULL,0,0,'published','2023-10-22 04:15:37','2023-10-22 04:15:37','swan-hills'),(589,'Canmore',60,2,NULL,0,0,'published','2023-10-22 04:15:37','2023-10-22 04:15:37','canmore'),(590,'McLennan',60,2,NULL,0,0,'published','2023-10-22 04:15:37','2023-10-22 04:15:37','mclennan'),(591,'Taber',60,2,NULL,0,0,'published','2023-10-22 04:15:37','2023-10-22 04:15:37','taber'),(592,'Didzbury',60,2,NULL,0,0,'published','2023-10-22 04:15:37','2023-10-22 04:15:37','didzbury'),(593,'Medicine Hat',60,2,NULL,0,0,'published','2023-10-22 04:15:37','2023-10-22 04:15:37','medicine-hat'),(594,'Turner Valley',60,2,NULL,0,0,'published','2023-10-22 04:15:37','2023-10-22 04:15:37','turner-valley'),(595,'Drayton Valley',60,2,NULL,0,0,'published','2023-10-22 04:15:37','2023-10-22 04:15:37','drayton-valley'),(596,'Olds',60,2,NULL,0,0,'published','2023-10-22 04:15:37','2023-10-22 04:15:37','olds'),(597,'Vermillion',60,2,NULL,0,0,'published','2023-10-22 04:15:37','2023-10-22 04:15:37','vermillion'),(598,'Edmonton',60,2,NULL,0,0,'published','2023-10-22 04:15:37','2023-10-22 04:15:37','edmonton'),(599,'Onoway',60,2,NULL,0,0,'published','2023-10-22 04:15:37','2023-10-22 04:15:37','onoway'),(600,'Wood Buffalo',60,2,NULL,0,0,'published','2023-10-22 04:15:37','2023-10-22 04:15:37','wood-buffalo'),(601,'Ft. Saskatchewan',60,2,NULL,0,0,'published','2023-10-22 04:15:37','2023-10-22 04:15:37','ft-saskatchewan'),(602,'Provost',60,2,NULL,0,0,'published','2023-10-22 04:15:37','2023-10-22 04:15:37','provost'),(603,'Burnaby',61,2,NULL,0,0,'published','2023-10-22 04:15:37','2023-10-22 04:15:37','burnaby'),(604,'Lumby',61,2,NULL,0,0,'published','2023-10-22 04:15:37','2023-10-22 04:15:37','lumby'),(605,'City of Port Moody',61,2,NULL,0,0,'published','2023-10-22 04:15:37','2023-10-22 04:15:37','city-of-port-moody'),(606,'Cache Creek',61,2,NULL,0,0,'published','2023-10-22 04:15:37','2023-10-22 04:15:37','cache-creek'),(607,'Maple Ridge',61,2,NULL,0,0,'published','2023-10-22 04:15:37','2023-10-22 04:15:37','maple-ridge'),(608,'Prince George',61,2,NULL,0,0,'published','2023-10-22 04:15:37','2023-10-22 04:15:37','prince-george'),(609,'Castlegar',61,2,NULL,0,0,'published','2023-10-22 04:15:37','2023-10-22 04:15:37','castlegar'),(610,'Merritt',61,2,NULL,0,0,'published','2023-10-22 04:15:37','2023-10-22 04:15:37','merritt'),(611,'Prince Rupert',61,2,NULL,0,0,'published','2023-10-22 04:15:37','2023-10-22 04:15:37','prince-rupert'),(612,'Chemainus',61,2,NULL,0,0,'published','2023-10-22 04:15:37','2023-10-22 04:15:37','chemainus'),(613,'Mission',61,2,NULL,0,0,'published','2023-10-22 04:15:37','2023-10-22 04:15:37','mission-british-columbia'),(614,'Richmond',61,2,NULL,0,0,'published','2023-10-22 04:15:37','2023-10-22 04:15:37','richmond-british-columbia'),(615,'Chilliwack',61,2,NULL,0,0,'published','2023-10-22 04:15:37','2023-10-22 04:15:37','chilliwack'),(616,'Nanaimo',61,2,NULL,0,0,'published','2023-10-22 04:15:37','2023-10-22 04:15:37','nanaimo'),(617,'Saanich',61,2,NULL,0,0,'published','2023-10-22 04:15:37','2023-10-22 04:15:37','saanich'),(618,'Clearwater',61,2,NULL,0,0,'published','2023-10-22 04:15:37','2023-10-22 04:15:37','clearwater-british-columbia'),(619,'Nelson',61,2,NULL,0,0,'published','2023-10-22 04:15:37','2023-10-22 04:15:37','nelson'),(620,'Sooke',61,2,NULL,0,0,'published','2023-10-22 04:15:37','2023-10-22 04:15:37','sooke'),(621,'Colwood',61,2,NULL,0,0,'published','2023-10-22 04:15:37','2023-10-22 04:15:37','colwood'),(622,'New Westminster',61,2,NULL,0,0,'published','2023-10-22 04:15:37','2023-10-22 04:15:37','new-westminster'),(623,'Sparwood',61,2,NULL,0,0,'published','2023-10-22 04:15:37','2023-10-22 04:15:37','sparwood'),(624,'Coquitlam',61,2,NULL,0,0,'published','2023-10-22 04:15:37','2023-10-22 04:15:37','coquitlam'),(625,'North Cowichan',61,2,NULL,0,0,'published','2023-10-22 04:15:37','2023-10-22 04:15:37','north-cowichan'),(626,'Surrey',61,2,NULL,0,0,'published','2023-10-22 04:15:37','2023-10-22 04:15:37','surrey'),(627,'Cranbrook',61,2,NULL,0,0,'published','2023-10-22 04:15:37','2023-10-22 04:15:37','cranbrook'),(628,'North Vancouver',61,2,NULL,0,0,'published','2023-10-22 04:15:37','2023-10-22 04:15:37','north-vancouver'),(629,'Terrace',61,2,NULL,0,0,'published','2023-10-22 04:15:37','2023-10-22 04:15:37','terrace'),(630,'Dawson Creek',61,2,NULL,0,0,'published','2023-10-22 04:15:37','2023-10-22 04:15:37','dawson-creek'),(631,'North Vancouver',61,2,NULL,0,0,'published','2023-10-22 04:15:37','2023-10-22 04:15:37','north-vancouver-british-columbia'),(632,'Tumbler',61,2,NULL,0,0,'published','2023-10-22 04:15:37','2023-10-22 04:15:37','tumbler'),(633,'Delta',61,2,NULL,0,0,'published','2023-10-22 04:15:37','2023-10-22 04:15:37','delta'),(634,'Osoyoos',61,2,NULL,0,0,'published','2023-10-22 04:15:37','2023-10-22 04:15:37','osoyoos'),(635,'Vancouver',61,2,NULL,0,0,'published','2023-10-22 04:15:37','2023-10-22 04:15:37','vancouver-british-columbia'),(636,'Fernie',61,2,NULL,0,0,'published','2023-10-22 04:15:37','2023-10-22 04:15:37','fernie'),(637,'Parksville',61,2,NULL,0,0,'published','2023-10-22 04:15:37','2023-10-22 04:15:37','parksville'),(638,'Vancouver',61,2,NULL,0,0,'published','2023-10-22 04:15:37','2023-10-22 04:15:37','vancouver-1'),(639,'Invermere',61,2,NULL,0,0,'published','2023-10-22 04:15:37','2023-10-22 04:15:37','invermere'),(640,'Peace River',61,2,NULL,0,0,'published','2023-10-22 04:15:37','2023-10-22 04:15:37','peace-river'),(641,'Vernon',61,2,NULL,0,0,'published','2023-10-22 04:15:37','2023-10-22 04:15:37','vernon'),(642,'Kamloops',61,2,NULL,0,0,'published','2023-10-22 04:15:37','2023-10-22 04:15:37','kamloops'),(643,'Penticton',61,2,NULL,0,0,'published','2023-10-22 04:15:37','2023-10-22 04:15:37','penticton'),(644,'Victoria',61,2,NULL,0,0,'published','2023-10-22 04:15:37','2023-10-22 04:15:37','victoria-british-columbia'),(645,'Kaslo',61,2,NULL,0,0,'published','2023-10-22 04:15:37','2023-10-22 04:15:37','kaslo'),(646,'Port Alberni',61,2,NULL,0,0,'published','2023-10-22 04:15:37','2023-10-22 04:15:37','port-alberni'),(647,'Whistler',61,2,NULL,0,0,'published','2023-10-22 04:15:37','2023-10-22 04:15:37','whistler'),(648,'Langley',61,2,NULL,0,0,'published','2023-10-22 04:15:37','2023-10-22 04:15:37','langley'),(649,'Port Hardy',61,2,NULL,0,0,'published','2023-10-22 04:15:37','2023-10-22 04:15:37','port-hardy'),(650,'Birtle',62,2,NULL,0,0,'published','2023-10-22 04:15:37','2023-10-22 04:15:37','birtle'),(651,'Flin Flon',62,2,NULL,0,0,'published','2023-10-22 04:15:37','2023-10-22 04:15:37','flin-flon'),(652,'Swan River',62,2,NULL,0,0,'published','2023-10-22 04:15:37','2023-10-22 04:15:37','swan-river'),(653,'Brandon',62,2,NULL,0,0,'published','2023-10-22 04:15:37','2023-10-22 04:15:37','brandon-manitoba'),(654,'Snow Lake',62,2,NULL,0,0,'published','2023-10-22 04:15:37','2023-10-22 04:15:37','snow-lake'),(655,'The Pas',62,2,NULL,0,0,'published','2023-10-22 04:15:37','2023-10-22 04:15:37','the-pas'),(656,'Cranberry Portage',62,2,NULL,0,0,'published','2023-10-22 04:15:37','2023-10-22 04:15:37','cranberry-portage'),(657,'Steinbach',62,2,NULL,0,0,'published','2023-10-22 04:15:37','2023-10-22 04:15:37','steinbach'),(658,'Thompson',62,2,NULL,0,0,'published','2023-10-22 04:15:37','2023-10-22 04:15:37','thompson'),(659,'Dauphin',62,2,NULL,0,0,'published','2023-10-22 04:15:37','2023-10-22 04:15:37','dauphin'),(660,'Stonewall',62,2,NULL,0,0,'published','2023-10-22 04:15:37','2023-10-22 04:15:37','stonewall'),(661,'Winnipeg',62,2,NULL,0,0,'published','2023-10-22 04:15:37','2023-10-22 04:15:37','winnipeg'),(662,'Cap-Pele',63,2,NULL,0,0,'published','2023-10-22 04:15:37','2023-10-22 04:15:37','cap-pele'),(663,'Miramichi',63,2,NULL,0,0,'published','2023-10-22 04:15:37','2023-10-22 04:15:37','miramichi'),(664,'Saint John',63,2,NULL,0,0,'published','2023-10-22 04:15:37','2023-10-22 04:15:37','saint-john'),(665,'Fredericton',63,2,NULL,0,0,'published','2023-10-22 04:15:37','2023-10-22 04:15:37','fredericton'),(666,'Moncton',63,2,NULL,0,0,'published','2023-10-22 04:15:37','2023-10-22 04:15:37','moncton'),(667,'Saint Stephen',63,2,NULL,0,0,'published','2023-10-22 04:15:37','2023-10-22 04:15:37','saint-stephen'),(668,'Grand Bay-Westfield',63,2,NULL,0,0,'published','2023-10-22 04:15:37','2023-10-22 04:15:37','grand-bay-westfield'),(669,'Oromocto',63,2,NULL,0,0,'published','2023-10-22 04:15:37','2023-10-22 04:15:37','oromocto'),(670,'Shippagan',63,2,NULL,0,0,'published','2023-10-22 04:15:37','2023-10-22 04:15:37','shippagan'),(671,'Grand Falls',63,2,NULL,0,0,'published','2023-10-22 04:15:37','2023-10-22 04:15:37','grand-falls'),(672,'Port Elgin',63,2,NULL,0,0,'published','2023-10-22 04:15:37','2023-10-22 04:15:37','port-elgin'),(673,'Sussex',63,2,NULL,0,0,'published','2023-10-22 04:15:37','2023-10-22 04:15:37','sussex'),(674,'Memramcook',63,2,NULL,0,0,'published','2023-10-22 04:15:37','2023-10-22 04:15:37','memramcook'),(675,'Sackville',63,2,NULL,0,0,'published','2023-10-22 04:15:37','2023-10-22 04:15:37','sackville'),(676,'Tracadie-Sheila',63,2,NULL,0,0,'published','2023-10-22 04:15:37','2023-10-22 04:15:37','tracadie-sheila'),(677,'Town of Hay River',65,2,NULL,0,0,'published','2023-10-22 04:15:37','2023-10-22 04:15:37','town-of-hay-river'),(678,'Town of Inuvik',65,2,NULL,0,0,'published','2023-10-22 04:15:37','2023-10-22 04:15:37','town-of-inuvik'),(679,'Yellowknife',65,2,NULL,0,0,'published','2023-10-22 04:15:37','2023-10-22 04:15:37','yellowknife'),(680,'Amherst',66,2,NULL,0,0,'published','2023-10-22 04:15:37','2023-10-22 04:15:37','amherst'),(681,'Hants County',66,2,NULL,0,0,'published','2023-10-22 04:15:37','2023-10-22 04:15:37','hants-county'),(682,'Pictou',66,2,NULL,0,0,'published','2023-10-22 04:15:37','2023-10-22 04:15:37','pictou'),(683,'Annapolis',66,2,NULL,0,0,'published','2023-10-22 04:15:37','2023-10-22 04:15:37','annapolis'),(684,'Inverness County',66,2,NULL,0,0,'published','2023-10-22 04:15:37','2023-10-22 04:15:37','inverness-county'),(685,'Pictou County',66,2,NULL,0,0,'published','2023-10-22 04:15:37','2023-10-22 04:15:37','pictou-county'),(686,'Argyle',66,2,NULL,0,0,'published','2023-10-22 04:15:37','2023-10-22 04:15:37','argyle'),(687,'Kentville',66,2,NULL,0,0,'published','2023-10-22 04:15:37','2023-10-22 04:15:37','kentville'),(688,'Queens',66,2,NULL,0,0,'published','2023-10-22 04:15:37','2023-10-22 04:15:37','queens'),(689,'Baddeck',66,2,NULL,0,0,'published','2023-10-22 04:15:37','2023-10-22 04:15:37','baddeck'),(690,'County of Kings',66,2,NULL,0,0,'published','2023-10-22 04:15:37','2023-10-22 04:15:37','county-of-kings'),(691,'Richmond',66,2,NULL,0,0,'published','2023-10-22 04:15:37','2023-10-22 04:15:38','richmond-nova-scotia'),(692,'Bridgewater',66,2,NULL,0,0,'published','2023-10-22 04:15:38','2023-10-22 04:15:38','bridgewater'),(693,'Lunenburg',66,2,NULL,0,0,'published','2023-10-22 04:15:38','2023-10-22 04:15:38','lunenburg'),(694,'Shelburne',66,2,NULL,0,0,'published','2023-10-22 04:15:38','2023-10-22 04:15:38','shelburne'),(695,'Cape Breton',66,2,NULL,0,0,'published','2023-10-22 04:15:38','2023-10-22 04:15:38','cape-breton'),(696,'Lunenburg County',66,2,NULL,0,0,'published','2023-10-22 04:15:38','2023-10-22 04:15:38','lunenburg-county'),(697,'Stellarton',66,2,NULL,0,0,'published','2023-10-22 04:15:38','2023-10-22 04:15:38','stellarton'),(698,'Chester',66,2,NULL,0,0,'published','2023-10-22 04:15:38','2023-10-22 04:15:38','chester'),(699,'Mahone Bay',66,2,NULL,0,0,'published','2023-10-22 04:15:38','2023-10-22 04:15:38','mahone-bay'),(700,'Truro',66,2,NULL,0,0,'published','2023-10-22 04:15:38','2023-10-22 04:15:38','truro'),(701,'Cumberland County',66,2,NULL,0,0,'published','2023-10-22 04:15:38','2023-10-22 04:15:38','cumberland-county'),(702,'New Glasgow',66,2,NULL,0,0,'published','2023-10-22 04:15:38','2023-10-22 04:15:38','new-glasgow'),(703,'Windsor',66,2,NULL,0,0,'published','2023-10-22 04:15:38','2023-10-22 04:15:38','windsor'),(704,'East Hants',66,2,NULL,0,0,'published','2023-10-22 04:15:38','2023-10-22 04:15:38','east-hants'),(705,'New Minas',66,2,NULL,0,0,'published','2023-10-22 04:15:38','2023-10-22 04:15:38','new-minas'),(706,'Yarmouth',66,2,NULL,0,0,'published','2023-10-22 04:15:38','2023-10-22 04:15:38','yarmouth'),(707,'Halifax',66,2,NULL,0,0,'published','2023-10-22 04:15:38','2023-10-22 04:15:38','halifax'),(708,'Parrsboro',66,2,NULL,0,0,'published','2023-10-22 04:15:38','2023-10-22 04:15:38','parrsboro'),(709,'Ajax',68,2,NULL,0,0,'published','2023-10-22 04:15:38','2023-10-22 04:15:38','ajax'),(710,'Halton',68,2,NULL,0,0,'published','2023-10-22 04:15:38','2023-10-22 04:15:38','halton'),(711,'Peterborough',68,2,NULL,0,0,'published','2023-10-22 04:15:38','2023-10-22 04:15:38','peterborough'),(712,'Atikokan',68,2,NULL,0,0,'published','2023-10-22 04:15:38','2023-10-22 04:15:38','atikokan'),(713,'Halton Hills',68,2,NULL,0,0,'published','2023-10-22 04:15:38','2023-10-22 04:15:38','halton-hills'),(714,'Pickering',68,2,NULL,0,0,'published','2023-10-22 04:15:38','2023-10-22 04:15:38','pickering'),(715,'Barrie',68,2,NULL,0,0,'published','2023-10-22 04:15:38','2023-10-22 04:15:38','barrie'),(716,'Hamilton',68,2,NULL,0,0,'published','2023-10-22 04:15:38','2023-10-22 04:15:38','hamilton'),(717,'Port Bruce',68,2,NULL,0,0,'published','2023-10-22 04:15:38','2023-10-22 04:15:38','port-bruce'),(718,'Belleville',68,2,NULL,0,0,'published','2023-10-22 04:15:38','2023-10-22 04:15:38','belleville'),(719,'Hamilton-Wentworth',68,2,NULL,0,0,'published','2023-10-22 04:15:38','2023-10-22 04:15:38','hamilton-wentworth'),(720,'Port Burwell',68,2,NULL,0,0,'published','2023-10-22 04:15:38','2023-10-22 04:15:38','port-burwell'),(721,'Blandford-Blenheim',68,2,NULL,0,0,'published','2023-10-22 04:15:38','2023-10-22 04:15:38','blandford-blenheim'),(722,'Hearst',68,2,NULL,0,0,'published','2023-10-22 04:15:38','2023-10-22 04:15:38','hearst'),(723,'Port Colborne',68,2,NULL,0,0,'published','2023-10-22 04:15:38','2023-10-22 04:15:38','port-colborne'),(724,'Blind River',68,2,NULL,0,0,'published','2023-10-22 04:15:38','2023-10-22 04:15:38','blind-river'),(725,'Huntsville',68,2,NULL,0,0,'published','2023-10-22 04:15:38','2023-10-22 04:15:38','huntsville-ontario'),(726,'Port Hope',68,2,NULL,0,0,'published','2023-10-22 04:15:38','2023-10-22 04:15:38','port-hope'),(727,'Brampton',68,2,NULL,0,0,'published','2023-10-22 04:15:38','2023-10-22 04:15:38','brampton'),(728,'Ingersoll',68,2,NULL,0,0,'published','2023-10-22 04:15:38','2023-10-22 04:15:38','ingersoll'),(729,'Prince Edward',68,2,NULL,0,0,'published','2023-10-22 04:15:38','2023-10-22 04:15:38','prince-edward'),(730,'Brant',68,2,NULL,0,0,'published','2023-10-22 04:15:38','2023-10-22 04:15:38','brant'),(731,'James',68,2,NULL,0,0,'published','2023-10-22 04:15:38','2023-10-22 04:15:38','james'),(732,'Quinte West',68,2,NULL,0,0,'published','2023-10-22 04:15:38','2023-10-22 04:15:38','quinte-west'),(733,'Brantford',68,2,NULL,0,0,'published','2023-10-22 04:15:38','2023-10-22 04:15:38','brantford'),(734,'Kanata',68,2,NULL,0,0,'published','2023-10-22 04:15:38','2023-10-22 04:15:38','kanata'),(735,'Renfrew',68,2,NULL,0,0,'published','2023-10-22 04:15:38','2023-10-22 04:15:38','renfrew'),(736,'Brock',68,2,NULL,0,0,'published','2023-10-22 04:15:38','2023-10-22 04:15:38','brock'),(737,'Kincardine',68,2,NULL,0,0,'published','2023-10-22 04:15:38','2023-10-22 04:15:38','kincardine'),(738,'Richmond Hill',68,2,NULL,0,0,'published','2023-10-22 04:15:38','2023-10-22 04:15:38','richmond-hill'),(739,'Brockville',68,2,NULL,0,0,'published','2023-10-22 04:15:38','2023-10-22 04:15:38','brockville'),(740,'King',68,2,NULL,0,0,'published','2023-10-22 04:15:38','2023-10-22 04:15:38','king'),(741,'Sarnia',68,2,NULL,0,0,'published','2023-10-22 04:15:38','2023-10-22 04:15:38','sarnia'),(742,'Burlington',68,2,NULL,0,0,'published','2023-10-22 04:15:38','2023-10-22 04:15:38','burlington'),(743,'Kingston',68,2,NULL,0,0,'published','2023-10-22 04:15:38','2023-10-22 04:15:38','kingston'),(744,'Sault Ste. Marie',68,2,NULL,0,0,'published','2023-10-22 04:15:38','2023-10-22 04:15:38','sault-ste-marie'),(745,'Caledon',68,2,NULL,0,0,'published','2023-10-22 04:15:38','2023-10-22 04:15:38','caledon'),(746,'Kirkland Lake',68,2,NULL,0,0,'published','2023-10-22 04:15:38','2023-10-22 04:15:38','kirkland-lake'),(747,'Scarborough',68,2,NULL,0,0,'published','2023-10-22 04:15:38','2023-10-22 04:15:38','scarborough'),(748,'Cambridge',68,2,NULL,0,0,'published','2023-10-22 04:15:38','2023-10-22 04:15:38','cambridge-ontario'),(749,'Kitchener',68,2,NULL,0,0,'published','2023-10-22 04:15:38','2023-10-22 04:15:38','kitchener'),(750,'Scugog',68,2,NULL,0,0,'published','2023-10-22 04:15:38','2023-10-22 04:15:38','scugog'),(751,'Chatham-Kent',68,2,NULL,0,0,'published','2023-10-22 04:15:38','2023-10-22 04:15:38','chatham-kent'),(752,'Larder Lake',68,2,NULL,0,0,'published','2023-10-22 04:15:38','2023-10-22 04:15:38','larder-lake'),(753,'Souix Lookout CoC Sioux Lookout',68,2,NULL,0,0,'published','2023-10-22 04:15:38','2023-10-22 04:15:38','souix-lookout-coc-sioux-lookout'),(754,'Chesterville',68,2,NULL,0,0,'published','2023-10-22 04:15:38','2023-10-22 04:15:38','chesterville'),(755,'Leamington',68,2,NULL,0,0,'published','2023-10-22 04:15:38','2023-10-22 04:15:38','leamington'),(756,'Smiths Falls',68,2,NULL,0,0,'published','2023-10-22 04:15:38','2023-10-22 04:15:38','smiths-falls'),(757,'Clarington',68,2,NULL,0,0,'published','2023-10-22 04:15:38','2023-10-22 04:15:38','clarington'),(758,'Lennox-Addington',68,2,NULL,0,0,'published','2023-10-22 04:15:38','2023-10-22 04:15:38','lennox-addington'),(759,'South-West Oxford',68,2,NULL,0,0,'published','2023-10-22 04:15:38','2023-10-22 04:15:38','south-west-oxford'),(760,'Cobourg',68,2,NULL,0,0,'published','2023-10-22 04:15:38','2023-10-22 04:15:38','cobourg'),(761,'Lincoln',68,2,NULL,0,0,'published','2023-10-22 04:15:38','2023-10-22 04:15:38','lincoln-ontario'),(762,'St. Catharines',68,2,NULL,0,0,'published','2023-10-22 04:15:38','2023-10-22 04:15:38','st-catharines'),(763,'Cochrane',68,2,NULL,0,0,'published','2023-10-22 04:15:38','2023-10-22 04:15:38','cochrane'),(764,'Lindsay',68,2,NULL,0,0,'published','2023-10-22 04:15:38','2023-10-22 04:15:38','lindsay'),(765,'St. Thomas',68,2,NULL,0,0,'published','2023-10-22 04:15:38','2023-10-22 04:15:38','st-thomas'),(766,'Collingwood',68,2,NULL,0,0,'published','2023-10-22 04:15:38','2023-10-22 04:15:38','collingwood'),(767,'London',68,2,NULL,0,0,'published','2023-10-22 04:15:38','2023-10-22 04:15:38','london'),(768,'Stoney Creek',68,2,NULL,0,0,'published','2023-10-22 04:15:38','2023-10-22 04:15:38','stoney-creek'),(769,'Cornwall',68,2,NULL,0,0,'published','2023-10-22 04:15:38','2023-10-22 04:15:38','cornwall'),(770,'Loyalist Township',68,2,NULL,0,0,'published','2023-10-22 04:15:38','2023-10-22 04:15:38','loyalist-township'),(771,'Stratford',68,2,NULL,0,0,'published','2023-10-22 04:15:38','2023-10-22 04:15:38','stratford'),(772,'Cumberland',68,2,NULL,0,0,'published','2023-10-22 04:15:38','2023-10-22 04:15:38','cumberland'),(773,'Markham',68,2,NULL,0,0,'published','2023-10-22 04:15:38','2023-10-22 04:15:38','markham'),(774,'Sudbury',68,2,NULL,0,0,'published','2023-10-22 04:15:38','2023-10-22 04:15:38','sudbury'),(775,'Deep River',68,2,NULL,0,0,'published','2023-10-22 04:15:38','2023-10-22 04:15:38','deep-river'),(776,'Metro Toronto',68,2,NULL,0,0,'published','2023-10-22 04:15:38','2023-10-22 04:15:38','metro-toronto'),(777,'Temagami',68,2,NULL,0,0,'published','2023-10-22 04:15:38','2023-10-22 04:15:38','temagami'),(778,'Dundas',68,2,NULL,0,0,'published','2023-10-22 04:15:38','2023-10-22 04:15:38','dundas'),(779,'Merrickville',68,2,NULL,0,0,'published','2023-10-22 04:15:38','2023-10-22 04:15:38','merrickville'),(780,'Thorold',68,2,NULL,0,0,'published','2023-10-22 04:15:38','2023-10-22 04:15:38','thorold'),(781,'Durham',68,2,NULL,0,0,'published','2023-10-22 04:15:38','2023-10-22 04:15:38','durham-ontario'),(782,'Milton',68,2,NULL,0,0,'published','2023-10-22 04:15:38','2023-10-22 04:15:38','milton'),(783,'Thunder Bay',68,2,NULL,0,0,'published','2023-10-22 04:15:38','2023-10-22 04:15:38','thunder-bay'),(784,'Dymond',68,2,NULL,0,0,'published','2023-10-22 04:15:38','2023-10-22 04:15:38','dymond'),(785,'Nepean',68,2,NULL,0,0,'published','2023-10-22 04:15:38','2023-10-22 04:15:38','nepean'),(786,'Tillsonburg',68,2,NULL,0,0,'published','2023-10-22 04:15:38','2023-10-22 04:15:38','tillsonburg'),(787,'Ear Falls',68,2,NULL,0,0,'published','2023-10-22 04:15:38','2023-10-22 04:15:38','ear-falls'),(788,'Newmarket',68,2,NULL,0,0,'published','2023-10-22 04:15:38','2023-10-22 04:15:38','newmarket'),(789,'Timmins',68,2,NULL,0,0,'published','2023-10-22 04:15:38','2023-10-22 04:15:38','timmins'),(790,'East Gwillimbury',68,2,NULL,0,0,'published','2023-10-22 04:15:38','2023-10-22 04:15:38','east-gwillimbury'),(791,'Niagara',68,2,NULL,0,0,'published','2023-10-22 04:15:38','2023-10-22 04:15:38','niagara'),(792,'Toronto',68,2,NULL,0,0,'published','2023-10-22 04:15:38','2023-10-22 04:15:38','toronto'),(793,'East Zorra-Tavistock',68,2,NULL,0,0,'published','2023-10-22 04:15:38','2023-10-22 04:15:38','east-zorra-tavistock'),(794,'Niagara Falls',68,2,NULL,0,0,'published','2023-10-22 04:15:38','2023-10-22 04:15:38','niagara-falls'),(795,'Uxbridge',68,2,NULL,0,0,'published','2023-10-22 04:15:38','2023-10-22 04:15:38','uxbridge'),(796,'Elgin',68,2,NULL,0,0,'published','2023-10-22 04:15:38','2023-10-22 04:15:38','elgin-ontario'),(797,'Niagara-on-the-Lake',68,2,NULL,0,0,'published','2023-10-22 04:15:38','2023-10-22 04:15:38','niagara-on-the-lake'),(798,'Vaughan',68,2,NULL,0,0,'published','2023-10-22 04:15:38','2023-10-22 04:15:38','vaughan'),(799,'Elliot Lake',68,2,NULL,0,0,'published','2023-10-22 04:15:38','2023-10-22 04:15:38','elliot-lake'),(800,'North Bay',68,2,NULL,0,0,'published','2023-10-22 04:15:38','2023-10-22 04:15:39','north-bay'),(801,'Wainfleet',68,2,NULL,0,0,'published','2023-10-22 04:15:39','2023-10-22 04:15:39','wainfleet'),(802,'Flamborough',68,2,NULL,0,0,'published','2023-10-22 04:15:39','2023-10-22 04:15:39','flamborough'),(803,'North Dorchester',68,2,NULL,0,0,'published','2023-10-22 04:15:39','2023-10-22 04:15:39','north-dorchester'),(804,'Wasaga Beach',68,2,NULL,0,0,'published','2023-10-22 04:15:39','2023-10-22 04:15:39','wasaga-beach'),(805,'Fort Erie',68,2,NULL,0,0,'published','2023-10-22 04:15:39','2023-10-22 04:15:39','fort-erie'),(806,'North Dumfries',68,2,NULL,0,0,'published','2023-10-22 04:15:39','2023-10-22 04:15:39','north-dumfries'),(807,'Waterloo',68,2,NULL,0,0,'published','2023-10-22 04:15:39','2023-10-22 04:15:39','waterloo-ontario'),(808,'Fort Frances',68,2,NULL,0,0,'published','2023-10-22 04:15:39','2023-10-22 04:15:39','fort-frances'),(809,'North York',68,2,NULL,0,0,'published','2023-10-22 04:15:39','2023-10-22 04:15:39','north-york'),(810,'Waterloo',68,2,NULL,0,0,'published','2023-10-22 04:15:39','2023-10-22 04:15:39','waterloo-1'),(811,'Gananoque',68,2,NULL,0,0,'published','2023-10-22 04:15:39','2023-10-22 04:15:39','gananoque'),(812,'Norwich',68,2,NULL,0,0,'published','2023-10-22 04:15:39','2023-10-22 04:15:39','norwich'),(813,'Welland',68,2,NULL,0,0,'published','2023-10-22 04:15:39','2023-10-22 04:15:39','welland'),(814,'Georgina',68,2,NULL,0,0,'published','2023-10-22 04:15:39','2023-10-22 04:15:39','georgina'),(815,'Oakville',68,2,NULL,0,0,'published','2023-10-22 04:15:39','2023-10-22 04:15:39','oakville'),(816,'Wellesley',68,2,NULL,0,0,'published','2023-10-22 04:15:39','2023-10-22 04:15:39','wellesley'),(817,'Glanbrook',68,2,NULL,0,0,'published','2023-10-22 04:15:39','2023-10-22 04:15:39','glanbrook'),(818,'Orangeville',68,2,NULL,0,0,'published','2023-10-22 04:15:39','2023-10-22 04:15:39','orangeville'),(819,'West Carleton',68,2,NULL,0,0,'published','2023-10-22 04:15:39','2023-10-22 04:15:39','west-carleton'),(820,'Gloucester',68,2,NULL,0,0,'published','2023-10-22 04:15:39','2023-10-22 04:15:39','gloucester'),(821,'Orillia',68,2,NULL,0,0,'published','2023-10-22 04:15:39','2023-10-22 04:15:39','orillia'),(822,'West Lincoln',68,2,NULL,0,0,'published','2023-10-22 04:15:39','2023-10-22 04:15:39','west-lincoln'),(823,'Goulbourn',68,2,NULL,0,0,'published','2023-10-22 04:15:39','2023-10-22 04:15:39','goulbourn'),(824,'Osgoode',68,2,NULL,0,0,'published','2023-10-22 04:15:39','2023-10-22 04:15:39','osgoode'),(825,'Whitby',68,2,NULL,0,0,'published','2023-10-22 04:15:39','2023-10-22 04:15:39','whitby'),(826,'Gravenhurst',68,2,NULL,0,0,'published','2023-10-22 04:15:39','2023-10-22 04:15:39','gravenhurst'),(827,'Oshawa',68,2,NULL,0,0,'published','2023-10-22 04:15:39','2023-10-22 04:15:39','oshawa'),(828,'Wilmot',68,2,NULL,0,0,'published','2023-10-22 04:15:39','2023-10-22 04:15:39','wilmot'),(829,'Grimsby',68,2,NULL,0,0,'published','2023-10-22 04:15:39','2023-10-22 04:15:39','grimsby'),(830,'Ottawa',68,2,NULL,0,0,'published','2023-10-22 04:15:39','2023-10-22 04:15:39','ottawa'),(831,'Windsor',68,2,NULL,0,0,'published','2023-10-22 04:15:39','2023-10-22 04:15:39','windsor-ontario'),(832,'Guelph',68,2,NULL,0,0,'published','2023-10-22 04:15:39','2023-10-22 04:15:39','guelph'),(833,'Ottawa-Carleton',68,2,NULL,0,0,'published','2023-10-22 04:15:39','2023-10-22 04:15:39','ottawa-carleton'),(834,'Woolwich',68,2,NULL,0,0,'published','2023-10-22 04:15:39','2023-10-22 04:15:39','woolwich'),(835,'Haldimand-Norfork',68,2,NULL,0,0,'published','2023-10-22 04:15:39','2023-10-22 04:15:39','haldimand-norfork'),(836,'Owen Sound',68,2,NULL,0,0,'published','2023-10-22 04:15:39','2023-10-22 04:15:39','owen-sound'),(837,'York',68,2,NULL,0,0,'published','2023-10-22 04:15:39','2023-10-22 04:15:39','york'),(838,'Alberton',69,2,NULL,0,0,'published','2023-10-22 04:15:39','2023-10-22 04:15:39','alberton'),(839,'Montague',69,2,NULL,0,0,'published','2023-10-22 04:15:39','2023-10-22 04:15:39','montague'),(840,'Stratford',69,2,NULL,0,0,'published','2023-10-22 04:15:39','2023-10-22 04:15:39','stratford-prince-edward-island'),(841,'Charlottetown',69,2,NULL,0,0,'published','2023-10-22 04:15:39','2023-10-22 04:15:39','charlottetown'),(842,'Souris',69,2,NULL,0,0,'published','2023-10-22 04:15:39','2023-10-22 04:15:39','souris'),(843,'Summerside',69,2,NULL,0,0,'published','2023-10-22 04:15:39','2023-10-22 04:15:39','summerside'),(844,'Cornwall',69,2,NULL,0,0,'published','2023-10-22 04:15:39','2023-10-22 04:15:39','cornwall-prince-edward-island'),(845,'Alma',70,2,NULL,0,0,'published','2023-10-22 04:15:39','2023-10-22 04:15:39','alma'),(846,'Fleurimont',70,2,NULL,0,0,'published','2023-10-22 04:15:39','2023-10-22 04:15:39','fleurimont'),(847,'Longueuil',70,2,NULL,0,0,'published','2023-10-22 04:15:39','2023-10-22 04:15:39','longueuil'),(848,'Amos',70,2,NULL,0,0,'published','2023-10-22 04:15:39','2023-10-22 04:15:39','amos'),(849,'Gaspe',70,2,NULL,0,0,'published','2023-10-22 04:15:39','2023-10-22 04:15:39','gaspe'),(850,'Marieville',70,2,NULL,0,0,'published','2023-10-22 04:15:39','2023-10-22 04:15:39','marieville'),(851,'Anjou',70,2,NULL,0,0,'published','2023-10-22 04:15:39','2023-10-22 04:15:39','anjou'),(852,'Gatineau',70,2,NULL,0,0,'published','2023-10-22 04:15:39','2023-10-22 04:15:39','gatineau'),(853,'Mount Royal',70,2,NULL,0,0,'published','2023-10-22 04:15:39','2023-10-22 04:15:39','mount-royal'),(854,'Aylmer',70,2,NULL,0,0,'published','2023-10-22 04:15:39','2023-10-22 04:15:39','aylmer'),(855,'Hull',70,2,NULL,0,0,'published','2023-10-22 04:15:39','2023-10-22 04:15:39','hull'),(856,'Montreal',70,2,NULL,0,0,'published','2023-10-22 04:15:39','2023-10-22 04:15:39','montreal'),(857,'Beauport',70,2,NULL,0,0,'published','2023-10-22 04:15:39','2023-10-22 04:15:39','beauport'),(858,'Joliette',70,2,NULL,0,0,'published','2023-10-22 04:15:39','2023-10-22 04:15:39','joliette'),(859,'Montreal Region',70,2,NULL,0,0,'published','2023-10-22 04:15:39','2023-10-22 04:15:39','montreal-region'),(860,'Bromptonville',70,2,NULL,0,0,'published','2023-10-22 04:15:39','2023-10-22 04:15:39','bromptonville'),(861,'Jonquiere',70,2,NULL,0,0,'published','2023-10-22 04:15:39','2023-10-22 04:15:39','jonquiere'),(862,'Montreal-Est',70,2,NULL,0,0,'published','2023-10-22 04:15:39','2023-10-22 04:15:39','montreal-est'),(863,'Brosssard',70,2,NULL,0,0,'published','2023-10-22 04:15:39','2023-10-22 04:15:39','brosssard'),(864,'Lachine',70,2,NULL,0,0,'published','2023-10-22 04:15:39','2023-10-22 04:15:39','lachine'),(865,'Quebec',70,2,NULL,0,0,'published','2023-10-22 04:15:39','2023-10-22 04:15:39','quebec'),(866,'Chateauguay',70,2,NULL,0,0,'published','2023-10-22 04:15:39','2023-10-22 04:15:39','chateauguay'),(867,'Lasalle',70,2,NULL,0,0,'published','2023-10-22 04:15:39','2023-10-22 04:15:39','lasalle'),(868,'Saint-Leonard',70,2,NULL,0,0,'published','2023-10-22 04:15:39','2023-10-22 04:15:39','saint-leonard'),(869,'Chicoutimi',70,2,NULL,0,0,'published','2023-10-22 04:15:39','2023-10-22 04:15:39','chicoutimi'),(870,'Laurentides',70,2,NULL,0,0,'published','2023-10-22 04:15:39','2023-10-22 04:15:39','laurentides'),(871,'Sherbrooke',70,2,NULL,0,0,'published','2023-10-22 04:15:39','2023-10-22 04:15:39','sherbrooke'),(872,'Coaticook',70,2,NULL,0,0,'published','2023-10-22 04:15:39','2023-10-22 04:15:39','coaticook'),(873,'LaSalle',70,2,NULL,0,0,'published','2023-10-22 04:15:39','2023-10-22 04:15:39','lasalle-quebec'),(874,'Sorel',70,2,NULL,0,0,'published','2023-10-22 04:15:39','2023-10-22 04:15:39','sorel'),(875,'Coaticook',70,2,NULL,0,0,'published','2023-10-22 04:15:39','2023-10-22 04:15:39','coaticook-quebec'),(876,'Laval',70,2,NULL,0,0,'published','2023-10-22 04:15:39','2023-10-22 04:15:39','laval'),(877,'Thetford Mines',70,2,NULL,0,0,'published','2023-10-22 04:15:39','2023-10-22 04:15:39','thetford-mines'),(878,'Dorval',70,2,NULL,0,0,'published','2023-10-22 04:15:39','2023-10-22 04:15:39','dorval'),(879,'Lennoxville',70,2,NULL,0,0,'published','2023-10-22 04:15:39','2023-10-22 04:15:39','lennoxville'),(880,'Victoriaville',70,2,NULL,0,0,'published','2023-10-22 04:15:39','2023-10-22 04:15:39','victoriaville'),(881,'Drummondville',70,2,NULL,0,0,'published','2023-10-22 04:15:39','2023-10-22 04:15:39','drummondville'),(882,'Levis',70,2,NULL,0,0,'published','2023-10-22 04:15:39','2023-10-22 04:15:39','levis'),(883,'Avonlea',71,2,NULL,0,0,'published','2023-10-22 04:15:39','2023-10-22 04:15:39','avonlea'),(884,'Melfort',71,2,NULL,0,0,'published','2023-10-22 04:15:39','2023-10-22 04:15:39','melfort'),(885,'Swift Current',71,2,NULL,0,0,'published','2023-10-22 04:15:39','2023-10-22 04:15:39','swift-current'),(886,'Colonsay',71,2,NULL,0,0,'published','2023-10-22 04:15:39','2023-10-22 04:15:39','colonsay'),(887,'Nipawin',71,2,NULL,0,0,'published','2023-10-22 04:15:40','2023-10-22 04:15:40','nipawin'),(888,'Tisdale',71,2,NULL,0,0,'published','2023-10-22 04:15:40','2023-10-22 04:15:40','tisdale'),(889,'Craik',71,2,NULL,0,0,'published','2023-10-22 04:15:40','2023-10-22 04:15:40','craik'),(890,'Prince Albert',71,2,NULL,0,0,'published','2023-10-22 04:15:40','2023-10-22 04:15:40','prince-albert'),(891,'Unity',71,2,NULL,0,0,'published','2023-10-22 04:15:40','2023-10-22 04:15:40','unity'),(892,'Creighton',71,2,NULL,0,0,'published','2023-10-22 04:15:40','2023-10-22 04:15:40','creighton'),(893,'Regina',71,2,NULL,0,0,'published','2023-10-22 04:15:40','2023-10-22 04:15:40','regina'),(894,'Weyburn',71,2,NULL,0,0,'published','2023-10-22 04:15:40','2023-10-22 04:15:40','weyburn'),(895,'Eastend',71,2,NULL,0,0,'published','2023-10-22 04:15:40','2023-10-22 04:15:40','eastend'),(896,'Saskatoon',71,2,NULL,0,0,'published','2023-10-22 04:15:40','2023-10-22 04:15:40','saskatoon'),(897,'Wynyard',71,2,NULL,0,0,'published','2023-10-22 04:15:40','2023-10-22 04:15:40','wynyard'),(898,'Esterhazy',71,2,NULL,0,0,'published','2023-10-22 04:15:40','2023-10-22 04:15:40','esterhazy'),(899,'Shell Lake',71,2,NULL,0,0,'published','2023-10-22 04:15:40','2023-10-22 04:15:40','shell-lake'),(900,'Yorkton',71,2,NULL,0,0,'published','2023-10-22 04:15:40','2023-10-22 04:15:40','yorkton'),(901,'Gravelbourg',71,2,NULL,0,0,'published','2023-10-22 04:15:40','2023-10-22 04:15:40','gravelbourg'),(902,'Carcross',72,2,NULL,0,0,'published','2023-10-22 04:15:40','2023-10-22 04:15:40','carcross'),(903,'Whitehorse',72,2,NULL,0,0,'published','2023-10-22 04:15:40','2023-10-22 04:15:40','whitehorse');
/*!40000 ALTER TABLE `cities` ENABLE KEYS */;
UNLOCK TABLES;

--
-- Table structure for table `cities_backup`
--

DROP TABLE IF EXISTS `cities_backup`;
/*!40101 SET @saved_cs_client     = @@character_set_client */;
/*!50503 SET character_set_client = utf8mb4 */;
CREATE TABLE `cities_backup` (
  `id` bigint unsigned NOT NULL AUTO_INCREMENT,
  `name` varchar(120) COLLATE utf8mb4_unicode_ci NOT NULL,
  `state_id` int unsigned DEFAULT NULL,
  `country_id` int unsigned DEFAULT NULL,
  `record_id` varchar(40) COLLATE utf8mb4_unicode_ci DEFAULT NULL,
  `order` tinyint NOT NULL DEFAULT '0',
  `is_featured` tinyint unsigned NOT NULL DEFAULT '0',
  `status` varchar(60) COLLATE utf8mb4_unicode_ci NOT NULL DEFAULT 'published',
  `created_at` timestamp NULL DEFAULT NULL,
  `updated_at` timestamp NULL DEFAULT NULL,
  PRIMARY KEY (`id`)
) ENGINE=InnoDB DEFAULT CHARSET=utf8mb4 COLLATE=utf8mb4_unicode_ci;
/*!40101 SET character_set_client = @saved_cs_client */;

--
-- Dumping data for table `cities_backup`
--

LOCK TABLES `cities_backup` WRITE;
/*!40000 ALTER TABLE `cities_backup` DISABLE KEYS */;
/*!40000 ALTER TABLE `cities_backup` ENABLE KEYS */;
UNLOCK TABLES;

--
-- Table structure for table `cities_translations`
--

DROP TABLE IF EXISTS `cities_translations`;
/*!40101 SET @saved_cs_client     = @@character_set_client */;
/*!50503 SET character_set_client = utf8mb4 */;
CREATE TABLE `cities_translations` (
  `lang_code` varchar(191) COLLATE utf8mb4_unicode_ci NOT NULL,
  `cities_id` int NOT NULL,
  `name` varchar(120) COLLATE utf8mb4_unicode_ci DEFAULT NULL,
  PRIMARY KEY (`lang_code`,`cities_id`)
) ENGINE=InnoDB DEFAULT CHARSET=utf8mb4 COLLATE=utf8mb4_unicode_ci;
/*!40101 SET character_set_client = @saved_cs_client */;

--
-- Dumping data for table `cities_translations`
--

LOCK TABLES `cities_translations` WRITE;
/*!40000 ALTER TABLE `cities_translations` DISABLE KEYS */;
/*!40000 ALTER TABLE `cities_translations` ENABLE KEYS */;
UNLOCK TABLES;

--
-- Table structure for table `contact_replies`
--

DROP TABLE IF EXISTS `contact_replies`;
/*!40101 SET @saved_cs_client     = @@character_set_client */;
/*!50503 SET character_set_client = utf8mb4 */;
CREATE TABLE `contact_replies` (
  `id` bigint unsigned NOT NULL AUTO_INCREMENT,
  `message` longtext COLLATE utf8mb4_unicode_ci NOT NULL,
  `contact_id` bigint unsigned NOT NULL,
  `created_at` timestamp NULL DEFAULT NULL,
  `updated_at` timestamp NULL DEFAULT NULL,
  PRIMARY KEY (`id`)
) ENGINE=InnoDB DEFAULT CHARSET=utf8mb4 COLLATE=utf8mb4_unicode_ci;
/*!40101 SET character_set_client = @saved_cs_client */;

--
-- Dumping data for table `contact_replies`
--

LOCK TABLES `contact_replies` WRITE;
/*!40000 ALTER TABLE `contact_replies` DISABLE KEYS */;
/*!40000 ALTER TABLE `contact_replies` ENABLE KEYS */;
UNLOCK TABLES;

--
-- Table structure for table `contacts`
--

DROP TABLE IF EXISTS `contacts`;
/*!40101 SET @saved_cs_client     = @@character_set_client */;
/*!50503 SET character_set_client = utf8mb4 */;
CREATE TABLE `contacts` (
  `id` bigint unsigned NOT NULL AUTO_INCREMENT,
  `name` varchar(60) COLLATE utf8mb4_unicode_ci NOT NULL,
  `email` varchar(60) COLLATE utf8mb4_unicode_ci NOT NULL,
  `phone` varchar(60) COLLATE utf8mb4_unicode_ci DEFAULT NULL,
  `address` varchar(120) COLLATE utf8mb4_unicode_ci DEFAULT NULL,
  `subject` varchar(120) COLLATE utf8mb4_unicode_ci DEFAULT NULL,
  `content` longtext COLLATE utf8mb4_unicode_ci NOT NULL,
  `status` varchar(60) COLLATE utf8mb4_unicode_ci NOT NULL DEFAULT 'unread',
  `created_at` timestamp NULL DEFAULT NULL,
  `updated_at` timestamp NULL DEFAULT NULL,
  PRIMARY KEY (`id`)
) ENGINE=InnoDB DEFAULT CHARSET=utf8mb4 COLLATE=utf8mb4_unicode_ci;
/*!40101 SET character_set_client = @saved_cs_client */;

--
-- Dumping data for table `contacts`
--

LOCK TABLES `contacts` WRITE;
/*!40000 ALTER TABLE `contacts` DISABLE KEYS */;
/*!40000 ALTER TABLE `contacts` ENABLE KEYS */;
UNLOCK TABLES;

--
-- Table structure for table `countries`
--

DROP TABLE IF EXISTS `countries`;
/*!40101 SET @saved_cs_client     = @@character_set_client */;
/*!50503 SET character_set_client = utf8mb4 */;
CREATE TABLE `countries` (
  `id` bigint unsigned NOT NULL AUTO_INCREMENT,
  `name` varchar(120) COLLATE utf8mb4_unicode_ci NOT NULL,
  `nationality` varchar(120) CHARACTER SET utf8mb4 COLLATE utf8mb4_unicode_ci DEFAULT NULL,
  `order` tinyint NOT NULL DEFAULT '0',
  `is_featured` tinyint unsigned NOT NULL DEFAULT '0',
  `status` varchar(60) COLLATE utf8mb4_unicode_ci NOT NULL DEFAULT 'published',
  `created_at` timestamp NULL DEFAULT NULL,
  `updated_at` timestamp NULL DEFAULT NULL,
  `code` varchar(10) COLLATE utf8mb4_unicode_ci DEFAULT NULL,
  `dial_code` varchar(120) COLLATE utf8mb4_unicode_ci DEFAULT NULL,
  PRIMARY KEY (`id`)
) ENGINE=InnoDB AUTO_INCREMENT=3 DEFAULT CHARSET=utf8mb4 COLLATE=utf8mb4_unicode_ci;
/*!40101 SET character_set_client = @saved_cs_client */;

--
-- Dumping data for table `countries`
--

LOCK TABLES `countries` WRITE;
/*!40000 ALTER TABLE `countries` DISABLE KEYS */;
INSERT INTO `countries` VALUES (1,'United States of America','Americans',0,1,'published','2023-10-22 04:15:21','2023-10-22 04:15:21',NULL,NULL),(2,'Canada','Canada',1,0,'published','2023-10-22 04:15:36','2023-10-22 04:15:36',NULL,NULL);
/*!40000 ALTER TABLE `countries` ENABLE KEYS */;
UNLOCK TABLES;

--
-- Table structure for table `countries_backup`
--

DROP TABLE IF EXISTS `countries_backup`;
/*!40101 SET @saved_cs_client     = @@character_set_client */;
/*!50503 SET character_set_client = utf8mb4 */;
CREATE TABLE `countries_backup` (
  `id` bigint unsigned NOT NULL AUTO_INCREMENT,
  `name` varchar(120) COLLATE utf8mb4_unicode_ci NOT NULL,
  `nationality` varchar(120) COLLATE utf8mb4_unicode_ci NOT NULL,
  `order` tinyint NOT NULL DEFAULT '0',
  `is_featured` tinyint unsigned NOT NULL DEFAULT '0',
  `status` varchar(60) COLLATE utf8mb4_unicode_ci NOT NULL DEFAULT 'published',
  `created_at` timestamp NULL DEFAULT NULL,
  `updated_at` timestamp NULL DEFAULT NULL,
  PRIMARY KEY (`id`)
) ENGINE=InnoDB DEFAULT CHARSET=utf8mb4 COLLATE=utf8mb4_unicode_ci;
/*!40101 SET character_set_client = @saved_cs_client */;

--
-- Dumping data for table `countries_backup`
--

LOCK TABLES `countries_backup` WRITE;
/*!40000 ALTER TABLE `countries_backup` DISABLE KEYS */;
/*!40000 ALTER TABLE `countries_backup` ENABLE KEYS */;
UNLOCK TABLES;

--
-- Table structure for table `countries_translations`
--

DROP TABLE IF EXISTS `countries_translations`;
/*!40101 SET @saved_cs_client     = @@character_set_client */;
/*!50503 SET character_set_client = utf8mb4 */;
CREATE TABLE `countries_translations` (
  `lang_code` varchar(191) COLLATE utf8mb4_unicode_ci NOT NULL,
  `countries_id` int NOT NULL,
  `name` varchar(120) COLLATE utf8mb4_unicode_ci DEFAULT NULL,
  `nationality` varchar(120) COLLATE utf8mb4_unicode_ci DEFAULT NULL,
  PRIMARY KEY (`lang_code`,`countries_id`)
) ENGINE=InnoDB DEFAULT CHARSET=utf8mb4 COLLATE=utf8mb4_unicode_ci;
/*!40101 SET character_set_client = @saved_cs_client */;

--
-- Dumping data for table `countries_translations`
--

LOCK TABLES `countries_translations` WRITE;
/*!40000 ALTER TABLE `countries_translations` DISABLE KEYS */;
/*!40000 ALTER TABLE `countries_translations` ENABLE KEYS */;
UNLOCK TABLES;

--
-- Table structure for table `dashboard_widget_settings`
--

DROP TABLE IF EXISTS `dashboard_widget_settings`;
/*!40101 SET @saved_cs_client     = @@character_set_client */;
/*!50503 SET character_set_client = utf8mb4 */;
CREATE TABLE `dashboard_widget_settings` (
  `id` bigint unsigned NOT NULL AUTO_INCREMENT,
  `settings` text COLLATE utf8mb4_unicode_ci,
  `user_id` bigint unsigned NOT NULL,
  `widget_id` bigint unsigned NOT NULL,
  `order` tinyint unsigned NOT NULL DEFAULT '0',
  `status` tinyint unsigned NOT NULL DEFAULT '1',
  `created_at` timestamp NULL DEFAULT NULL,
  `updated_at` timestamp NULL DEFAULT NULL,
  PRIMARY KEY (`id`),
  KEY `dashboard_widget_settings_user_id_index` (`user_id`),
  KEY `dashboard_widget_settings_widget_id_index` (`widget_id`)
) ENGINE=InnoDB DEFAULT CHARSET=utf8mb4 COLLATE=utf8mb4_unicode_ci;
/*!40101 SET character_set_client = @saved_cs_client */;

--
-- Dumping data for table `dashboard_widget_settings`
--

LOCK TABLES `dashboard_widget_settings` WRITE;
/*!40000 ALTER TABLE `dashboard_widget_settings` DISABLE KEYS */;
/*!40000 ALTER TABLE `dashboard_widget_settings` ENABLE KEYS */;
UNLOCK TABLES;

--
-- Table structure for table `dashboard_widgets`
--

DROP TABLE IF EXISTS `dashboard_widgets`;
/*!40101 SET @saved_cs_client     = @@character_set_client */;
/*!50503 SET character_set_client = utf8mb4 */;
CREATE TABLE `dashboard_widgets` (
  `id` bigint unsigned NOT NULL AUTO_INCREMENT,
  `name` varchar(120) COLLATE utf8mb4_unicode_ci NOT NULL,
  `created_at` timestamp NULL DEFAULT NULL,
  `updated_at` timestamp NULL DEFAULT NULL,
  PRIMARY KEY (`id`)
) ENGINE=InnoDB AUTO_INCREMENT=15 DEFAULT CHARSET=utf8mb4 COLLATE=utf8mb4_unicode_ci;
/*!40101 SET character_set_client = @saved_cs_client */;

--
-- Dumping data for table `dashboard_widgets`
--

LOCK TABLES `dashboard_widgets` WRITE;
/*!40000 ALTER TABLE `dashboard_widgets` DISABLE KEYS */;
INSERT INTO `dashboard_widgets` VALUES (1,'widget_total_1','2023-07-02 03:23:53','2023-07-02 03:23:53'),(2,'widget_total_2','2023-07-02 03:23:53','2023-07-02 03:23:53'),(3,'widget_total_themes','2023-07-02 03:23:53','2023-07-02 03:23:53'),(4,'widget_total_3','2023-07-02 03:23:53','2023-07-02 03:23:53'),(5,'widget_total_4','2023-07-02 03:23:53','2023-07-02 03:23:53'),(6,'widget_total_users','2023-07-02 03:23:53','2023-07-02 03:23:53'),(7,'widget_total_pages','2023-07-02 03:23:53','2023-07-02 03:23:53'),(8,'widget_total_plugins','2023-07-02 03:23:53','2023-07-02 03:23:53'),(9,'widget_analytics_general','2023-07-02 03:23:53','2023-07-02 03:23:53'),(10,'widget_analytics_page','2023-07-02 03:23:53','2023-07-02 03:23:53'),(11,'widget_analytics_browser','2023-07-02 03:23:53','2023-07-02 03:23:53'),(12,'widget_analytics_referrer','2023-07-02 03:23:53','2023-07-02 03:23:53'),(13,'widget_posts_recent','2023-07-02 03:23:53','2023-07-02 03:23:53'),(14,'widget_audit_logs','2023-07-02 03:23:53','2023-07-02 03:23:53');
/*!40000 ALTER TABLE `dashboard_widgets` ENABLE KEYS */;
UNLOCK TABLES;

--
-- Table structure for table `failed_jobs`
--

DROP TABLE IF EXISTS `failed_jobs`;
/*!40101 SET @saved_cs_client     = @@character_set_client */;
/*!50503 SET character_set_client = utf8mb4 */;
CREATE TABLE `failed_jobs` (
  `id` bigint unsigned NOT NULL AUTO_INCREMENT,
  `uuid` varchar(191) COLLATE utf8mb4_unicode_ci NOT NULL,
  `connection` text COLLATE utf8mb4_unicode_ci NOT NULL,
  `queue` text COLLATE utf8mb4_unicode_ci NOT NULL,
  `payload` longtext COLLATE utf8mb4_unicode_ci NOT NULL,
  `exception` longtext COLLATE utf8mb4_unicode_ci NOT NULL,
  `failed_at` timestamp NOT NULL DEFAULT CURRENT_TIMESTAMP,
  PRIMARY KEY (`id`),
  UNIQUE KEY `failed_jobs_uuid_unique` (`uuid`)
) ENGINE=InnoDB DEFAULT CHARSET=utf8mb4 COLLATE=utf8mb4_unicode_ci;
/*!40101 SET character_set_client = @saved_cs_client */;

--
-- Dumping data for table `failed_jobs`
--

LOCK TABLES `failed_jobs` WRITE;
/*!40000 ALTER TABLE `failed_jobs` DISABLE KEYS */;
/*!40000 ALTER TABLE `failed_jobs` ENABLE KEYS */;
UNLOCK TABLES;

--
-- Table structure for table `jobs`
--

DROP TABLE IF EXISTS `jobs`;
/*!40101 SET @saved_cs_client     = @@character_set_client */;
/*!50503 SET character_set_client = utf8mb4 */;
CREATE TABLE `jobs` (
  `id` bigint unsigned NOT NULL AUTO_INCREMENT,
  `queue` varchar(191) COLLATE utf8mb4_unicode_ci NOT NULL,
  `payload` longtext COLLATE utf8mb4_unicode_ci NOT NULL,
  `attempts` tinyint unsigned NOT NULL,
  `reserved_at` int unsigned DEFAULT NULL,
  `available_at` int unsigned NOT NULL,
  `created_at` int unsigned NOT NULL,
  PRIMARY KEY (`id`),
  KEY `jobs_queue_index` (`queue`)
) ENGINE=InnoDB DEFAULT CHARSET=utf8mb4 COLLATE=utf8mb4_unicode_ci;
/*!40101 SET character_set_client = @saved_cs_client */;

--
-- Dumping data for table `jobs`
--

LOCK TABLES `jobs` WRITE;
/*!40000 ALTER TABLE `jobs` DISABLE KEYS */;
/*!40000 ALTER TABLE `jobs` ENABLE KEYS */;
UNLOCK TABLES;

--
-- Table structure for table `language_meta`
--

DROP TABLE IF EXISTS `language_meta`;
/*!40101 SET @saved_cs_client     = @@character_set_client */;
/*!50503 SET character_set_client = utf8mb4 */;
CREATE TABLE `language_meta` (
  `lang_meta_id` bigint unsigned NOT NULL AUTO_INCREMENT,
  `lang_meta_code` varchar(20) CHARACTER SET utf8mb4 COLLATE utf8mb4_unicode_ci DEFAULT NULL,
  `lang_meta_origin` varchar(32) CHARACTER SET utf8mb4 COLLATE utf8mb4_unicode_ci NOT NULL,
  `reference_id` bigint unsigned NOT NULL,
  `reference_type` varchar(120) COLLATE utf8mb4_unicode_ci NOT NULL,
  PRIMARY KEY (`lang_meta_id`),
  KEY `language_meta_reference_id_index` (`reference_id`),
  KEY `meta_code_index` (`lang_meta_code`),
  KEY `meta_origin_index` (`lang_meta_origin`),
  KEY `meta_reference_type_index` (`reference_type`)
) ENGINE=InnoDB AUTO_INCREMENT=11 DEFAULT CHARSET=utf8mb4 COLLATE=utf8mb4_unicode_ci;
/*!40101 SET character_set_client = @saved_cs_client */;

--
-- Dumping data for table `language_meta`
--

LOCK TABLES `language_meta` WRITE;
/*!40000 ALTER TABLE `language_meta` DISABLE KEYS */;
INSERT INTO `language_meta` VALUES (1,'en_US','9f9cdc7cc53246c07ed0b4a5efd24351',1,'Botble\\Menu\\Models\\MenuLocation'),(2,'en_US','f638010704e338695cdb37be7f43b3ab',1,'Botble\\Menu\\Models\\Menu'),(3,'en_US','1667fda1b75533f4a9341bb9eebf4075',2,'Botble\\Menu\\Models\\Menu'),(4,'en_US','f281a876ee362202b7eae96ca1efb988',3,'Botble\\Menu\\Models\\Menu'),(5,'en_US','8bc236a572b334442c06fcff7037372e',4,'Botble\\Menu\\Models\\Menu'),(6,'vi','ce2145222458247b7ad4148dda86c52b',2,'Botble\\Menu\\Models\\MenuLocation'),(7,'vi','f638010704e338695cdb37be7f43b3ab',5,'Botble\\Menu\\Models\\Menu'),(8,'vi','1667fda1b75533f4a9341bb9eebf4075',6,'Botble\\Menu\\Models\\Menu'),(9,'vi','f281a876ee362202b7eae96ca1efb988',7,'Botble\\Menu\\Models\\Menu'),(10,'vi','8bc236a572b334442c06fcff7037372e',8,'Botble\\Menu\\Models\\Menu');
/*!40000 ALTER TABLE `language_meta` ENABLE KEYS */;
UNLOCK TABLES;

--
-- Table structure for table `language_meta_backup`
--

DROP TABLE IF EXISTS `language_meta_backup`;
/*!40101 SET @saved_cs_client     = @@character_set_client */;
/*!50503 SET character_set_client = utf8mb4 */;
CREATE TABLE `language_meta_backup` (
  `lang_meta_id` bigint unsigned NOT NULL AUTO_INCREMENT,
  `lang_meta_code` text COLLATE utf8mb4_unicode_ci,
  `lang_meta_origin` varchar(255) COLLATE utf8mb4_unicode_ci NOT NULL,
  `reference_id` bigint unsigned NOT NULL,
  `reference_type` varchar(120) COLLATE utf8mb4_unicode_ci NOT NULL,
  PRIMARY KEY (`lang_meta_id`),
  KEY `language_meta_reference_id_index` (`reference_id`)
) ENGINE=InnoDB DEFAULT CHARSET=utf8mb4 COLLATE=utf8mb4_unicode_ci;
/*!40101 SET character_set_client = @saved_cs_client */;

--
-- Dumping data for table `language_meta_backup`
--

LOCK TABLES `language_meta_backup` WRITE;
/*!40000 ALTER TABLE `language_meta_backup` DISABLE KEYS */;
/*!40000 ALTER TABLE `language_meta_backup` ENABLE KEYS */;
UNLOCK TABLES;

--
-- Table structure for table `languages`
--

DROP TABLE IF EXISTS `languages`;
/*!40101 SET @saved_cs_client     = @@character_set_client */;
/*!50503 SET character_set_client = utf8mb4 */;
CREATE TABLE `languages` (
  `lang_id` bigint unsigned NOT NULL AUTO_INCREMENT,
  `lang_name` varchar(120) COLLATE utf8mb4_unicode_ci NOT NULL,
  `lang_locale` varchar(20) COLLATE utf8mb4_unicode_ci NOT NULL,
  `lang_code` varchar(20) COLLATE utf8mb4_unicode_ci NOT NULL,
  `lang_flag` varchar(20) COLLATE utf8mb4_unicode_ci DEFAULT NULL,
  `lang_is_default` tinyint unsigned NOT NULL DEFAULT '0',
  `lang_order` int NOT NULL DEFAULT '0',
  `lang_is_rtl` tinyint unsigned NOT NULL DEFAULT '0',
  PRIMARY KEY (`lang_id`),
  KEY `lang_locale_index` (`lang_locale`),
  KEY `lang_code_index` (`lang_code`),
  KEY `lang_is_default_index` (`lang_is_default`)
) ENGINE=InnoDB AUTO_INCREMENT=2 DEFAULT CHARSET=utf8mb4 COLLATE=utf8mb4_unicode_ci;
/*!40101 SET character_set_client = @saved_cs_client */;

--
-- Dumping data for table `languages`
--

LOCK TABLES `languages` WRITE;
/*!40000 ALTER TABLE `languages` DISABLE KEYS */;
INSERT INTO `languages` VALUES (1,'English','en','en_US','us',1,0,0);
/*!40000 ALTER TABLE `languages` ENABLE KEYS */;
UNLOCK TABLES;

--
-- Table structure for table `media_files`
--

DROP TABLE IF EXISTS `media_files`;
/*!40101 SET @saved_cs_client     = @@character_set_client */;
/*!50503 SET character_set_client = utf8mb4 */;
CREATE TABLE `media_files` (
  `id` bigint unsigned NOT NULL AUTO_INCREMENT,
  `user_id` bigint unsigned NOT NULL,
  `name` varchar(255) COLLATE utf8mb4_unicode_ci NOT NULL,
  `alt` varchar(191) COLLATE utf8mb4_unicode_ci DEFAULT NULL,
  `folder_id` bigint unsigned NOT NULL DEFAULT '0',
  `mime_type` varchar(120) COLLATE utf8mb4_unicode_ci NOT NULL,
  `size` int NOT NULL,
  `url` varchar(255) COLLATE utf8mb4_unicode_ci NOT NULL,
  `options` text COLLATE utf8mb4_unicode_ci,
  `created_at` timestamp NULL DEFAULT NULL,
  `updated_at` timestamp NULL DEFAULT NULL,
  `deleted_at` timestamp NULL DEFAULT NULL,
  PRIMARY KEY (`id`),
  KEY `media_files_user_id_index` (`user_id`),
  KEY `media_files_index` (`folder_id`,`user_id`,`created_at`)
) ENGINE=InnoDB AUTO_INCREMENT=1775 DEFAULT CHARSET=utf8mb4 COLLATE=utf8mb4_unicode_ci;
/*!40101 SET character_set_client = @saved_cs_client */;

--
-- Dumping data for table `media_files`
--

LOCK TABLES `media_files` WRITE;
/*!40000 ALTER TABLE `media_files` DISABLE KEYS */;
INSERT INTO `media_files` VALUES (1656,0,'c-1','c-1',142,'image/png',2165,'cities/c-1.png','[]','2023-10-22 04:15:19','2023-10-22 04:15:19',NULL),(1657,0,'c-2','c-2',142,'image/png',2165,'cities/c-2.png','[]','2023-10-22 04:15:20','2023-10-22 04:15:20',NULL),(1658,0,'c-3','c-3',142,'image/png',2165,'cities/c-3.png','[]','2023-10-22 04:15:20','2023-10-22 04:15:20',NULL),(1659,0,'c-4','c-4',142,'image/png',2165,'cities/c-4.png','[]','2023-10-22 04:15:20','2023-10-22 04:15:20',NULL),(1660,0,'c-5','c-5',142,'image/png',2165,'cities/c-5.png','[]','2023-10-22 04:15:20','2023-10-22 04:15:20',NULL),(1661,0,'c-6','c-6',142,'image/png',2165,'cities/c-6.png','[]','2023-10-22 04:15:21','2023-10-22 04:15:21',NULL),(1662,0,'sb','sb',143,'image/png',2165,'block/sb.png','[]','2023-10-22 04:15:41','2023-10-22 04:15:41',NULL),(1663,0,'vec-2','vec-2',143,'image/png',2165,'block/vec-2.png','[]','2023-10-22 04:15:42','2023-10-22 04:15:42',NULL),(1664,0,'app','app',144,'image/png',2165,'banners/app.png','[]','2023-10-22 04:15:42','2023-10-22 04:15:42',NULL),(1665,0,'banner-1','banner-1',144,'image/jpeg',2165,'banners/banner-1.jpg','[]','2023-10-22 04:15:42','2023-10-22 04:15:42',NULL),(1666,0,'banner-2','banner-2',144,'image/jpeg',2165,'banners/banner-2.jpg','[]','2023-10-22 04:15:43','2023-10-22 04:15:43',NULL),(1667,0,'banner-3','banner-3',144,'image/jpeg',2165,'banners/banner-3.jpg','[]','2023-10-22 04:15:43','2023-10-22 04:15:43',NULL),(1668,0,'banner-4','banner-4',144,'image/png',2165,'banners/banner-4.png','[]','2023-10-22 04:15:43','2023-10-22 04:15:43',NULL),(1669,0,'banner-5','banner-5',144,'image/png',2165,'banners/banner-5.png','[]','2023-10-22 04:15:43','2023-10-22 04:15:43',NULL),(1670,0,'banner-6','banner-6',144,'image/png',2165,'banners/banner-6.png','[]','2023-10-22 04:15:44','2023-10-22 04:15:44',NULL),(1671,0,'banner-svg','banner-svg',144,'image/jpeg',2165,'banners/banner-svg.jpg','[]','2023-10-22 04:15:44','2023-10-22 04:15:44',NULL),(1672,0,'banner','banner',144,'video/mp4',2165,'banners/banner.mp4','[]','2023-10-22 04:15:44','2023-10-22 04:15:44',NULL),(1673,0,'banner-7','banner-7',144,'image/svg+xml',2165,'banners/banner-7.svg','[]','2023-10-22 04:15:44','2023-10-22 04:15:44',NULL),(1674,0,'home-2','home-2',144,'image/png',2165,'banners/home-2.png','[]','2023-10-22 04:15:44','2023-10-22 04:15:44',NULL),(1675,0,'new-banner','new-banner',144,'image/jpeg',2165,'banners/new-banner.jpg','[]','2023-10-22 04:15:45','2023-10-22 04:15:45',NULL),(1676,0,'favicon','favicon',145,'image/png',3178,'general/favicon.png','[]','2023-10-22 04:15:46','2023-10-22 04:15:46',NULL),(1677,0,'img-loading','img-loading',145,'image/jpeg',786,'general/img-loading.jpg','[]','2023-10-22 04:15:46','2023-10-22 04:15:46',NULL),(1678,0,'logo-light','logo-light',145,'image/png',10875,'general/logo-light.png','[]','2023-10-22 04:15:47','2023-10-22 04:15:47',NULL),(1679,0,'logo','logo',145,'image/png',11350,'general/logo.png','[]','2023-10-22 04:15:47','2023-10-22 04:15:47',NULL),(1680,0,'screenshot','screenshot',145,'image/png',165692,'general/screenshot.png','[]','2023-10-22 04:15:47','2023-10-22 04:15:47',NULL),(1681,0,'1','1',146,'image/jpeg',2165,'news/1.jpg','[]','2023-10-22 04:15:48','2023-10-22 04:15:48',NULL),(1682,0,'10','10',146,'image/jpeg',2165,'news/10.jpg','[]','2023-10-22 04:15:48','2023-10-22 04:15:48',NULL),(1683,0,'11','11',146,'image/jpeg',2165,'news/11.jpg','[]','2023-10-22 04:15:48','2023-10-22 04:15:48',NULL),(1684,0,'12','12',146,'image/jpeg',2165,'news/12.jpg','[]','2023-10-22 04:15:49','2023-10-22 04:15:49',NULL),(1685,0,'13','13',146,'image/jpeg',2165,'news/13.jpg','[]','2023-10-22 04:15:49','2023-10-22 04:15:49',NULL),(1686,0,'14','14',146,'image/jpeg',2165,'news/14.jpg','[]','2023-10-22 04:15:49','2023-10-22 04:15:49',NULL),(1687,0,'15','15',146,'image/jpeg',2165,'news/15.jpg','[]','2023-10-22 04:15:50','2023-10-22 04:15:50',NULL),(1688,0,'16','16',146,'image/jpeg',2165,'news/16.jpg','[]','2023-10-22 04:15:50','2023-10-22 04:15:50',NULL),(1689,0,'17','17',146,'image/jpeg',2165,'news/17.jpg','[]','2023-10-22 04:15:50','2023-10-22 04:15:50',NULL),(1690,0,'18','18',146,'image/jpeg',2165,'news/18.jpg','[]','2023-10-22 04:15:51','2023-10-22 04:15:51',NULL),(1691,0,'19','19',146,'image/jpeg',2165,'news/19.jpg','[]','2023-10-22 04:15:51','2023-10-22 04:15:51',NULL),(1692,0,'2','2',146,'image/jpeg',2165,'news/2.jpg','[]','2023-10-22 04:15:51','2023-10-22 04:15:51',NULL),(1693,0,'20','20',146,'image/jpeg',2165,'news/20.jpg','[]','2023-10-22 04:15:52','2023-10-22 04:15:52',NULL),(1694,0,'21','21',146,'image/jpeg',2165,'news/21.jpg','[]','2023-10-22 04:15:52','2023-10-22 04:15:52',NULL),(1695,0,'22','22',146,'image/jpeg',2165,'news/22.jpg','[]','2023-10-22 04:15:52','2023-10-22 04:15:52',NULL),(1696,0,'23','23',146,'image/jpeg',2165,'news/23.jpg','[]','2023-10-22 04:15:52','2023-10-22 04:15:52',NULL),(1697,0,'24','24',146,'image/jpeg',2165,'news/24.jpg','[]','2023-10-22 04:15:53','2023-10-22 04:15:53',NULL),(1698,0,'25','25',146,'image/jpeg',2165,'news/25.jpg','[]','2023-10-22 04:15:53','2023-10-22 04:15:53',NULL),(1699,0,'26','26',146,'image/jpeg',2165,'news/26.jpg','[]','2023-10-22 04:15:53','2023-10-22 04:15:53',NULL),(1700,0,'27','27',146,'image/jpeg',2165,'news/27.jpg','[]','2023-10-22 04:15:54','2023-10-22 04:15:54',NULL),(1701,0,'3','3',146,'image/jpeg',2165,'news/3.jpg','[]','2023-10-22 04:15:54','2023-10-22 04:15:54',NULL),(1702,0,'4','4',146,'image/jpeg',2165,'news/4.jpg','[]','2023-10-22 04:15:54','2023-10-22 04:15:54',NULL),(1703,0,'5','5',146,'image/jpeg',2165,'news/5.jpg','[]','2023-10-22 04:15:54','2023-10-22 04:15:54',NULL),(1704,0,'6','6',146,'image/jpeg',2165,'news/6.jpg','[]','2023-10-22 04:15:55','2023-10-22 04:15:55',NULL),(1705,0,'7','7',146,'image/jpeg',2165,'news/7.jpg','[]','2023-10-22 04:15:55','2023-10-22 04:15:55',NULL),(1706,0,'8','8',146,'image/jpeg',2165,'news/8.jpg','[]','2023-10-22 04:15:55','2023-10-22 04:15:55',NULL),(1707,0,'9','9',146,'image/jpeg',2165,'news/9.jpg','[]','2023-10-22 04:15:56','2023-10-22 04:15:56',NULL),(1708,0,'1','1',147,'image/jpeg',2165,'accounts/1.jpg','[]','2023-10-22 04:15:58','2023-10-22 04:15:58',NULL),(1709,0,'10','10',147,'image/jpeg',2165,'accounts/10.jpg','[]','2023-10-22 04:15:58','2023-10-22 04:15:58',NULL),(1710,0,'2','2',147,'image/jpeg',2165,'accounts/2.jpg','[]','2023-10-22 04:15:59','2023-10-22 04:15:59',NULL),(1711,0,'3','3',147,'image/jpeg',2165,'accounts/3.jpg','[]','2023-10-22 04:15:59','2023-10-22 04:15:59',NULL),(1712,0,'4','4',147,'image/jpeg',2165,'accounts/4.jpg','[]','2023-10-22 04:16:00','2023-10-22 04:16:00',NULL),(1713,0,'5','5',147,'image/jpeg',2165,'accounts/5.jpg','[]','2023-10-22 04:16:00','2023-10-22 04:16:00',NULL),(1714,0,'6','6',147,'image/jpeg',2165,'accounts/6.jpg','[]','2023-10-22 04:16:00','2023-10-22 04:16:00',NULL),(1715,0,'7','7',147,'image/jpeg',2165,'accounts/7.jpg','[]','2023-10-22 04:16:00','2023-10-22 04:16:00',NULL),(1716,0,'8','8',147,'image/jpeg',2165,'accounts/8.jpg','[]','2023-10-22 04:16:01','2023-10-22 04:16:01',NULL),(1717,0,'9','9',147,'image/jpeg',2165,'accounts/9.jpg','[]','2023-10-22 04:16:01','2023-10-22 04:16:01',NULL),(1718,0,'p-1','p-1',148,'image/jpeg',2165,'properties/p-1.jpg','[]','2023-10-22 04:16:05','2023-10-22 04:16:05',NULL),(1719,0,'p-10','p-10',148,'image/jpeg',2165,'properties/p-10.jpg','[]','2023-10-22 04:16:05','2023-10-22 04:16:05',NULL),(1720,0,'p-11','p-11',148,'image/jpeg',2165,'properties/p-11.jpg','[]','2023-10-22 04:16:06','2023-10-22 04:16:06',NULL),(1721,0,'p-12','p-12',148,'image/jpeg',2165,'properties/p-12.jpg','[]','2023-10-22 04:16:06','2023-10-22 04:16:06',NULL),(1722,0,'p-13','p-13',148,'image/jpeg',2165,'properties/p-13.jpg','[]','2023-10-22 04:16:06','2023-10-22 04:16:06',NULL),(1723,0,'p-14','p-14',148,'image/jpeg',2165,'properties/p-14.jpg','[]','2023-10-22 04:16:06','2023-10-22 04:16:06',NULL),(1724,0,'p-15','p-15',148,'image/jpeg',2165,'properties/p-15.jpg','[]','2023-10-22 04:16:07','2023-10-22 04:16:07',NULL),(1725,0,'p-16','p-16',148,'image/jpeg',2165,'properties/p-16.jpg','[]','2023-10-22 04:16:07','2023-10-22 04:16:07',NULL),(1726,0,'p-17','p-17',148,'image/jpeg',2165,'properties/p-17.jpg','[]','2023-10-22 04:16:07','2023-10-22 04:16:07',NULL),(1727,0,'p-18','p-18',148,'image/jpeg',2165,'properties/p-18.jpg','[]','2023-10-22 04:16:08','2023-10-22 04:16:08',NULL),(1728,0,'p-19','p-19',148,'image/jpeg',2165,'properties/p-19.jpg','[]','2023-10-22 04:16:08','2023-10-22 04:16:08',NULL),(1729,0,'p-2','p-2',148,'image/jpeg',2165,'properties/p-2.jpg','[]','2023-10-22 04:16:08','2023-10-22 04:16:08',NULL),(1730,0,'p-20','p-20',148,'image/jpeg',2165,'properties/p-20.jpg','[]','2023-10-22 04:16:09','2023-10-22 04:16:09',NULL),(1731,0,'p-21','p-21',148,'image/jpeg',2165,'properties/p-21.jpg','[]','2023-10-22 04:16:09','2023-10-22 04:16:09',NULL),(1732,0,'p-22','p-22',148,'image/jpeg',2165,'properties/p-22.jpg','[]','2023-10-22 04:16:09','2023-10-22 04:16:09',NULL),(1733,0,'p-23','p-23',148,'image/jpeg',2165,'properties/p-23.jpg','[]','2023-10-22 04:16:09','2023-10-22 04:16:09',NULL),(1734,0,'p-24','p-24',148,'image/jpeg',2165,'properties/p-24.jpg','[]','2023-10-22 04:16:10','2023-10-22 04:16:10',NULL),(1735,0,'p-25','p-25',148,'image/jpeg',2165,'properties/p-25.jpg','[]','2023-10-22 04:16:10','2023-10-22 04:16:10',NULL),(1736,0,'p-26','p-26',148,'image/jpeg',2165,'properties/p-26.jpg','[]','2023-10-22 04:16:10','2023-10-22 04:16:10',NULL),(1737,0,'p-27','p-27',148,'image/jpeg',2165,'properties/p-27.jpg','[]','2023-10-22 04:16:10','2023-10-22 04:16:10',NULL),(1738,0,'p-3','p-3',148,'image/jpeg',2165,'properties/p-3.jpg','[]','2023-10-22 04:16:11','2023-10-22 04:16:11',NULL),(1739,0,'p-4','p-4',148,'image/jpeg',2165,'properties/p-4.jpg','[]','2023-10-22 04:16:11','2023-10-22 04:16:11',NULL),(1740,0,'p-5','p-5',148,'image/jpeg',2165,'properties/p-5.jpg','[]','2023-10-22 04:16:11','2023-10-22 04:16:11',NULL),(1741,0,'p-6','p-6',148,'image/jpeg',2165,'properties/p-6.jpg','[]','2023-10-22 04:16:12','2023-10-22 04:16:12',NULL),(1742,0,'p-7','p-7',148,'image/jpeg',2165,'properties/p-7.jpg','[]','2023-10-22 04:16:12','2023-10-22 04:16:12',NULL),(1743,0,'p-8','p-8',148,'image/jpeg',2165,'properties/p-8.jpg','[]','2023-10-22 04:16:12','2023-10-22 04:16:12',NULL),(1744,0,'p-9','p-9',148,'image/jpeg',2165,'properties/p-9.jpg','[]','2023-10-22 04:16:12','2023-10-22 04:16:12',NULL),(1745,0,'1','1',149,'image/jpeg',2165,'testimonials/1.jpg','[]','2023-10-22 04:16:17','2023-10-22 04:16:17',NULL),(1746,0,'2','2',149,'image/jpeg',2165,'testimonials/2.jpg','[]','2023-10-22 04:16:17','2023-10-22 04:16:17',NULL),(1747,0,'3','3',149,'image/jpeg',2165,'testimonials/3.jpg','[]','2023-10-22 04:16:18','2023-10-22 04:16:18',NULL),(1748,0,'4','4',149,'image/jpeg',2165,'testimonials/4.jpg','[]','2023-10-22 04:16:18','2023-10-22 04:16:18',NULL),(1749,0,'5','5',149,'image/jpeg',2165,'testimonials/5.jpg','[]','2023-10-22 04:16:18','2023-10-22 04:16:18',NULL),(1750,0,'investor-1','investor-1',150,'image/jpeg',694060,'investors/investor-1.jpg','[]','2023-10-22 04:16:19','2023-10-22 04:16:19',NULL),(1751,0,'investor-2','investor-2',150,'image/jpeg',937274,'investors/investor-2.jpg','[]','2023-10-22 04:16:23','2023-10-22 04:16:23',NULL),(1752,0,'investor-3','investor-3',150,'image/jpeg',710188,'investors/investor-3.jpg','[]','2023-10-22 04:16:27','2023-10-22 04:16:27',NULL),(1753,0,'investor-4','investor-4',150,'image/jpeg',1128285,'investors/investor-4.jpg','[]','2023-10-22 04:16:31','2023-10-22 04:16:31',NULL),(1754,0,'investor-5','investor-5',150,'image/jpeg',930482,'investors/investor-5.jpg','[]','2023-10-22 04:16:36','2023-10-22 04:16:36',NULL),(1755,0,'1','1',151,'image/jpeg',1612416,'projects/1.jpg','[]','2023-10-22 04:16:40','2023-10-22 04:16:40',NULL),(1756,0,'10','10',151,'image/jpeg',989084,'projects/10.jpg','[]','2023-10-22 04:16:42','2023-10-22 04:16:42',NULL),(1757,0,'11','11',151,'image/jpeg',760250,'projects/11.jpg','[]','2023-10-22 04:16:44','2023-10-22 04:16:44',NULL),(1758,0,'12','12',151,'image/jpeg',860197,'projects/12.jpg','[]','2023-10-22 04:16:45','2023-10-22 04:16:45',NULL),(1759,0,'13','13',151,'image/jpeg',622657,'projects/13.jpg','[]','2023-10-22 04:16:46','2023-10-22 04:16:46',NULL),(1760,0,'14','14',151,'image/jpeg',532664,'projects/14.jpg','[]','2023-10-22 04:16:47','2023-10-22 04:16:47',NULL),(1761,0,'15','15',151,'image/jpeg',347684,'projects/15.jpg','[]','2023-10-22 04:16:48','2023-10-22 04:16:48',NULL),(1762,0,'16','16',151,'image/jpeg',324154,'projects/16.jpg','[]','2023-10-22 04:16:48','2023-10-22 04:16:48',NULL),(1763,0,'17','17',151,'image/jpeg',1057476,'projects/17.jpg','[]','2023-10-22 04:16:49','2023-10-22 04:16:49',NULL),(1764,0,'18','18',151,'image/jpeg',344542,'projects/18.jpg','[]','2023-10-22 04:16:50','2023-10-22 04:16:50',NULL),(1765,0,'19','19',151,'image/jpeg',457851,'projects/19.jpg','[]','2023-10-22 04:16:51','2023-10-22 04:16:51',NULL),(1766,0,'2','2',151,'image/jpeg',636473,'projects/2.jpg','[]','2023-10-22 04:16:51','2023-10-22 04:16:51',NULL),(1767,0,'20','20',151,'image/jpeg',305992,'projects/20.jpg','[]','2023-10-22 04:16:52','2023-10-22 04:16:52',NULL),(1768,0,'3','3',151,'image/jpeg',1165975,'projects/3.jpg','[]','2023-10-22 04:16:53','2023-10-22 04:16:53',NULL),(1769,0,'4','4',151,'image/jpeg',654739,'projects/4.jpg','[]','2023-10-22 04:16:54','2023-10-22 04:16:54',NULL),(1770,0,'5','5',151,'image/jpeg',768009,'projects/5.jpg','[]','2023-10-22 04:16:55','2023-10-22 04:16:55',NULL),(1771,0,'6','6',151,'image/jpeg',814927,'projects/6.jpg','[]','2023-10-22 04:16:56','2023-10-22 04:16:56',NULL),(1772,0,'7','7',151,'image/jpeg',981106,'projects/7.jpg','[]','2023-10-22 04:16:57','2023-10-22 04:16:57',NULL),(1773,0,'8','8',151,'image/jpeg',552319,'projects/8.jpg','[]','2023-10-22 04:16:58','2023-10-22 04:16:58',NULL),(1774,0,'9','9',151,'image/jpeg',930649,'projects/9.jpg','[]','2023-10-22 04:16:59','2023-10-22 04:16:59',NULL);
/*!40000 ALTER TABLE `media_files` ENABLE KEYS */;
UNLOCK TABLES;

--
-- Table structure for table `media_folders`
--

DROP TABLE IF EXISTS `media_folders`;
/*!40101 SET @saved_cs_client     = @@character_set_client */;
/*!50503 SET character_set_client = utf8mb4 */;
CREATE TABLE `media_folders` (
  `id` bigint unsigned NOT NULL AUTO_INCREMENT,
  `user_id` bigint unsigned NOT NULL,
  `name` varchar(191) COLLATE utf8mb4_unicode_ci DEFAULT NULL,
  `slug` varchar(191) COLLATE utf8mb4_unicode_ci DEFAULT NULL,
  `parent_id` bigint unsigned NOT NULL DEFAULT '0',
  `created_at` timestamp NULL DEFAULT NULL,
  `updated_at` timestamp NULL DEFAULT NULL,
  `deleted_at` timestamp NULL DEFAULT NULL,
  PRIMARY KEY (`id`),
  KEY `media_folders_user_id_index` (`user_id`),
  KEY `media_folders_index` (`parent_id`,`user_id`,`created_at`)
) ENGINE=InnoDB AUTO_INCREMENT=152 DEFAULT CHARSET=utf8mb4 COLLATE=utf8mb4_unicode_ci;
/*!40101 SET character_set_client = @saved_cs_client */;

--
-- Dumping data for table `media_folders`
--

LOCK TABLES `media_folders` WRITE;
/*!40000 ALTER TABLE `media_folders` DISABLE KEYS */;
INSERT INTO `media_folders` VALUES (142,0,'cities','cities',0,'2023-10-22 04:15:19','2023-10-22 04:15:19',NULL),(143,0,'block','block',0,'2023-10-22 04:15:41','2023-10-22 04:15:41',NULL),(144,0,'banners','banners',0,'2023-10-22 04:15:42','2023-10-22 04:15:42',NULL),(145,0,'general','general',0,'2023-10-22 04:15:46','2023-10-22 04:15:46',NULL),(146,0,'news','news',0,'2023-10-22 04:15:48','2023-10-22 04:15:48',NULL),(147,0,'accounts','accounts',0,'2023-10-22 04:15:58','2023-10-22 04:15:58',NULL),(148,0,'properties','properties',0,'2023-10-22 04:16:05','2023-10-22 04:16:05',NULL),(149,0,'testimonials','testimonials',0,'2023-10-22 04:16:17','2023-10-22 04:16:17',NULL),(150,0,'investors','investors',0,'2023-10-22 04:16:19','2023-10-22 04:16:19',NULL),(151,0,'projects','projects',0,'2023-10-22 04:16:40','2023-10-22 04:16:40',NULL);
/*!40000 ALTER TABLE `media_folders` ENABLE KEYS */;
UNLOCK TABLES;

--
-- Table structure for table `media_settings`
--

DROP TABLE IF EXISTS `media_settings`;
/*!40101 SET @saved_cs_client     = @@character_set_client */;
/*!50503 SET character_set_client = utf8mb4 */;
CREATE TABLE `media_settings` (
  `id` bigint unsigned NOT NULL AUTO_INCREMENT,
  `key` varchar(120) COLLATE utf8mb4_unicode_ci NOT NULL,
  `value` text COLLATE utf8mb4_unicode_ci,
  `media_id` bigint unsigned DEFAULT NULL,
  `user_id` bigint unsigned DEFAULT NULL,
  `created_at` timestamp NULL DEFAULT NULL,
  `updated_at` timestamp NULL DEFAULT NULL,
  PRIMARY KEY (`id`)
) ENGINE=InnoDB DEFAULT CHARSET=utf8mb4 COLLATE=utf8mb4_unicode_ci;
/*!40101 SET character_set_client = @saved_cs_client */;

--
-- Dumping data for table `media_settings`
--

LOCK TABLES `media_settings` WRITE;
/*!40000 ALTER TABLE `media_settings` DISABLE KEYS */;
/*!40000 ALTER TABLE `media_settings` ENABLE KEYS */;
UNLOCK TABLES;

--
-- Table structure for table `menu_locations`
--

DROP TABLE IF EXISTS `menu_locations`;
/*!40101 SET @saved_cs_client     = @@character_set_client */;
/*!50503 SET character_set_client = utf8mb4 */;
CREATE TABLE `menu_locations` (
  `id` bigint unsigned NOT NULL AUTO_INCREMENT,
  `menu_id` bigint unsigned NOT NULL,
  `location` varchar(120) COLLATE utf8mb4_unicode_ci NOT NULL,
  `created_at` timestamp NULL DEFAULT NULL,
  `updated_at` timestamp NULL DEFAULT NULL,
  PRIMARY KEY (`id`),
  KEY `menu_locations_menu_id_created_at_index` (`menu_id`,`created_at`)
) ENGINE=InnoDB AUTO_INCREMENT=3 DEFAULT CHARSET=utf8mb4 COLLATE=utf8mb4_unicode_ci;
/*!40101 SET character_set_client = @saved_cs_client */;

--
-- Dumping data for table `menu_locations`
--

LOCK TABLES `menu_locations` WRITE;
/*!40000 ALTER TABLE `menu_locations` DISABLE KEYS */;
INSERT INTO `menu_locations` VALUES (1,1,'main-menu','2023-10-22 04:15:45','2023-10-22 04:15:45'),(2,5,'main-menu','2023-10-22 04:15:46','2023-10-22 04:15:46');
/*!40000 ALTER TABLE `menu_locations` ENABLE KEYS */;
UNLOCK TABLES;

--
-- Table structure for table `menu_nodes`
--

DROP TABLE IF EXISTS `menu_nodes`;
/*!40101 SET @saved_cs_client     = @@character_set_client */;
/*!50503 SET character_set_client = utf8mb4 */;
CREATE TABLE `menu_nodes` (
  `id` bigint unsigned NOT NULL AUTO_INCREMENT,
  `menu_id` bigint unsigned NOT NULL,
  `parent_id` bigint unsigned NOT NULL DEFAULT '0',
  `reference_id` bigint unsigned DEFAULT NULL,
  `reference_type` varchar(255) COLLATE utf8mb4_unicode_ci DEFAULT NULL,
  `url` varchar(120) COLLATE utf8mb4_unicode_ci DEFAULT NULL,
  `icon_font` varchar(50) COLLATE utf8mb4_unicode_ci DEFAULT NULL,
  `position` tinyint unsigned NOT NULL DEFAULT '0',
  `title` varchar(120) COLLATE utf8mb4_unicode_ci DEFAULT NULL,
  `css_class` varchar(120) COLLATE utf8mb4_unicode_ci DEFAULT NULL,
  `target` varchar(20) COLLATE utf8mb4_unicode_ci NOT NULL DEFAULT '_self',
  `has_child` tinyint unsigned NOT NULL DEFAULT '0',
  `created_at` timestamp NULL DEFAULT NULL,
  `updated_at` timestamp NULL DEFAULT NULL,
  PRIMARY KEY (`id`),
  KEY `menu_nodes_menu_id_index` (`menu_id`),
  KEY `menu_nodes_parent_id_index` (`parent_id`),
  KEY `reference_id` (`reference_id`),
  KEY `reference_type` (`reference_type`)
) ENGINE=InnoDB AUTO_INCREMENT=109 DEFAULT CHARSET=utf8mb4 COLLATE=utf8mb4_unicode_ci;
/*!40101 SET character_set_client = @saved_cs_client */;

--
-- Dumping data for table `menu_nodes`
--

LOCK TABLES `menu_nodes` WRITE;
/*!40000 ALTER TABLE `menu_nodes` DISABLE KEYS */;
INSERT INTO `menu_nodes` VALUES (1,1,0,NULL,NULL,'/',NULL,0,'Home',NULL,'_self',1,'2023-10-22 04:15:45','2023-10-22 04:15:45'),(2,1,1,NULL,NULL,'/',NULL,0,'Home layout 1',NULL,'_self',0,'2023-10-22 04:15:45','2023-10-22 04:15:45'),(3,1,1,2,'Botble\\Page\\Models\\Page','/home-layout-2',NULL,0,'Home layout 2',NULL,'_self',0,'2023-10-22 04:15:45','2023-10-22 04:15:46'),(4,1,1,3,'Botble\\Page\\Models\\Page','/home-layout-3',NULL,0,'Home layout 3',NULL,'_self',0,'2023-10-22 04:15:45','2023-10-22 04:15:46'),(5,1,1,4,'Botble\\Page\\Models\\Page','/home-layout-4',NULL,0,'Home layout 4',NULL,'_self',0,'2023-10-22 04:15:45','2023-10-22 04:15:46'),(6,1,1,5,'Botble\\Page\\Models\\Page','/home-layout-5',NULL,0,'Home layout 5',NULL,'_self',0,'2023-10-22 04:15:45','2023-10-22 04:15:46'),(7,1,1,6,'Botble\\Page\\Models\\Page','/home-layout-6',NULL,0,'Home layout 6',NULL,'_self',0,'2023-10-22 04:15:45','2023-10-22 04:15:46'),(8,1,1,7,'Botble\\Page\\Models\\Page','/home-layout-7',NULL,0,'Home layout 7',NULL,'_self',0,'2023-10-22 04:15:45','2023-10-22 04:15:46'),(9,1,1,8,'Botble\\Page\\Models\\Page','/home-layout-8',NULL,0,'Home layout 8',NULL,'_self',0,'2023-10-22 04:15:45','2023-10-22 04:15:46'),(10,1,1,9,'Botble\\Page\\Models\\Page','/home-layout-9',NULL,0,'Home layout 9',NULL,'_self',0,'2023-10-22 04:15:45','2023-10-22 04:15:46'),(11,1,1,10,'Botble\\Page\\Models\\Page','/map-home-layout',NULL,0,'Map home layout',NULL,'_self',0,'2023-10-22 04:15:45','2023-10-22 04:15:46'),(12,1,0,NULL,NULL,'/properties',NULL,0,'Listings',NULL,'_self',1,'2023-10-22 04:15:45','2023-10-22 04:15:45'),(13,1,12,NULL,NULL,'/properties?layout=sidebar',NULL,0,'List Layout',NULL,'_self',1,'2023-10-22 04:15:45','2023-10-22 04:15:45'),(14,1,13,NULL,NULL,'/properties?layout=sidebar',NULL,0,'With Sidebar',NULL,'_self',0,'2023-10-22 04:15:45','2023-10-22 04:15:45'),(15,1,13,NULL,NULL,'/properties?layout=map',NULL,0,'With Map',NULL,'_self',0,'2023-10-22 04:15:45','2023-10-22 04:15:45'),(16,1,13,NULL,NULL,'/properties?layout=full',NULL,0,'Full width',NULL,'_self',0,'2023-10-22 04:15:45','2023-10-22 04:15:45'),(17,1,12,NULL,NULL,'/properties?layout=grid_sidebar',NULL,0,'Grid Layout',NULL,'_self',1,'2023-10-22 04:15:45','2023-10-22 04:15:45'),(18,1,17,NULL,NULL,'/properties?layout=grid_sidebar',NULL,0,'With Sidebar',NULL,'_self',0,'2023-10-22 04:15:45','2023-10-22 04:15:45'),(19,1,17,NULL,NULL,'/properties?layout=grid_map',NULL,0,'With Map',NULL,'_self',0,'2023-10-22 04:15:45','2023-10-22 04:15:45'),(20,1,17,NULL,NULL,'/properties?layout=grid_full',NULL,0,'Full width',NULL,'_self',0,'2023-10-22 04:15:45','2023-10-22 04:15:45'),(21,1,12,NULL,NULL,'/properties?layout=half_map',NULL,0,'Half Map Search',NULL,'_self',0,'2023-10-22 04:15:45','2023-10-22 04:15:45'),(22,1,0,NULL,NULL,'/projects',NULL,0,'Projects',NULL,'_self',0,'2023-10-22 04:15:45','2023-10-22 04:15:45'),(23,1,0,NULL,NULL,'/',NULL,0,'Features',NULL,'_self',1,'2023-10-22 04:15:45','2023-10-22 04:15:45'),(24,1,23,NULL,NULL,'/',NULL,0,'Single Property',NULL,'_self',1,'2023-10-22 04:15:45','2023-10-22 04:15:45'),(25,1,24,1,'Botble\\RealEstate\\Models\\Property','/',NULL,0,'Single Property 1',NULL,'_self',0,'2023-10-22 04:15:45','2023-10-22 04:15:46'),(26,1,24,2,'Botble\\RealEstate\\Models\\Property','/',NULL,0,'Single Property 2',NULL,'_self',0,'2023-10-22 04:15:45','2023-10-22 04:15:46'),(27,1,24,3,'Botble\\RealEstate\\Models\\Property','/',NULL,0,'Single Property 3',NULL,'_self',0,'2023-10-22 04:15:45','2023-10-22 04:15:46'),(28,1,23,NULL,NULL,'/',NULL,0,'Agents',NULL,'_self',1,'2023-10-22 04:15:45','2023-10-22 04:15:45'),(29,1,28,NULL,NULL,'/agents',NULL,0,'Agents List',NULL,'_self',0,'2023-10-22 04:15:45','2023-10-22 04:15:45'),(30,1,28,NULL,NULL,'/agents/thesky9',NULL,0,'Agents Detail Page',NULL,'_self',0,'2023-10-22 04:15:45','2023-10-22 04:15:45'),(31,1,23,NULL,NULL,'/',NULL,0,'My Account',NULL,'_self',1,'2023-10-22 04:15:45','2023-10-22 04:15:45'),(32,1,31,NULL,NULL,'/account/dashboard',NULL,0,'User Dashboard',NULL,'_self',0,'2023-10-22 04:15:45','2023-10-22 04:15:45'),(33,1,31,NULL,NULL,'/account/properties',NULL,0,'Properties',NULL,'_self',0,'2023-10-22 04:15:45','2023-10-22 04:15:45'),(34,1,31,NULL,NULL,'/account/settings',NULL,0,'My Profile',NULL,'_self',0,'2023-10-22 04:15:45','2023-10-22 04:15:45'),(35,1,31,NULL,NULL,'/account/packages',NULL,0,'Packages',NULL,'_self',0,'2023-10-22 04:15:45','2023-10-22 04:15:45'),(36,1,31,NULL,NULL,'/account/security',NULL,0,'Change Password',NULL,'_self',0,'2023-10-22 04:15:45','2023-10-22 04:15:45'),(37,1,23,NULL,NULL,'/account/properties/create',NULL,0,'Submit Property',NULL,'_self',0,'2023-10-22 04:15:45','2023-10-22 04:15:45'),(38,1,0,NULL,NULL,'/',NULL,0,'Pages',NULL,'_self',1,'2023-10-22 04:15:45','2023-10-22 04:15:45'),(39,1,38,12,'Botble\\Page\\Models\\Page','/news',NULL,0,'Blogs Page',NULL,'_self',0,'2023-10-22 04:15:45','2023-10-22 04:15:46'),(40,1,38,1,'Botble\\Blog\\Models\\Post','/',NULL,0,'Blog Detail',NULL,'_self',0,'2023-10-22 04:15:45','2023-10-22 04:15:46'),(41,1,38,NULL,NULL,'/home#pricing-section',NULL,0,'Pricing',NULL,'_self',0,'2023-10-22 04:15:45','2023-10-22 04:15:45'),(42,1,38,39,'Botble\\Page\\Models\\Page','/error-page',NULL,0,'Error Page',NULL,'_self',0,'2023-10-22 04:15:45','2023-10-22 04:15:45'),(43,1,38,14,'Botble\\Page\\Models\\Page','/contact',NULL,0,'Contact',NULL,'_self',0,'2023-10-22 04:15:45','2023-10-22 04:15:46'),(44,1,0,NULL,NULL,'/register',NULL,0,'Sign Up',NULL,'_self',0,'2023-10-22 04:15:45','2023-10-22 04:15:45'),(45,2,0,13,'Botble\\Page\\Models\\Page','/about-us',NULL,0,'About us',NULL,'_self',0,'2023-10-22 04:15:45','2023-10-22 04:15:46'),(46,2,0,14,'Botble\\Page\\Models\\Page','/contact',NULL,0,'Contact us',NULL,'_self',0,'2023-10-22 04:15:45','2023-10-22 04:15:46'),(47,2,0,15,'Botble\\Page\\Models\\Page','/terms-conditions',NULL,0,'Terms & Conditions',NULL,'_self',0,'2023-10-22 04:15:45','2023-10-22 04:15:46'),(48,3,0,NULL,NULL,'/properties',NULL,0,'All properties',NULL,'_self',0,'2023-10-22 04:15:45','2023-10-22 04:15:45'),(49,3,0,NULL,NULL,'/properties?type=sale',NULL,0,'Houses for sale',NULL,'_self',0,'2023-10-22 04:15:45','2023-10-22 04:15:45'),(50,3,0,NULL,NULL,'/properties?type=rent',NULL,0,'Houses for rent',NULL,'_self',0,'2023-10-22 04:15:45','2023-10-22 04:15:45'),(51,4,0,NULL,NULL,'/news',NULL,0,'Latest news',NULL,'_self',0,'2023-10-22 04:15:45','2023-10-22 04:15:45'),(52,4,0,NULL,NULL,'/house-architecture',NULL,0,'House architecture',NULL,'_self',0,'2023-10-22 04:15:46','2023-10-22 04:15:46'),(53,4,0,NULL,NULL,'/house-design',NULL,0,'House design',NULL,'_self',0,'2023-10-22 04:15:46','2023-10-22 04:15:46'),(54,4,0,NULL,NULL,'/building-materials',NULL,0,'Building materials',NULL,'_self',0,'2023-10-22 04:15:46','2023-10-22 04:15:46'),(55,5,0,1,'Botble\\Page\\Models\\Page','/home',NULL,0,'Trang chủ',NULL,'_self',1,'2023-10-22 04:15:46','2023-10-22 04:15:46'),(56,5,55,1,'Botble\\Page\\Models\\Page','/home',NULL,0,'Trang chủ 1',NULL,'_self',0,'2023-10-22 04:15:46','2023-10-22 04:15:46'),(57,5,55,2,'Botble\\Page\\Models\\Page','/home-layout-2',NULL,0,'Trang chủ 2',NULL,'_self',0,'2023-10-22 04:15:46','2023-10-22 04:15:46'),(58,5,55,3,'Botble\\Page\\Models\\Page','/home-layout-3',NULL,0,'Trang chủ 3',NULL,'_self',0,'2023-10-22 04:15:46','2023-10-22 04:15:46'),(59,5,55,4,'Botble\\Page\\Models\\Page','/home-layout-4',NULL,0,'Trang chủ 4',NULL,'_self',0,'2023-10-22 04:15:46','2023-10-22 04:15:46'),(60,5,55,5,'Botble\\Page\\Models\\Page','/home-layout-5',NULL,0,'Trang chủ 5',NULL,'_self',0,'2023-10-22 04:15:46','2023-10-22 04:15:46'),(61,5,55,6,'Botble\\Page\\Models\\Page','/home-layout-6',NULL,0,'Trang chủ 6',NULL,'_self',0,'2023-10-22 04:15:46','2023-10-22 04:15:46'),(62,5,55,7,'Botble\\Page\\Models\\Page','/home-layout-7',NULL,0,'Trang chủ 7',NULL,'_self',0,'2023-10-22 04:15:46','2023-10-22 04:15:46'),(63,5,55,8,'Botble\\Page\\Models\\Page','/home-layout-8',NULL,0,'Trang chủ 8',NULL,'_self',0,'2023-10-22 04:15:46','2023-10-22 04:15:46'),(64,5,55,9,'Botble\\Page\\Models\\Page','/home-layout-9',NULL,0,'Trang chủ 9',NULL,'_self',0,'2023-10-22 04:15:46','2023-10-22 04:15:46'),(65,5,55,10,'Botble\\Page\\Models\\Page','/map-home-layout',NULL,0,'Trang chủ bản đồ',NULL,'_self',0,'2023-10-22 04:15:46','2023-10-22 04:15:46'),(66,5,0,NULL,NULL,'/properties?layout=sidebar',NULL,0,'Danh sách',NULL,'_self',1,'2023-10-22 04:15:46','2023-10-22 04:15:46'),(67,5,66,NULL,NULL,'/properties?layout=sidebar',NULL,0,'Dạng list',NULL,'_self',1,'2023-10-22 04:15:46','2023-10-22 04:15:46'),(68,5,67,NULL,NULL,'/properties?layout=sidebar',NULL,0,'Có thanh bên',NULL,'_self',0,'2023-10-22 04:15:46','2023-10-22 04:15:46'),(69,5,67,NULL,NULL,'/properties?layout=full',NULL,0,'Chiều rộng đầy đủ',NULL,'_self',0,'2023-10-22 04:15:46','2023-10-22 04:15:46'),(70,5,67,NULL,NULL,'/properties?layout=map',NULL,0,'Có Bản Đồ',NULL,'_self',0,'2023-10-22 04:15:46','2023-10-22 04:15:46'),(71,5,66,NULL,NULL,'/properties?layout=grid_sidebar',NULL,0,'Dạng cột',NULL,'_self',1,'2023-10-22 04:15:46','2023-10-22 04:15:46'),(72,5,71,NULL,NULL,'/properties?layout=grid_sidebar',NULL,0,'Có thanh bên',NULL,'_self',0,'2023-10-22 04:15:46','2023-10-22 04:15:46'),(73,5,71,NULL,NULL,'/properties?layout=grid_map',NULL,0,'Có Map',NULL,'_self',0,'2023-10-22 04:15:46','2023-10-22 04:15:46'),(74,5,71,NULL,NULL,'/properties?layout=grid_full',NULL,0,'Chiều rộng đầy đủ',NULL,'_self',0,'2023-10-22 04:15:46','2023-10-22 04:15:46'),(75,5,66,NULL,NULL,'/properties?layout=half_map',NULL,0,'Có 1/2 bản đồ',NULL,'_self',0,'2023-10-22 04:15:46','2023-10-22 04:15:46'),(76,5,0,NULL,NULL,'/projects',NULL,0,'Dự án',NULL,'_self',0,'2023-10-22 04:15:46','2023-10-22 04:15:46'),(77,5,0,NULL,NULL,NULL,NULL,0,'Tính năng',NULL,'_self',1,'2023-10-22 04:15:46','2023-10-22 04:15:46'),(78,5,77,21,'Botble\\RealEstate\\Models\\Property',NULL,NULL,0,'Chi tiết bất động sản',NULL,'_self',1,'2023-10-22 04:15:46','2023-10-22 04:15:46'),(79,5,78,21,'Botble\\RealEstate\\Models\\Property',NULL,NULL,0,'Chi tiết bất động sản 1',NULL,'_self',0,'2023-10-22 04:15:46','2023-10-22 04:15:46'),(80,5,78,22,'Botble\\RealEstate\\Models\\Property',NULL,NULL,0,'Chi tiết bất động sản 2',NULL,'_self',0,'2023-10-22 04:15:46','2023-10-22 04:15:46'),(81,5,78,23,'Botble\\RealEstate\\Models\\Property',NULL,NULL,0,'Chi tiết bất động sản 3',NULL,'_self',0,'2023-10-22 04:15:46','2023-10-22 04:15:46'),(82,5,77,NULL,NULL,'#',NULL,0,'Đại lý và người đại lý',NULL,'_self',1,'2023-10-22 04:15:46','2023-10-22 04:15:46'),(83,5,82,NULL,NULL,'/agents',NULL,0,'Danh sách đại lý',NULL,'_self',0,'2023-10-22 04:15:46','2023-10-22 04:15:46'),(84,5,82,NULL,NULL,'/agents/thesky9',NULL,0,'Chi tiết địa lý',NULL,'_self',0,'2023-10-22 04:15:46','2023-10-22 04:15:46'),(85,5,77,NULL,NULL,'#',NULL,0,'Tài khoản',NULL,'_self',1,'2023-10-22 04:15:46','2023-10-22 04:15:46'),(86,5,85,NULL,NULL,'/account/dashboard',NULL,0,'My Dashboard',NULL,'_self',0,'2023-10-22 04:15:46','2023-10-22 04:15:46'),(87,5,85,NULL,NULL,'/account/properties',NULL,0,'Properties',NULL,'_self',0,'2023-10-22 04:15:46','2023-10-22 04:15:46'),(88,5,85,NULL,NULL,'/account/settings',NULL,0,'My Profile',NULL,'_self',0,'2023-10-22 04:15:46','2023-10-22 04:15:46'),(89,5,85,NULL,NULL,'/account/packages',NULL,0,'Packages',NULL,'_self',0,'2023-10-22 04:15:46','2023-10-22 04:15:46'),(90,5,85,NULL,NULL,'/account/security',NULL,0,'Đổi mật khẩu',NULL,'_self',0,'2023-10-22 04:15:46','2023-10-22 04:15:46'),(91,5,77,NULL,NULL,'/account/properties/create',NULL,0,'Đăng bất động sản',NULL,'_self',0,'2023-10-22 04:15:46','2023-10-22 04:15:46'),(92,5,0,NULL,NULL,'/',NULL,0,'Trang',NULL,'_self',1,'2023-10-22 04:15:46','2023-10-22 04:15:46'),(93,5,92,28,'Botble\\Page\\Models\\Page',NULL,NULL,0,'Trang blog',NULL,'_self',0,'2023-10-22 04:15:46','2023-10-22 04:15:46'),(94,5,92,20,'Botble\\Blog\\Models\\Post',NULL,NULL,0,'Bài viết chi tiết',NULL,'_self',0,'2023-10-22 04:15:46','2023-10-22 04:15:46'),(95,5,92,NULL,NULL,'/home#pricing-section',NULL,0,'Bảng giá',NULL,'_self',0,'2023-10-22 04:15:46','2023-10-22 04:15:46'),(96,5,92,NULL,NULL,'/error-page',NULL,0,'Page lỗi',NULL,'_self',0,'2023-10-22 04:15:46','2023-10-22 04:15:46'),(97,5,92,30,'Botble\\Page\\Models\\Page',NULL,NULL,0,'Liên hệ',NULL,'_self',0,'2023-10-22 04:15:46','2023-10-22 04:15:46'),(98,5,0,NULL,NULL,'/register',NULL,0,'Đăng ký',NULL,'_self',0,'2023-10-22 04:15:46','2023-10-22 04:15:46'),(99,6,0,9,'Botble\\Page\\Models\\Page','/home-layout-9',NULL,0,'Về chúng tôi',NULL,'_self',0,'2023-10-22 04:15:46','2023-10-22 04:15:46'),(100,6,0,10,'Botble\\Page\\Models\\Page','/map-home-layout',NULL,0,'Liên hệ',NULL,'_self',0,'2023-10-22 04:15:46','2023-10-22 04:15:46'),(101,6,0,11,'Botble\\Page\\Models\\Page','/properties',NULL,0,'Điều khoản và quy định',NULL,'_self',0,'2023-10-22 04:15:46','2023-10-22 04:15:46'),(102,7,0,NULL,NULL,'/properties',NULL,0,'Nhà - Căn hộ',NULL,'_self',0,'2023-10-22 04:15:46','2023-10-22 04:15:46'),(103,7,0,NULL,NULL,'/properties?type=sale',NULL,0,'Nhà bán',NULL,'_self',0,'2023-10-22 04:15:46','2023-10-22 04:15:46'),(104,7,0,NULL,NULL,'/properties?type=rent',NULL,0,'Nhà cho thuê',NULL,'_self',0,'2023-10-22 04:15:46','2023-10-22 04:15:46'),(105,8,0,2,'Botble\\Page\\Models\\Page','/home-layout-2',NULL,0,'Tin tức mới nhất',NULL,'_self',0,'2023-10-22 04:15:46','2023-10-22 04:15:46'),(106,8,0,NULL,NULL,'/kien-truc-nha',NULL,0,'Kiến trúc nhà',NULL,'_self',0,'2023-10-22 04:15:46','2023-10-22 04:15:46'),(107,8,0,NULL,NULL,'/thiet-ke-nha',NULL,0,'Thiết kế nhà',NULL,'_self',0,'2023-10-22 04:15:46','2023-10-22 04:15:46'),(108,8,0,NULL,NULL,'/vat-lieu-xay-dung',NULL,0,'Vật liệu xây dựng',NULL,'_self',0,'2023-10-22 04:15:46','2023-10-22 04:15:46');
/*!40000 ALTER TABLE `menu_nodes` ENABLE KEYS */;
UNLOCK TABLES;

--
-- Table structure for table `menus`
--

DROP TABLE IF EXISTS `menus`;
/*!40101 SET @saved_cs_client     = @@character_set_client */;
/*!50503 SET character_set_client = utf8mb4 */;
CREATE TABLE `menus` (
  `id` bigint unsigned NOT NULL AUTO_INCREMENT,
  `name` varchar(120) COLLATE utf8mb4_unicode_ci NOT NULL,
  `slug` varchar(120) COLLATE utf8mb4_unicode_ci DEFAULT NULL,
  `status` varchar(60) COLLATE utf8mb4_unicode_ci NOT NULL DEFAULT 'published',
  `created_at` timestamp NULL DEFAULT NULL,
  `updated_at` timestamp NULL DEFAULT NULL,
  PRIMARY KEY (`id`),
  UNIQUE KEY `menus_slug_unique` (`slug`)
) ENGINE=InnoDB AUTO_INCREMENT=9 DEFAULT CHARSET=utf8mb4 COLLATE=utf8mb4_unicode_ci;
/*!40101 SET character_set_client = @saved_cs_client */;

--
-- Dumping data for table `menus`
--

LOCK TABLES `menus` WRITE;
/*!40000 ALTER TABLE `menus` DISABLE KEYS */;
INSERT INTO `menus` VALUES (1,'Main menu','main-menu','published','2023-10-22 04:15:45','2023-10-22 04:15:45'),(2,'About','about','published','2023-10-22 04:15:45','2023-10-22 04:15:45'),(3,'More information','more-information','published','2023-10-22 04:15:45','2023-10-22 04:15:45'),(4,'News','news','published','2023-10-22 04:15:45','2023-10-22 04:15:45'),(5,'Menu chính','menu-chinh','published','2023-10-22 04:15:46','2023-10-22 04:15:46'),(6,'Về chúng tôi','ve-chung-toi','published','2023-10-22 04:15:46','2023-10-22 04:15:46'),(7,'Thông tin thêm','thong-tin-them','published','2023-10-22 04:15:46','2023-10-22 04:15:46'),(8,'Tin tức','tin-tuc','published','2023-10-22 04:15:46','2023-10-22 04:15:46');
/*!40000 ALTER TABLE `menus` ENABLE KEYS */;
UNLOCK TABLES;

--
-- Table structure for table `meta_boxes`
--

DROP TABLE IF EXISTS `meta_boxes`;
/*!40101 SET @saved_cs_client     = @@character_set_client */;
/*!50503 SET character_set_client = utf8mb4 */;
CREATE TABLE `meta_boxes` (
  `id` bigint unsigned NOT NULL AUTO_INCREMENT,
  `meta_key` varchar(255) COLLATE utf8mb4_unicode_ci NOT NULL,
  `meta_value` text COLLATE utf8mb4_unicode_ci,
  `reference_id` bigint unsigned NOT NULL,
  `reference_type` varchar(120) COLLATE utf8mb4_unicode_ci NOT NULL,
  `created_at` timestamp NULL DEFAULT NULL,
  `updated_at` timestamp NULL DEFAULT NULL,
  PRIMARY KEY (`id`),
  KEY `meta_boxes_reference_id_index` (`reference_id`)
) ENGINE=InnoDB AUTO_INCREMENT=597 DEFAULT CHARSET=utf8mb4 COLLATE=utf8mb4_unicode_ci;
/*!40101 SET character_set_client = @saved_cs_client */;

--
-- Dumping data for table `meta_boxes`
--

LOCK TABLES `meta_boxes` WRITE;
/*!40000 ALTER TABLE `meta_boxes` DISABLE KEYS */;
INSERT INTO `meta_boxes` VALUES (1,'image','[\"cities\\/c-1.png\"]',1,'Botble\\Location\\Models\\City','2023-10-22 04:15:22','2023-10-22 04:15:22'),(2,'image','[\"cities\\/c-2.png\"]',2,'Botble\\Location\\Models\\City','2023-10-22 04:15:22','2023-10-22 04:15:22'),(3,'image','[\"cities\\/c-3.png\"]',3,'Botble\\Location\\Models\\City','2023-10-22 04:15:22','2023-10-22 04:15:22'),(4,'image','[\"cities\\/c-4.png\"]',4,'Botble\\Location\\Models\\City','2023-10-22 04:15:22','2023-10-22 04:15:22'),(5,'image','[\"cities\\/c-5.png\"]',5,'Botble\\Location\\Models\\City','2023-10-22 04:15:22','2023-10-22 04:15:22'),(6,'image','[\"cities\\/c-6.png\"]',6,'Botble\\Location\\Models\\City','2023-10-22 04:15:22','2023-10-22 04:15:22'),(7,'image','[\"cities\\/c-7.png\"]',7,'Botble\\Location\\Models\\City','2023-10-22 04:15:22','2023-10-22 04:15:22'),(8,'image','[\"cities\\/c-8.png\"]',8,'Botble\\Location\\Models\\City','2023-10-22 04:15:22','2023-10-22 04:15:22'),(9,'image','[\"cities\\/c-9.png\"]',9,'Botble\\Location\\Models\\City','2023-10-22 04:15:22','2023-10-22 04:15:22'),(10,'image','[\"cities\\/c-10.png\"]',10,'Botble\\Location\\Models\\City','2023-10-22 04:15:22','2023-10-22 04:15:22'),(11,'image','[\"cities\\/c-11.png\"]',11,'Botble\\Location\\Models\\City','2023-10-22 04:15:22','2023-10-22 04:15:22'),(12,'image','[\"cities\\/c-12.png\"]',12,'Botble\\Location\\Models\\City','2023-10-22 04:15:22','2023-10-22 04:15:22'),(13,'image','[\"cities\\/c-13.png\"]',13,'Botble\\Location\\Models\\City','2023-10-22 04:15:22','2023-10-22 04:15:22'),(14,'image','[\"cities\\/c-14.png\"]',14,'Botble\\Location\\Models\\City','2023-10-22 04:15:22','2023-10-22 04:15:22'),(15,'image','[\"cities\\/c-15.png\"]',15,'Botble\\Location\\Models\\City','2023-10-22 04:15:22','2023-10-22 04:15:22'),(16,'image','[\"cities\\/c-16.png\"]',16,'Botble\\Location\\Models\\City','2023-10-22 04:15:22','2023-10-22 04:15:22'),(17,'image','[\"cities\\/c-18.png\"]',17,'Botble\\Location\\Models\\City','2023-10-22 04:15:22','2023-10-22 04:15:22'),(18,'image','[\"cities\\/c-19.png\"]',18,'Botble\\Location\\Models\\City','2023-10-22 04:15:22','2023-10-22 04:15:22'),(19,'image','[\"cities\\/c-20.png\"]',19,'Botble\\Location\\Models\\City','2023-10-22 04:15:22','2023-10-22 04:15:22'),(20,'image','[\"cities\\/c-21.png\"]',20,'Botble\\Location\\Models\\City','2023-10-22 04:15:22','2023-10-22 04:15:22'),(21,'image','[\"cities\\/c-23.png\"]',21,'Botble\\Location\\Models\\City','2023-10-22 04:15:22','2023-10-22 04:15:22'),(22,'image','[\"cities\\/c-24.png\"]',22,'Botble\\Location\\Models\\City','2023-10-22 04:15:22','2023-10-22 04:15:22'),(23,'image','[\"cities\\/c-25.png\"]',23,'Botble\\Location\\Models\\City','2023-10-22 04:15:22','2023-10-22 04:15:22'),(24,'image','[\"cities\\/c-26.png\"]',24,'Botble\\Location\\Models\\City','2023-10-22 04:15:22','2023-10-22 04:15:22'),(25,'image','[\"cities\\/c-27.png\"]',25,'Botble\\Location\\Models\\City','2023-10-22 04:15:22','2023-10-22 04:15:22'),(26,'image','[\"cities\\/c-28.png\"]',26,'Botble\\Location\\Models\\City','2023-10-22 04:15:22','2023-10-22 04:15:22'),(27,'image','[\"cities\\/c-29.png\"]',27,'Botble\\Location\\Models\\City','2023-10-22 04:15:22','2023-10-22 04:15:22'),(28,'image','[\"cities\\/c-30.png\"]',28,'Botble\\Location\\Models\\City','2023-10-22 04:15:22','2023-10-22 04:15:22'),(29,'image','[\"cities\\/c-31.png\"]',29,'Botble\\Location\\Models\\City','2023-10-22 04:15:22','2023-10-22 04:15:22'),(30,'image','[\"cities\\/c-32.png\"]',30,'Botble\\Location\\Models\\City','2023-10-22 04:15:22','2023-10-22 04:15:22'),(31,'image','[\"cities\\/c-33.png\"]',31,'Botble\\Location\\Models\\City','2023-10-22 04:15:22','2023-10-22 04:15:22'),(32,'image','[\"cities\\/c-34.png\"]',32,'Botble\\Location\\Models\\City','2023-10-22 04:15:22','2023-10-22 04:15:22'),(33,'image','[\"cities\\/c-35.png\"]',33,'Botble\\Location\\Models\\City','2023-10-22 04:15:22','2023-10-22 04:15:22'),(34,'image','[\"cities\\/c-36.png\"]',34,'Botble\\Location\\Models\\City','2023-10-22 04:15:22','2023-10-22 04:15:22'),(35,'image','[\"cities\\/c-37.png\"]',35,'Botble\\Location\\Models\\City','2023-10-22 04:15:22','2023-10-22 04:15:22'),(36,'image','[\"cities\\/c-38.png\"]',36,'Botble\\Location\\Models\\City','2023-10-22 04:15:22','2023-10-22 04:15:22'),(37,'image','[\"cities\\/c-39.png\"]',37,'Botble\\Location\\Models\\City','2023-10-22 04:15:22','2023-10-22 04:15:22'),(38,'image','[\"cities\\/c-41.png\"]',38,'Botble\\Location\\Models\\City','2023-10-22 04:15:22','2023-10-22 04:15:22'),(39,'image','[\"cities\\/c-42.png\"]',39,'Botble\\Location\\Models\\City','2023-10-22 04:15:22','2023-10-22 04:15:22'),(40,'image','[\"cities\\/c-43.png\"]',40,'Botble\\Location\\Models\\City','2023-10-22 04:15:22','2023-10-22 04:15:22'),(41,'image','[\"cities\\/c-44.png\"]',41,'Botble\\Location\\Models\\City','2023-10-22 04:15:22','2023-10-22 04:15:22'),(42,'image','[\"cities\\/c-45.png\"]',42,'Botble\\Location\\Models\\City','2023-10-22 04:15:22','2023-10-22 04:15:22'),(43,'image','[\"cities\\/c-46.png\"]',43,'Botble\\Location\\Models\\City','2023-10-22 04:15:22','2023-10-22 04:15:22'),(44,'image','[\"cities\\/c-47.png\"]',44,'Botble\\Location\\Models\\City','2023-10-22 04:15:22','2023-10-22 04:15:22'),(45,'image','[\"cities\\/c-48.png\"]',45,'Botble\\Location\\Models\\City','2023-10-22 04:15:22','2023-10-22 04:15:22'),(46,'image','[\"cities\\/c-49.png\"]',46,'Botble\\Location\\Models\\City','2023-10-22 04:15:22','2023-10-22 04:15:22'),(47,'image','[\"cities\\/c-50.png\"]',47,'Botble\\Location\\Models\\City','2023-10-22 04:15:22','2023-10-22 04:15:22'),(48,'image','[\"cities\\/c-51.png\"]',48,'Botble\\Location\\Models\\City','2023-10-22 04:15:22','2023-10-22 04:15:22'),(49,'image','[\"cities\\/c-52.png\"]',49,'Botble\\Location\\Models\\City','2023-10-22 04:15:22','2023-10-22 04:15:22'),(50,'image','[\"cities\\/c-54.png\"]',50,'Botble\\Location\\Models\\City','2023-10-22 04:15:22','2023-10-22 04:15:22'),(51,'image','[\"cities\\/c-55.png\"]',51,'Botble\\Location\\Models\\City','2023-10-22 04:15:22','2023-10-22 04:15:22'),(52,'image','[\"cities\\/c-56.png\"]',52,'Botble\\Location\\Models\\City','2023-10-22 04:15:22','2023-10-22 04:15:22'),(53,'image','[\"cities\\/c-57.png\"]',53,'Botble\\Location\\Models\\City','2023-10-22 04:15:22','2023-10-22 04:15:22'),(54,'image','[\"cities\\/c-58.png\"]',54,'Botble\\Location\\Models\\City','2023-10-22 04:15:22','2023-10-22 04:15:22'),(55,'image','[\"cities\\/c-59.png\"]',55,'Botble\\Location\\Models\\City','2023-10-22 04:15:22','2023-10-22 04:15:22'),(56,'image','[\"cities\\/c-60.png\"]',56,'Botble\\Location\\Models\\City','2023-10-22 04:15:22','2023-10-22 04:15:22'),(57,'image','[\"cities\\/c-61.png\"]',57,'Botble\\Location\\Models\\City','2023-10-22 04:15:22','2023-10-22 04:15:22'),(58,'image','[\"cities\\/c-62.png\"]',58,'Botble\\Location\\Models\\City','2023-10-22 04:15:22','2023-10-22 04:15:22'),(59,'image','[\"cities\\/c-63.png\"]',59,'Botble\\Location\\Models\\City','2023-10-22 04:15:22','2023-10-22 04:15:22'),(60,'image','[\"cities\\/c-64.png\"]',60,'Botble\\Location\\Models\\City','2023-10-22 04:15:22','2023-10-22 04:15:22'),(61,'image','[\"cities\\/c-65.png\"]',61,'Botble\\Location\\Models\\City','2023-10-22 04:15:22','2023-10-22 04:15:22'),(62,'image','[\"cities\\/c-66.png\"]',62,'Botble\\Location\\Models\\City','2023-10-22 04:15:22','2023-10-22 04:15:22'),(63,'image','[\"cities\\/c-67.png\"]',63,'Botble\\Location\\Models\\City','2023-10-22 04:15:22','2023-10-22 04:15:22'),(64,'image','[\"cities\\/c-68.png\"]',64,'Botble\\Location\\Models\\City','2023-10-22 04:15:23','2023-10-22 04:15:23'),(65,'image','[\"cities\\/c-69.png\"]',65,'Botble\\Location\\Models\\City','2023-10-22 04:15:23','2023-10-22 04:15:23'),(66,'image','[\"cities\\/c-70.png\"]',66,'Botble\\Location\\Models\\City','2023-10-22 04:15:23','2023-10-22 04:15:23'),(67,'image','[\"cities\\/c-71.png\"]',67,'Botble\\Location\\Models\\City','2023-10-22 04:15:23','2023-10-22 04:15:23'),(68,'image','[\"cities\\/c-72.png\"]',68,'Botble\\Location\\Models\\City','2023-10-22 04:15:23','2023-10-22 04:15:23'),(69,'image','[\"cities\\/c-73.png\"]',69,'Botble\\Location\\Models\\City','2023-10-22 04:15:23','2023-10-22 04:15:23'),(70,'image','[\"cities\\/c-74.png\"]',70,'Botble\\Location\\Models\\City','2023-10-22 04:15:23','2023-10-22 04:15:23'),(71,'image','[\"cities\\/c-75.png\"]',71,'Botble\\Location\\Models\\City','2023-10-22 04:15:23','2023-10-22 04:15:23'),(72,'image','[\"cities\\/c-76.png\"]',72,'Botble\\Location\\Models\\City','2023-10-22 04:15:23','2023-10-22 04:15:23'),(73,'image','[\"cities\\/c-77.png\"]',73,'Botble\\Location\\Models\\City','2023-10-22 04:15:23','2023-10-22 04:15:23'),(74,'image','[\"cities\\/c-78.png\"]',74,'Botble\\Location\\Models\\City','2023-10-22 04:15:23','2023-10-22 04:15:23'),(75,'image','[\"cities\\/c-79.png\"]',75,'Botble\\Location\\Models\\City','2023-10-22 04:15:23','2023-10-22 04:15:23'),(76,'image','[\"cities\\/c-80.png\"]',76,'Botble\\Location\\Models\\City','2023-10-22 04:15:23','2023-10-22 04:15:23'),(77,'image','[\"cities\\/c-81.png\"]',77,'Botble\\Location\\Models\\City','2023-10-22 04:15:23','2023-10-22 04:15:23'),(78,'image','[\"cities\\/c-82.png\"]',78,'Botble\\Location\\Models\\City','2023-10-22 04:15:23','2023-10-22 04:15:23'),(79,'image','[\"cities\\/c-84.png\"]',79,'Botble\\Location\\Models\\City','2023-10-22 04:15:23','2023-10-22 04:15:23'),(80,'image','[\"cities\\/c-85.png\"]',80,'Botble\\Location\\Models\\City','2023-10-22 04:15:23','2023-10-22 04:15:23'),(81,'image','[\"cities\\/c-86.png\"]',81,'Botble\\Location\\Models\\City','2023-10-22 04:15:23','2023-10-22 04:15:23'),(82,'image','[\"cities\\/c-87.png\"]',82,'Botble\\Location\\Models\\City','2023-10-22 04:15:23','2023-10-22 04:15:23'),(83,'image','[\"cities\\/c-88.png\"]',83,'Botble\\Location\\Models\\City','2023-10-22 04:15:23','2023-10-22 04:15:23'),(84,'image','[\"cities\\/c-89.png\"]',84,'Botble\\Location\\Models\\City','2023-10-22 04:15:23','2023-10-22 04:15:23'),(85,'image','[\"cities\\/c-90.png\"]',85,'Botble\\Location\\Models\\City','2023-10-22 04:15:23','2023-10-22 04:15:23'),(86,'image','[\"cities\\/c-91.png\"]',86,'Botble\\Location\\Models\\City','2023-10-22 04:15:23','2023-10-22 04:15:23'),(87,'image','[\"cities\\/c-92.png\"]',87,'Botble\\Location\\Models\\City','2023-10-22 04:15:23','2023-10-22 04:15:23'),(88,'image','[\"cities\\/c-95.png\"]',88,'Botble\\Location\\Models\\City','2023-10-22 04:15:23','2023-10-22 04:15:23'),(89,'image','[\"cities\\/c-96.png\"]',89,'Botble\\Location\\Models\\City','2023-10-22 04:15:23','2023-10-22 04:15:23'),(90,'image','[\"cities\\/c-97.png\"]',90,'Botble\\Location\\Models\\City','2023-10-22 04:15:23','2023-10-22 04:15:23'),(91,'image','[\"cities\\/c-98.png\"]',91,'Botble\\Location\\Models\\City','2023-10-22 04:15:23','2023-10-22 04:15:23'),(92,'image','[\"cities\\/c-100.png\"]',92,'Botble\\Location\\Models\\City','2023-10-22 04:15:23','2023-10-22 04:15:23'),(93,'image','[\"cities\\/c-102.png\"]',93,'Botble\\Location\\Models\\City','2023-10-22 04:15:23','2023-10-22 04:15:23'),(94,'image','[\"cities\\/c-103.png\"]',94,'Botble\\Location\\Models\\City','2023-10-22 04:15:23','2023-10-22 04:15:23'),(95,'image','[\"cities\\/c-105.png\"]',95,'Botble\\Location\\Models\\City','2023-10-22 04:15:23','2023-10-22 04:15:23'),(96,'image','[\"cities\\/c-106.png\"]',96,'Botble\\Location\\Models\\City','2023-10-22 04:15:23','2023-10-22 04:15:23'),(97,'image','[\"cities\\/c-111.png\"]',97,'Botble\\Location\\Models\\City','2023-10-22 04:15:23','2023-10-22 04:15:23'),(98,'image','[\"cities\\/c-112.png\"]',98,'Botble\\Location\\Models\\City','2023-10-22 04:15:23','2023-10-22 04:15:23'),(99,'image','[\"cities\\/c-113.png\"]',99,'Botble\\Location\\Models\\City','2023-10-22 04:15:23','2023-10-22 04:15:23'),(100,'image','[\"cities\\/c-115.png\"]',100,'Botble\\Location\\Models\\City','2023-10-22 04:15:23','2023-10-22 04:15:23'),(101,'image','[\"cities\\/c-116.png\"]',101,'Botble\\Location\\Models\\City','2023-10-22 04:15:23','2023-10-22 04:15:23'),(102,'image','[\"cities\\/c-117.png\"]',102,'Botble\\Location\\Models\\City','2023-10-22 04:15:23','2023-10-22 04:15:23'),(103,'image','[\"cities\\/c-118.png\"]',103,'Botble\\Location\\Models\\City','2023-10-22 04:15:23','2023-10-22 04:15:23'),(104,'image','[\"cities\\/c-119.png\"]',104,'Botble\\Location\\Models\\City','2023-10-22 04:15:23','2023-10-22 04:15:23'),(105,'image','[\"cities\\/c-120.png\"]',105,'Botble\\Location\\Models\\City','2023-10-22 04:15:23','2023-10-22 04:15:23'),(106,'image','[\"cities\\/c-121.png\"]',106,'Botble\\Location\\Models\\City','2023-10-22 04:15:23','2023-10-22 04:15:23'),(107,'image','[\"cities\\/c-122.png\"]',107,'Botble\\Location\\Models\\City','2023-10-22 04:15:23','2023-10-22 04:15:23'),(108,'image','[\"cities\\/c-123.png\"]',108,'Botble\\Location\\Models\\City','2023-10-22 04:15:23','2023-10-22 04:15:23'),(109,'image','[\"cities\\/c-124.png\"]',109,'Botble\\Location\\Models\\City','2023-10-22 04:15:23','2023-10-22 04:15:23'),(110,'image','[\"cities\\/c-125.png\"]',110,'Botble\\Location\\Models\\City','2023-10-22 04:15:23','2023-10-22 04:15:23'),(111,'image','[\"cities\\/c-126.png\"]',111,'Botble\\Location\\Models\\City','2023-10-22 04:15:23','2023-10-22 04:15:23'),(112,'image','[\"cities\\/c-127.png\"]',112,'Botble\\Location\\Models\\City','2023-10-22 04:15:23','2023-10-22 04:15:23'),(113,'image','[\"cities\\/c-128.png\"]',113,'Botble\\Location\\Models\\City','2023-10-22 04:15:23','2023-10-22 04:15:23'),(114,'image','[\"cities\\/c-130.png\"]',114,'Botble\\Location\\Models\\City','2023-10-22 04:15:23','2023-10-22 04:15:23'),(115,'image','[\"cities\\/c-132.png\"]',115,'Botble\\Location\\Models\\City','2023-10-22 04:15:23','2023-10-22 04:15:23'),(116,'image','[\"cities\\/c-133.png\"]',116,'Botble\\Location\\Models\\City','2023-10-22 04:15:23','2023-10-22 04:15:23'),(117,'image','[\"cities\\/c-137.png\"]',117,'Botble\\Location\\Models\\City','2023-10-22 04:15:23','2023-10-22 04:15:23'),(118,'image','[\"cities\\/c-138.png\"]',118,'Botble\\Location\\Models\\City','2023-10-22 04:15:23','2023-10-22 04:15:23'),(119,'image','[\"cities\\/c-139.png\"]',119,'Botble\\Location\\Models\\City','2023-10-22 04:15:23','2023-10-22 04:15:23'),(120,'image','[\"cities\\/c-140.png\"]',120,'Botble\\Location\\Models\\City','2023-10-22 04:15:23','2023-10-22 04:15:23'),(121,'image','[\"cities\\/c-142.png\"]',121,'Botble\\Location\\Models\\City','2023-10-22 04:15:23','2023-10-22 04:15:23'),(122,'image','[\"cities\\/c-144.png\"]',122,'Botble\\Location\\Models\\City','2023-10-22 04:15:23','2023-10-22 04:15:23'),(123,'image','[\"cities\\/c-145.png\"]',123,'Botble\\Location\\Models\\City','2023-10-22 04:15:23','2023-10-22 04:15:23'),(124,'image','[\"cities\\/c-147.png\"]',124,'Botble\\Location\\Models\\City','2023-10-22 04:15:23','2023-10-22 04:15:23'),(125,'image','[\"cities\\/c-148.png\"]',125,'Botble\\Location\\Models\\City','2023-10-22 04:15:23','2023-10-22 04:15:23'),(126,'image','[\"cities\\/c-149.png\"]',126,'Botble\\Location\\Models\\City','2023-10-22 04:15:23','2023-10-22 04:15:23'),(127,'image','[\"cities\\/c-151.png\"]',127,'Botble\\Location\\Models\\City','2023-10-22 04:15:23','2023-10-22 04:15:23'),(128,'image','[\"cities\\/c-153.png\"]',128,'Botble\\Location\\Models\\City','2023-10-22 04:15:24','2023-10-22 04:15:24'),(129,'image','[\"cities\\/c-154.png\"]',129,'Botble\\Location\\Models\\City','2023-10-22 04:15:24','2023-10-22 04:15:24'),(130,'image','[\"cities\\/c-155.png\"]',130,'Botble\\Location\\Models\\City','2023-10-22 04:15:24','2023-10-22 04:15:24'),(131,'image','[\"cities\\/c-157.png\"]',131,'Botble\\Location\\Models\\City','2023-10-22 04:15:24','2023-10-22 04:15:24'),(132,'image','[\"cities\\/c-158.png\"]',132,'Botble\\Location\\Models\\City','2023-10-22 04:15:24','2023-10-22 04:15:24'),(133,'image','[\"cities\\/c-159.png\"]',133,'Botble\\Location\\Models\\City','2023-10-22 04:15:24','2023-10-22 04:15:24'),(134,'image','[\"cities\\/c-160.png\"]',134,'Botble\\Location\\Models\\City','2023-10-22 04:15:24','2023-10-22 04:15:24'),(135,'image','[\"cities\\/c-161.png\"]',135,'Botble\\Location\\Models\\City','2023-10-22 04:15:24','2023-10-22 04:15:24'),(136,'image','[\"cities\\/c-162.png\"]',136,'Botble\\Location\\Models\\City','2023-10-22 04:15:24','2023-10-22 04:15:24'),(137,'image','[\"cities\\/c-163.png\"]',137,'Botble\\Location\\Models\\City','2023-10-22 04:15:24','2023-10-22 04:15:24'),(138,'image','[\"cities\\/c-164.png\"]',138,'Botble\\Location\\Models\\City','2023-10-22 04:15:24','2023-10-22 04:15:24'),(139,'image','[\"cities\\/c-165.png\"]',139,'Botble\\Location\\Models\\City','2023-10-22 04:15:24','2023-10-22 04:15:24'),(140,'image','[\"cities\\/c-166.png\"]',140,'Botble\\Location\\Models\\City','2023-10-22 04:15:24','2023-10-22 04:15:24'),(141,'image','[\"cities\\/c-167.png\"]',141,'Botble\\Location\\Models\\City','2023-10-22 04:15:24','2023-10-22 04:15:24'),(142,'image','[\"cities\\/c-168.png\"]',142,'Botble\\Location\\Models\\City','2023-10-22 04:15:24','2023-10-22 04:15:24'),(143,'image','[\"cities\\/c-169.png\"]',143,'Botble\\Location\\Models\\City','2023-10-22 04:15:24','2023-10-22 04:15:24'),(144,'image','[\"cities\\/c-170.png\"]',144,'Botble\\Location\\Models\\City','2023-10-22 04:15:24','2023-10-22 04:15:24'),(145,'image','[\"cities\\/c-171.png\"]',145,'Botble\\Location\\Models\\City','2023-10-22 04:15:24','2023-10-22 04:15:24'),(146,'image','[\"cities\\/c-172.png\"]',146,'Botble\\Location\\Models\\City','2023-10-22 04:15:24','2023-10-22 04:15:24'),(147,'image','[\"cities\\/c-173.png\"]',147,'Botble\\Location\\Models\\City','2023-10-22 04:15:24','2023-10-22 04:15:24'),(148,'image','[\"cities\\/c-174.png\"]',148,'Botble\\Location\\Models\\City','2023-10-22 04:15:24','2023-10-22 04:15:24'),(149,'image','[\"cities\\/c-175.png\"]',149,'Botble\\Location\\Models\\City','2023-10-22 04:15:24','2023-10-22 04:15:24'),(150,'image','[\"cities\\/c-176.png\"]',150,'Botble\\Location\\Models\\City','2023-10-22 04:15:24','2023-10-22 04:15:24'),(151,'image','[\"cities\\/c-177.png\"]',151,'Botble\\Location\\Models\\City','2023-10-22 04:15:24','2023-10-22 04:15:24'),(152,'image','[\"cities\\/c-179.png\"]',152,'Botble\\Location\\Models\\City','2023-10-22 04:15:24','2023-10-22 04:15:24'),(153,'image','[\"cities\\/c-180.png\"]',153,'Botble\\Location\\Models\\City','2023-10-22 04:15:24','2023-10-22 04:15:24'),(154,'image','[\"cities\\/c-183.png\"]',154,'Botble\\Location\\Models\\City','2023-10-22 04:15:24','2023-10-22 04:15:24'),(155,'image','[\"cities\\/c-184.png\"]',155,'Botble\\Location\\Models\\City','2023-10-22 04:15:24','2023-10-22 04:15:24'),(156,'image','[\"cities\\/c-185.png\"]',156,'Botble\\Location\\Models\\City','2023-10-22 04:15:24','2023-10-22 04:15:24'),(157,'image','[\"cities\\/c-186.png\"]',157,'Botble\\Location\\Models\\City','2023-10-22 04:15:24','2023-10-22 04:15:24'),(158,'image','[\"cities\\/c-187.png\"]',158,'Botble\\Location\\Models\\City','2023-10-22 04:15:24','2023-10-22 04:15:24'),(159,'image','[\"cities\\/c-188.png\"]',159,'Botble\\Location\\Models\\City','2023-10-22 04:15:24','2023-10-22 04:15:24'),(160,'image','[\"cities\\/c-190.png\"]',160,'Botble\\Location\\Models\\City','2023-10-22 04:15:24','2023-10-22 04:15:24'),(161,'image','[\"cities\\/c-191.png\"]',161,'Botble\\Location\\Models\\City','2023-10-22 04:15:24','2023-10-22 04:15:24'),(162,'image','[\"cities\\/c-193.png\"]',162,'Botble\\Location\\Models\\City','2023-10-22 04:15:24','2023-10-22 04:15:24'),(163,'image','[\"cities\\/c-194.png\"]',163,'Botble\\Location\\Models\\City','2023-10-22 04:15:24','2023-10-22 04:15:24'),(164,'image','[\"cities\\/c-195.png\"]',164,'Botble\\Location\\Models\\City','2023-10-22 04:15:24','2023-10-22 04:15:24'),(165,'image','[\"cities\\/c-196.png\"]',165,'Botble\\Location\\Models\\City','2023-10-22 04:15:24','2023-10-22 04:15:24'),(166,'image','[\"cities\\/c-197.png\"]',166,'Botble\\Location\\Models\\City','2023-10-22 04:15:24','2023-10-22 04:15:24'),(167,'image','[\"cities\\/c-198.png\"]',167,'Botble\\Location\\Models\\City','2023-10-22 04:15:24','2023-10-22 04:15:24'),(168,'image','[\"cities\\/c-199.png\"]',168,'Botble\\Location\\Models\\City','2023-10-22 04:15:24','2023-10-22 04:15:24'),(169,'image','[\"cities\\/c-200.png\"]',169,'Botble\\Location\\Models\\City','2023-10-22 04:15:24','2023-10-22 04:15:24'),(170,'image','[\"cities\\/c-201.png\"]',170,'Botble\\Location\\Models\\City','2023-10-22 04:15:24','2023-10-22 04:15:24'),(171,'image','[\"cities\\/c-202.png\"]',171,'Botble\\Location\\Models\\City','2023-10-22 04:15:24','2023-10-22 04:15:24'),(172,'image','[\"cities\\/c-203.png\"]',172,'Botble\\Location\\Models\\City','2023-10-22 04:15:24','2023-10-22 04:15:24'),(173,'image','[\"cities\\/c-205.png\"]',173,'Botble\\Location\\Models\\City','2023-10-22 04:15:24','2023-10-22 04:15:24'),(174,'image','[\"cities\\/c-206.png\"]',174,'Botble\\Location\\Models\\City','2023-10-22 04:15:24','2023-10-22 04:15:24'),(175,'image','[\"cities\\/c-207.png\"]',175,'Botble\\Location\\Models\\City','2023-10-22 04:15:24','2023-10-22 04:15:24'),(176,'image','[\"cities\\/c-208.png\"]',176,'Botble\\Location\\Models\\City','2023-10-22 04:15:24','2023-10-22 04:15:24'),(177,'image','[\"cities\\/c-209.png\"]',177,'Botble\\Location\\Models\\City','2023-10-22 04:15:24','2023-10-22 04:15:24'),(178,'image','[\"cities\\/c-210.png\"]',178,'Botble\\Location\\Models\\City','2023-10-22 04:15:24','2023-10-22 04:15:24'),(179,'image','[\"cities\\/c-211.png\"]',179,'Botble\\Location\\Models\\City','2023-10-22 04:15:24','2023-10-22 04:15:24'),(180,'image','[\"cities\\/c-213.png\"]',180,'Botble\\Location\\Models\\City','2023-10-22 04:15:24','2023-10-22 04:15:24'),(181,'image','[\"cities\\/c-214.png\"]',181,'Botble\\Location\\Models\\City','2023-10-22 04:15:24','2023-10-22 04:15:24'),(182,'image','[\"cities\\/c-215.png\"]',182,'Botble\\Location\\Models\\City','2023-10-22 04:15:25','2023-10-22 04:15:25'),(183,'image','[\"cities\\/c-216.png\"]',183,'Botble\\Location\\Models\\City','2023-10-22 04:15:25','2023-10-22 04:15:25'),(184,'image','[\"cities\\/c-217.png\"]',184,'Botble\\Location\\Models\\City','2023-10-22 04:15:25','2023-10-22 04:15:25'),(185,'image','[\"cities\\/c-218.png\"]',185,'Botble\\Location\\Models\\City','2023-10-22 04:15:25','2023-10-22 04:15:25'),(186,'image','[\"cities\\/c-219.png\"]',186,'Botble\\Location\\Models\\City','2023-10-22 04:15:25','2023-10-22 04:15:25'),(187,'image','[\"cities\\/c-220.png\"]',187,'Botble\\Location\\Models\\City','2023-10-22 04:15:25','2023-10-22 04:15:25'),(188,'image','[\"cities\\/c-222.png\"]',188,'Botble\\Location\\Models\\City','2023-10-22 04:15:25','2023-10-22 04:15:25'),(189,'image','[\"cities\\/c-224.png\"]',189,'Botble\\Location\\Models\\City','2023-10-22 04:15:25','2023-10-22 04:15:25'),(190,'image','[\"cities\\/c-225.png\"]',190,'Botble\\Location\\Models\\City','2023-10-22 04:15:25','2023-10-22 04:15:25'),(191,'image','[\"cities\\/c-226.png\"]',191,'Botble\\Location\\Models\\City','2023-10-22 04:15:25','2023-10-22 04:15:25'),(192,'image','[\"cities\\/c-228.png\"]',192,'Botble\\Location\\Models\\City','2023-10-22 04:15:25','2023-10-22 04:15:25'),(193,'image','[\"cities\\/c-229.png\"]',193,'Botble\\Location\\Models\\City','2023-10-22 04:15:25','2023-10-22 04:15:25'),(194,'image','[\"cities\\/c-230.png\"]',194,'Botble\\Location\\Models\\City','2023-10-22 04:15:25','2023-10-22 04:15:25'),(195,'image','[\"cities\\/c-231.png\"]',195,'Botble\\Location\\Models\\City','2023-10-22 04:15:25','2023-10-22 04:15:25'),(196,'image','[\"cities\\/c-232.png\"]',196,'Botble\\Location\\Models\\City','2023-10-22 04:15:25','2023-10-22 04:15:25'),(197,'image','[\"cities\\/c-233.png\"]',197,'Botble\\Location\\Models\\City','2023-10-22 04:15:25','2023-10-22 04:15:25'),(198,'image','[\"cities\\/c-234.png\"]',198,'Botble\\Location\\Models\\City','2023-10-22 04:15:25','2023-10-22 04:15:25'),(199,'image','[\"cities\\/c-236.png\"]',199,'Botble\\Location\\Models\\City','2023-10-22 04:15:25','2023-10-22 04:15:25'),(200,'image','[\"cities\\/c-237.png\"]',200,'Botble\\Location\\Models\\City','2023-10-22 04:15:25','2023-10-22 04:15:25'),(201,'image','[\"cities\\/c-238.png\"]',201,'Botble\\Location\\Models\\City','2023-10-22 04:15:25','2023-10-22 04:15:25'),(202,'image','[\"cities\\/c-242.png\"]',202,'Botble\\Location\\Models\\City','2023-10-22 04:15:25','2023-10-22 04:15:25'),(203,'image','[\"cities\\/c-243.png\"]',203,'Botble\\Location\\Models\\City','2023-10-22 04:15:25','2023-10-22 04:15:25'),(204,'image','[\"cities\\/c-244.png\"]',204,'Botble\\Location\\Models\\City','2023-10-22 04:15:25','2023-10-22 04:15:25'),(205,'image','[\"cities\\/c-245.png\"]',205,'Botble\\Location\\Models\\City','2023-10-22 04:15:25','2023-10-22 04:15:25'),(206,'image','[\"cities\\/c-246.png\"]',206,'Botble\\Location\\Models\\City','2023-10-22 04:15:25','2023-10-22 04:15:25'),(207,'image','[\"cities\\/c-247.png\"]',207,'Botble\\Location\\Models\\City','2023-10-22 04:15:25','2023-10-22 04:15:25'),(208,'image','[\"cities\\/c-248.png\"]',208,'Botble\\Location\\Models\\City','2023-10-22 04:15:25','2023-10-22 04:15:25'),(209,'image','[\"cities\\/c-251.png\"]',209,'Botble\\Location\\Models\\City','2023-10-22 04:15:25','2023-10-22 04:15:25'),(210,'image','[\"cities\\/c-252.png\"]',210,'Botble\\Location\\Models\\City','2023-10-22 04:15:25','2023-10-22 04:15:25'),(211,'image','[\"cities\\/c-254.png\"]',211,'Botble\\Location\\Models\\City','2023-10-22 04:15:25','2023-10-22 04:15:25'),(212,'image','[\"cities\\/c-255.png\"]',212,'Botble\\Location\\Models\\City','2023-10-22 04:15:25','2023-10-22 04:15:25'),(213,'image','[\"cities\\/c-256.png\"]',213,'Botble\\Location\\Models\\City','2023-10-22 04:15:25','2023-10-22 04:15:25'),(214,'image','[\"cities\\/c-257.png\"]',214,'Botble\\Location\\Models\\City','2023-10-22 04:15:25','2023-10-22 04:15:25'),(215,'image','[\"cities\\/c-258.png\"]',215,'Botble\\Location\\Models\\City','2023-10-22 04:15:25','2023-10-22 04:15:25'),(216,'image','[\"cities\\/c-259.png\"]',216,'Botble\\Location\\Models\\City','2023-10-22 04:15:25','2023-10-22 04:15:25'),(217,'image','[\"cities\\/c-261.png\"]',217,'Botble\\Location\\Models\\City','2023-10-22 04:15:25','2023-10-22 04:15:25'),(218,'image','[\"cities\\/c-262.png\"]',218,'Botble\\Location\\Models\\City','2023-10-22 04:15:25','2023-10-22 04:15:25'),(219,'image','[\"cities\\/c-266.png\"]',219,'Botble\\Location\\Models\\City','2023-10-22 04:15:25','2023-10-22 04:15:25'),(220,'image','[\"cities\\/c-267.png\"]',220,'Botble\\Location\\Models\\City','2023-10-22 04:15:25','2023-10-22 04:15:25'),(221,'image','[\"cities\\/c-269.png\"]',221,'Botble\\Location\\Models\\City','2023-10-22 04:15:25','2023-10-22 04:15:25'),(222,'image','[\"cities\\/c-270.png\"]',222,'Botble\\Location\\Models\\City','2023-10-22 04:15:25','2023-10-22 04:15:25'),(223,'image','[\"cities\\/c-272.png\"]',223,'Botble\\Location\\Models\\City','2023-10-22 04:15:25','2023-10-22 04:15:25'),(224,'image','[\"cities\\/c-273.png\"]',224,'Botble\\Location\\Models\\City','2023-10-22 04:15:25','2023-10-22 04:15:25'),(225,'image','[\"cities\\/c-274.png\"]',225,'Botble\\Location\\Models\\City','2023-10-22 04:15:25','2023-10-22 04:15:25'),(226,'image','[\"cities\\/c-275.png\"]',226,'Botble\\Location\\Models\\City','2023-10-22 04:15:25','2023-10-22 04:15:25'),(227,'image','[\"cities\\/c-277.png\"]',227,'Botble\\Location\\Models\\City','2023-10-22 04:15:25','2023-10-22 04:15:25'),(228,'image','[\"cities\\/c-278.png\"]',228,'Botble\\Location\\Models\\City','2023-10-22 04:15:25','2023-10-22 04:15:25'),(229,'image','[\"cities\\/c-280.png\"]',229,'Botble\\Location\\Models\\City','2023-10-22 04:15:25','2023-10-22 04:15:25'),(230,'image','[\"cities\\/c-282.png\"]',230,'Botble\\Location\\Models\\City','2023-10-22 04:15:25','2023-10-22 04:15:25'),(231,'image','[\"cities\\/c-283.png\"]',231,'Botble\\Location\\Models\\City','2023-10-22 04:15:25','2023-10-22 04:15:25'),(232,'image','[\"cities\\/c-285.png\"]',232,'Botble\\Location\\Models\\City','2023-10-22 04:15:25','2023-10-22 04:15:25'),(233,'image','[\"cities\\/c-286.png\"]',233,'Botble\\Location\\Models\\City','2023-10-22 04:15:25','2023-10-22 04:15:25'),(234,'image','[\"cities\\/c-288.png\"]',234,'Botble\\Location\\Models\\City','2023-10-22 04:15:25','2023-10-22 04:15:25'),(235,'image','[\"cities\\/c-289.png\"]',235,'Botble\\Location\\Models\\City','2023-10-22 04:15:25','2023-10-22 04:15:25'),(236,'image','[\"cities\\/c-291.png\"]',236,'Botble\\Location\\Models\\City','2023-10-22 04:15:25','2023-10-22 04:15:25'),(237,'image','[\"cities\\/c-292.png\"]',237,'Botble\\Location\\Models\\City','2023-10-22 04:15:25','2023-10-22 04:15:25'),(238,'image','[\"cities\\/c-294.png\"]',238,'Botble\\Location\\Models\\City','2023-10-22 04:15:25','2023-10-22 04:15:25'),(239,'image','[\"cities\\/c-296.png\"]',239,'Botble\\Location\\Models\\City','2023-10-22 04:15:25','2023-10-22 04:15:25'),(240,'image','[\"cities\\/c-297.png\"]',240,'Botble\\Location\\Models\\City','2023-10-22 04:15:25','2023-10-22 04:15:25'),(241,'image','[\"cities\\/c-298.png\"]',241,'Botble\\Location\\Models\\City','2023-10-22 04:15:25','2023-10-22 04:15:25'),(242,'image','[\"cities\\/c-300.png\"]',242,'Botble\\Location\\Models\\City','2023-10-22 04:15:25','2023-10-22 04:15:25'),(243,'image','[\"cities\\/c-302.png\"]',243,'Botble\\Location\\Models\\City','2023-10-22 04:15:25','2023-10-22 04:15:25'),(244,'image','[\"cities\\/c-303.png\"]',244,'Botble\\Location\\Models\\City','2023-10-22 04:15:25','2023-10-22 04:15:25'),(245,'image','[\"cities\\/c-304.png\"]',245,'Botble\\Location\\Models\\City','2023-10-22 04:15:25','2023-10-22 04:15:25'),(246,'image','[\"cities\\/c-307.png\"]',246,'Botble\\Location\\Models\\City','2023-10-22 04:15:25','2023-10-22 04:15:25'),(247,'image','[\"cities\\/c-310.png\"]',247,'Botble\\Location\\Models\\City','2023-10-22 04:15:25','2023-10-22 04:15:25'),(248,'image','[\"cities\\/c-312.png\"]',248,'Botble\\Location\\Models\\City','2023-10-22 04:15:25','2023-10-22 04:15:25'),(249,'image','[\"cities\\/c-315.png\"]',249,'Botble\\Location\\Models\\City','2023-10-22 04:15:25','2023-10-22 04:15:25'),(250,'image','[\"cities\\/c-316.png\"]',250,'Botble\\Location\\Models\\City','2023-10-22 04:15:25','2023-10-22 04:15:25'),(251,'image','[\"cities\\/c-320.png\"]',251,'Botble\\Location\\Models\\City','2023-10-22 04:15:26','2023-10-22 04:15:26'),(252,'image','[\"cities\\/c-324.png\"]',252,'Botble\\Location\\Models\\City','2023-10-22 04:15:26','2023-10-22 04:15:26'),(253,'image','[\"cities\\/c-325.png\"]',253,'Botble\\Location\\Models\\City','2023-10-22 04:15:26','2023-10-22 04:15:26'),(254,'image','[\"cities\\/c-327.png\"]',254,'Botble\\Location\\Models\\City','2023-10-22 04:15:26','2023-10-22 04:15:26'),(255,'image','[\"cities\\/c-329.png\"]',255,'Botble\\Location\\Models\\City','2023-10-22 04:15:26','2023-10-22 04:15:26'),(256,'image','[\"cities\\/c-330.png\"]',256,'Botble\\Location\\Models\\City','2023-10-22 04:15:26','2023-10-22 04:15:26'),(257,'image','[\"cities\\/c-331.png\"]',257,'Botble\\Location\\Models\\City','2023-10-22 04:15:26','2023-10-22 04:15:26'),(258,'image','[\"cities\\/c-332.png\"]',258,'Botble\\Location\\Models\\City','2023-10-22 04:15:26','2023-10-22 04:15:26'),(259,'image','[\"cities\\/c-334.png\"]',259,'Botble\\Location\\Models\\City','2023-10-22 04:15:26','2023-10-22 04:15:26'),(260,'image','[\"cities\\/c-335.png\"]',260,'Botble\\Location\\Models\\City','2023-10-22 04:15:26','2023-10-22 04:15:26'),(261,'image','[\"cities\\/c-337.png\"]',261,'Botble\\Location\\Models\\City','2023-10-22 04:15:26','2023-10-22 04:15:26'),(262,'image','[\"cities\\/c-339.png\"]',262,'Botble\\Location\\Models\\City','2023-10-22 04:15:26','2023-10-22 04:15:26'),(263,'image','[\"cities\\/c-340.png\"]',263,'Botble\\Location\\Models\\City','2023-10-22 04:15:26','2023-10-22 04:15:26'),(264,'image','[\"cities\\/c-341.png\"]',264,'Botble\\Location\\Models\\City','2023-10-22 04:15:26','2023-10-22 04:15:26'),(265,'image','[\"cities\\/c-342.png\"]',265,'Botble\\Location\\Models\\City','2023-10-22 04:15:26','2023-10-22 04:15:26'),(266,'image','[\"cities\\/c-343.png\"]',266,'Botble\\Location\\Models\\City','2023-10-22 04:15:26','2023-10-22 04:15:26'),(267,'image','[\"cities\\/c-344.png\"]',267,'Botble\\Location\\Models\\City','2023-10-22 04:15:26','2023-10-22 04:15:26'),(268,'image','[\"cities\\/c-345.png\"]',268,'Botble\\Location\\Models\\City','2023-10-22 04:15:26','2023-10-22 04:15:26'),(269,'image','[\"cities\\/c-346.png\"]',269,'Botble\\Location\\Models\\City','2023-10-22 04:15:26','2023-10-22 04:15:26'),(270,'image','[\"cities\\/c-347.png\"]',270,'Botble\\Location\\Models\\City','2023-10-22 04:15:26','2023-10-22 04:15:26'),(271,'image','[\"cities\\/c-350.png\"]',271,'Botble\\Location\\Models\\City','2023-10-22 04:15:26','2023-10-22 04:15:26'),(272,'image','[\"cities\\/c-351.png\"]',272,'Botble\\Location\\Models\\City','2023-10-22 04:15:26','2023-10-22 04:15:26'),(273,'image','[\"cities\\/c-353.png\"]',273,'Botble\\Location\\Models\\City','2023-10-22 04:15:26','2023-10-22 04:15:26'),(274,'image','[\"cities\\/c-354.png\"]',274,'Botble\\Location\\Models\\City','2023-10-22 04:15:26','2023-10-22 04:15:26'),(275,'image','[\"cities\\/c-357.png\"]',275,'Botble\\Location\\Models\\City','2023-10-22 04:15:26','2023-10-22 04:15:26'),(276,'image','[\"cities\\/c-358.png\"]',276,'Botble\\Location\\Models\\City','2023-10-22 04:15:26','2023-10-22 04:15:26'),(277,'image','[\"cities\\/c-360.png\"]',277,'Botble\\Location\\Models\\City','2023-10-22 04:15:26','2023-10-22 04:15:26'),(278,'image','[\"cities\\/c-362.png\"]',278,'Botble\\Location\\Models\\City','2023-10-22 04:15:26','2023-10-22 04:15:26'),(279,'image','[\"cities\\/c-364.png\"]',279,'Botble\\Location\\Models\\City','2023-10-22 04:15:26','2023-10-22 04:15:26'),(280,'image','[\"cities\\/c-367.png\"]',280,'Botble\\Location\\Models\\City','2023-10-22 04:15:26','2023-10-22 04:15:26'),(281,'image','[\"cities\\/c-369.png\"]',281,'Botble\\Location\\Models\\City','2023-10-22 04:15:27','2023-10-22 04:15:27'),(282,'image','[\"cities\\/c-370.png\"]',282,'Botble\\Location\\Models\\City','2023-10-22 04:15:27','2023-10-22 04:15:27'),(283,'image','[\"cities\\/c-371.png\"]',283,'Botble\\Location\\Models\\City','2023-10-22 04:15:27','2023-10-22 04:15:27'),(284,'image','[\"cities\\/c-373.png\"]',284,'Botble\\Location\\Models\\City','2023-10-22 04:15:27','2023-10-22 04:15:27'),(285,'image','[\"cities\\/c-376.png\"]',285,'Botble\\Location\\Models\\City','2023-10-22 04:15:27','2023-10-22 04:15:27'),(286,'image','[\"cities\\/c-377.png\"]',286,'Botble\\Location\\Models\\City','2023-10-22 04:15:27','2023-10-22 04:15:27'),(287,'image','[\"cities\\/c-378.png\"]',287,'Botble\\Location\\Models\\City','2023-10-22 04:15:27','2023-10-22 04:15:27'),(288,'image','[\"cities\\/c-381.png\"]',288,'Botble\\Location\\Models\\City','2023-10-22 04:15:27','2023-10-22 04:15:27'),(289,'image','[\"cities\\/c-382.png\"]',289,'Botble\\Location\\Models\\City','2023-10-22 04:15:27','2023-10-22 04:15:27'),(290,'image','[\"cities\\/c-383.png\"]',290,'Botble\\Location\\Models\\City','2023-10-22 04:15:27','2023-10-22 04:15:27'),(291,'image','[\"cities\\/c-384.png\"]',291,'Botble\\Location\\Models\\City','2023-10-22 04:15:27','2023-10-22 04:15:27'),(292,'image','[\"cities\\/c-385.png\"]',292,'Botble\\Location\\Models\\City','2023-10-22 04:15:27','2023-10-22 04:15:27'),(293,'image','[\"cities\\/c-390.png\"]',293,'Botble\\Location\\Models\\City','2023-10-22 04:15:27','2023-10-22 04:15:27'),(294,'image','[\"cities\\/c-391.png\"]',294,'Botble\\Location\\Models\\City','2023-10-22 04:15:27','2023-10-22 04:15:27'),(295,'image','[\"cities\\/c-393.png\"]',295,'Botble\\Location\\Models\\City','2023-10-22 04:15:27','2023-10-22 04:15:27'),(296,'image','[\"cities\\/c-395.png\"]',296,'Botble\\Location\\Models\\City','2023-10-22 04:15:27','2023-10-22 04:15:27'),(297,'image','[\"cities\\/c-396.png\"]',297,'Botble\\Location\\Models\\City','2023-10-22 04:15:27','2023-10-22 04:15:27'),(298,'image','[\"cities\\/c-399.png\"]',298,'Botble\\Location\\Models\\City','2023-10-22 04:15:27','2023-10-22 04:15:27'),(299,'image','[\"cities\\/c-401.png\"]',299,'Botble\\Location\\Models\\City','2023-10-22 04:15:27','2023-10-22 04:15:27'),(300,'image','[\"cities\\/c-403.png\"]',300,'Botble\\Location\\Models\\City','2023-10-22 04:15:27','2023-10-22 04:15:27'),(301,'image','[\"cities\\/c-405.png\"]',301,'Botble\\Location\\Models\\City','2023-10-22 04:15:27','2023-10-22 04:15:27'),(302,'image','[\"cities\\/c-407.png\"]',302,'Botble\\Location\\Models\\City','2023-10-22 04:15:27','2023-10-22 04:15:27'),(303,'image','[\"cities\\/c-408.png\"]',303,'Botble\\Location\\Models\\City','2023-10-22 04:15:27','2023-10-22 04:15:27'),(304,'image','[\"cities\\/c-409.png\"]',304,'Botble\\Location\\Models\\City','2023-10-22 04:15:27','2023-10-22 04:15:27'),(305,'image','[\"cities\\/c-410.png\"]',305,'Botble\\Location\\Models\\City','2023-10-22 04:15:27','2023-10-22 04:15:27'),(306,'image','[\"cities\\/c-411.png\"]',306,'Botble\\Location\\Models\\City','2023-10-22 04:15:27','2023-10-22 04:15:27'),(307,'image','[\"cities\\/c-412.png\"]',307,'Botble\\Location\\Models\\City','2023-10-22 04:15:27','2023-10-22 04:15:27'),(308,'image','[\"cities\\/c-414.png\"]',308,'Botble\\Location\\Models\\City','2023-10-22 04:15:27','2023-10-22 04:15:27'),(309,'image','[\"cities\\/c-415.png\"]',309,'Botble\\Location\\Models\\City','2023-10-22 04:15:27','2023-10-22 04:15:27'),(310,'image','[\"cities\\/c-419.png\"]',310,'Botble\\Location\\Models\\City','2023-10-22 04:15:27','2023-10-22 04:15:27'),(311,'image','[\"cities\\/c-421.png\"]',311,'Botble\\Location\\Models\\City','2023-10-22 04:15:27','2023-10-22 04:15:27'),(312,'image','[\"cities\\/c-423.png\"]',312,'Botble\\Location\\Models\\City','2023-10-22 04:15:27','2023-10-22 04:15:27'),(313,'image','[\"cities\\/c-425.png\"]',313,'Botble\\Location\\Models\\City','2023-10-22 04:15:27','2023-10-22 04:15:27'),(314,'image','[\"cities\\/c-428.png\"]',314,'Botble\\Location\\Models\\City','2023-10-22 04:15:27','2023-10-22 04:15:27'),(315,'image','[\"cities\\/c-429.png\"]',315,'Botble\\Location\\Models\\City','2023-10-22 04:15:27','2023-10-22 04:15:27'),(316,'image','[\"cities\\/c-431.png\"]',316,'Botble\\Location\\Models\\City','2023-10-22 04:15:27','2023-10-22 04:15:27'),(317,'image','[\"cities\\/c-432.png\"]',317,'Botble\\Location\\Models\\City','2023-10-22 04:15:27','2023-10-22 04:15:27'),(318,'image','[\"cities\\/c-433.png\"]',318,'Botble\\Location\\Models\\City','2023-10-22 04:15:27','2023-10-22 04:15:27'),(319,'image','[\"cities\\/c-435.png\"]',319,'Botble\\Location\\Models\\City','2023-10-22 04:15:27','2023-10-22 04:15:27'),(320,'image','[\"cities\\/c-438.png\"]',320,'Botble\\Location\\Models\\City','2023-10-22 04:15:27','2023-10-22 04:15:27'),(321,'image','[\"cities\\/c-441.png\"]',321,'Botble\\Location\\Models\\City','2023-10-22 04:15:27','2023-10-22 04:15:27'),(322,'image','[\"cities\\/c-444.png\"]',322,'Botble\\Location\\Models\\City','2023-10-22 04:15:27','2023-10-22 04:15:27'),(323,'image','[\"cities\\/c-447.png\"]',323,'Botble\\Location\\Models\\City','2023-10-22 04:15:28','2023-10-22 04:15:28'),(324,'image','[\"cities\\/c-448.png\"]',324,'Botble\\Location\\Models\\City','2023-10-22 04:15:28','2023-10-22 04:15:28'),(325,'image','[\"cities\\/c-450.png\"]',325,'Botble\\Location\\Models\\City','2023-10-22 04:15:28','2023-10-22 04:15:28'),(326,'image','[\"cities\\/c-452.png\"]',326,'Botble\\Location\\Models\\City','2023-10-22 04:15:28','2023-10-22 04:15:28'),(327,'image','[\"cities\\/c-453.png\"]',327,'Botble\\Location\\Models\\City','2023-10-22 04:15:28','2023-10-22 04:15:28'),(328,'image','[\"cities\\/c-455.png\"]',328,'Botble\\Location\\Models\\City','2023-10-22 04:15:28','2023-10-22 04:15:28'),(329,'image','[\"cities\\/c-457.png\"]',329,'Botble\\Location\\Models\\City','2023-10-22 04:15:28','2023-10-22 04:15:28'),(330,'image','[\"cities\\/c-458.png\"]',330,'Botble\\Location\\Models\\City','2023-10-22 04:15:28','2023-10-22 04:15:28'),(331,'image','[\"cities\\/c-459.png\"]',331,'Botble\\Location\\Models\\City','2023-10-22 04:15:28','2023-10-22 04:15:28'),(332,'image','[\"cities\\/c-462.png\"]',332,'Botble\\Location\\Models\\City','2023-10-22 04:15:28','2023-10-22 04:15:28'),(333,'image','[\"cities\\/c-463.png\"]',333,'Botble\\Location\\Models\\City','2023-10-22 04:15:28','2023-10-22 04:15:28'),(334,'image','[\"cities\\/c-464.png\"]',334,'Botble\\Location\\Models\\City','2023-10-22 04:15:28','2023-10-22 04:15:28'),(335,'image','[\"cities\\/c-467.png\"]',335,'Botble\\Location\\Models\\City','2023-10-22 04:15:28','2023-10-22 04:15:28'),(336,'image','[\"cities\\/c-468.png\"]',336,'Botble\\Location\\Models\\City','2023-10-22 04:15:28','2023-10-22 04:15:28'),(337,'image','[\"cities\\/c-470.png\"]',337,'Botble\\Location\\Models\\City','2023-10-22 04:15:28','2023-10-22 04:15:28'),(338,'image','[\"cities\\/c-473.png\"]',338,'Botble\\Location\\Models\\City','2023-10-22 04:15:28','2023-10-22 04:15:28'),(339,'image','[\"cities\\/c-479.png\"]',339,'Botble\\Location\\Models\\City','2023-10-22 04:15:28','2023-10-22 04:15:28'),(340,'image','[\"cities\\/c-480.png\"]',340,'Botble\\Location\\Models\\City','2023-10-22 04:15:28','2023-10-22 04:15:28'),(341,'image','[\"cities\\/c-481.png\"]',341,'Botble\\Location\\Models\\City','2023-10-22 04:15:28','2023-10-22 04:15:28'),(342,'image','[\"cities\\/c-482.png\"]',342,'Botble\\Location\\Models\\City','2023-10-22 04:15:28','2023-10-22 04:15:28'),(343,'image','[\"cities\\/c-484.png\"]',343,'Botble\\Location\\Models\\City','2023-10-22 04:15:28','2023-10-22 04:15:28'),(344,'image','[\"cities\\/c-490.png\"]',344,'Botble\\Location\\Models\\City','2023-10-22 04:15:28','2023-10-22 04:15:28'),(345,'image','[\"cities\\/c-491.png\"]',345,'Botble\\Location\\Models\\City','2023-10-22 04:15:28','2023-10-22 04:15:28'),(346,'image','[\"cities\\/c-493.png\"]',346,'Botble\\Location\\Models\\City','2023-10-22 04:15:28','2023-10-22 04:15:28'),(347,'image','[\"cities\\/c-495.png\"]',347,'Botble\\Location\\Models\\City','2023-10-22 04:15:28','2023-10-22 04:15:28'),(348,'image','[\"cities\\/c-504.png\"]',348,'Botble\\Location\\Models\\City','2023-10-22 04:15:28','2023-10-22 04:15:28'),(349,'image','[\"cities\\/c-507.png\"]',349,'Botble\\Location\\Models\\City','2023-10-22 04:15:28','2023-10-22 04:15:28'),(350,'image','[\"cities\\/c-508.png\"]',350,'Botble\\Location\\Models\\City','2023-10-22 04:15:28','2023-10-22 04:15:28'),(351,'image','[\"cities\\/c-509.png\"]',351,'Botble\\Location\\Models\\City','2023-10-22 04:15:28','2023-10-22 04:15:28'),(352,'image','[\"cities\\/c-513.png\"]',352,'Botble\\Location\\Models\\City','2023-10-22 04:15:28','2023-10-22 04:15:28'),(353,'image','[\"cities\\/c-516.png\"]',353,'Botble\\Location\\Models\\City','2023-10-22 04:15:28','2023-10-22 04:15:28'),(354,'image','[\"cities\\/c-519.png\"]',354,'Botble\\Location\\Models\\City','2023-10-22 04:15:29','2023-10-22 04:15:29'),(355,'image','[\"cities\\/c-520.png\"]',355,'Botble\\Location\\Models\\City','2023-10-22 04:15:29','2023-10-22 04:15:29'),(356,'image','[\"cities\\/c-523.png\"]',356,'Botble\\Location\\Models\\City','2023-10-22 04:15:29','2023-10-22 04:15:29'),(357,'image','[\"cities\\/c-526.png\"]',357,'Botble\\Location\\Models\\City','2023-10-22 04:15:29','2023-10-22 04:15:29'),(358,'image','[\"cities\\/c-527.png\"]',358,'Botble\\Location\\Models\\City','2023-10-22 04:15:29','2023-10-22 04:15:29'),(359,'image','[\"cities\\/c-529.png\"]',359,'Botble\\Location\\Models\\City','2023-10-22 04:15:29','2023-10-22 04:15:29'),(360,'image','[\"cities\\/c-533.png\"]',360,'Botble\\Location\\Models\\City','2023-10-22 04:15:29','2023-10-22 04:15:29'),(361,'image','[\"cities\\/c-534.png\"]',361,'Botble\\Location\\Models\\City','2023-10-22 04:15:29','2023-10-22 04:15:29'),(362,'image','[\"cities\\/c-535.png\"]',362,'Botble\\Location\\Models\\City','2023-10-22 04:15:29','2023-10-22 04:15:29'),(363,'image','[\"cities\\/c-536.png\"]',363,'Botble\\Location\\Models\\City','2023-10-22 04:15:29','2023-10-22 04:15:29'),(364,'image','[\"cities\\/c-537.png\"]',364,'Botble\\Location\\Models\\City','2023-10-22 04:15:29','2023-10-22 04:15:29'),(365,'image','[\"cities\\/c-538.png\"]',365,'Botble\\Location\\Models\\City','2023-10-22 04:15:29','2023-10-22 04:15:29'),(366,'image','[\"cities\\/c-542.png\"]',366,'Botble\\Location\\Models\\City','2023-10-22 04:15:29','2023-10-22 04:15:29'),(367,'image','[\"cities\\/c-543.png\"]',367,'Botble\\Location\\Models\\City','2023-10-22 04:15:29','2023-10-22 04:15:29'),(368,'image','[\"cities\\/c-546.png\"]',368,'Botble\\Location\\Models\\City','2023-10-22 04:15:29','2023-10-22 04:15:29'),(369,'image','[\"cities\\/c-548.png\"]',369,'Botble\\Location\\Models\\City','2023-10-22 04:15:29','2023-10-22 04:15:29'),(370,'image','[\"cities\\/c-549.png\"]',370,'Botble\\Location\\Models\\City','2023-10-22 04:15:29','2023-10-22 04:15:29'),(371,'image','[\"cities\\/c-550.png\"]',371,'Botble\\Location\\Models\\City','2023-10-22 04:15:29','2023-10-22 04:15:29'),(372,'image','[\"cities\\/c-551.png\"]',372,'Botble\\Location\\Models\\City','2023-10-22 04:15:29','2023-10-22 04:15:29'),(373,'image','[\"cities\\/c-552.png\"]',373,'Botble\\Location\\Models\\City','2023-10-22 04:15:29','2023-10-22 04:15:29'),(374,'image','[\"cities\\/c-560.png\"]',374,'Botble\\Location\\Models\\City','2023-10-22 04:15:29','2023-10-22 04:15:29'),(375,'image','[\"cities\\/c-561.png\"]',375,'Botble\\Location\\Models\\City','2023-10-22 04:15:29','2023-10-22 04:15:29'),(376,'image','[\"cities\\/c-562.png\"]',376,'Botble\\Location\\Models\\City','2023-10-22 04:15:29','2023-10-22 04:15:29'),(377,'image','[\"cities\\/c-564.png\"]',377,'Botble\\Location\\Models\\City','2023-10-22 04:15:29','2023-10-22 04:15:29'),(378,'image','[\"cities\\/c-565.png\"]',378,'Botble\\Location\\Models\\City','2023-10-22 04:15:29','2023-10-22 04:15:29'),(379,'image','[\"cities\\/c-566.png\"]',379,'Botble\\Location\\Models\\City','2023-10-22 04:15:29','2023-10-22 04:15:29'),(380,'image','[\"cities\\/c-569.png\"]',380,'Botble\\Location\\Models\\City','2023-10-22 04:15:29','2023-10-22 04:15:29'),(381,'image','[\"cities\\/c-572.png\"]',381,'Botble\\Location\\Models\\City','2023-10-22 04:15:29','2023-10-22 04:15:29'),(382,'image','[\"cities\\/c-577.png\"]',382,'Botble\\Location\\Models\\City','2023-10-22 04:15:29','2023-10-22 04:15:29'),(383,'image','[\"cities\\/c-578.png\"]',383,'Botble\\Location\\Models\\City','2023-10-22 04:15:29','2023-10-22 04:15:29'),(384,'image','[\"cities\\/c-580.png\"]',384,'Botble\\Location\\Models\\City','2023-10-22 04:15:29','2023-10-22 04:15:29'),(385,'image','[\"cities\\/c-584.png\"]',385,'Botble\\Location\\Models\\City','2023-10-22 04:15:29','2023-10-22 04:15:29'),(386,'image','[\"cities\\/c-589.png\"]',386,'Botble\\Location\\Models\\City','2023-10-22 04:15:29','2023-10-22 04:15:29'),(387,'image','[\"cities\\/c-590.png\"]',387,'Botble\\Location\\Models\\City','2023-10-22 04:15:29','2023-10-22 04:15:29'),(388,'image','[\"cities\\/c-591.png\"]',388,'Botble\\Location\\Models\\City','2023-10-22 04:15:29','2023-10-22 04:15:29'),(389,'image','[\"cities\\/c-592.png\"]',389,'Botble\\Location\\Models\\City','2023-10-22 04:15:29','2023-10-22 04:15:29'),(390,'image','[\"cities\\/c-594.png\"]',390,'Botble\\Location\\Models\\City','2023-10-22 04:15:29','2023-10-22 04:15:29'),(391,'image','[\"cities\\/c-595.png\"]',391,'Botble\\Location\\Models\\City','2023-10-22 04:15:29','2023-10-22 04:15:29'),(392,'image','[\"cities\\/c-607.png\"]',392,'Botble\\Location\\Models\\City','2023-10-22 04:15:29','2023-10-22 04:15:29'),(393,'image','[\"cities\\/c-610.png\"]',393,'Botble\\Location\\Models\\City','2023-10-22 04:15:29','2023-10-22 04:15:29'),(394,'image','[\"cities\\/c-611.png\"]',394,'Botble\\Location\\Models\\City','2023-10-22 04:15:29','2023-10-22 04:15:29'),(395,'image','[\"cities\\/c-613.png\"]',395,'Botble\\Location\\Models\\City','2023-10-22 04:15:29','2023-10-22 04:15:29'),(396,'image','[\"cities\\/c-615.png\"]',396,'Botble\\Location\\Models\\City','2023-10-22 04:15:29','2023-10-22 04:15:29'),(397,'image','[\"cities\\/c-616.png\"]',397,'Botble\\Location\\Models\\City','2023-10-22 04:15:29','2023-10-22 04:15:29'),(398,'image','[\"cities\\/c-620.png\"]',398,'Botble\\Location\\Models\\City','2023-10-22 04:15:29','2023-10-22 04:15:29'),(399,'image','[\"cities\\/c-622.png\"]',399,'Botble\\Location\\Models\\City','2023-10-22 04:15:29','2023-10-22 04:15:29'),(400,'image','[\"cities\\/c-625.png\"]',400,'Botble\\Location\\Models\\City','2023-10-22 04:15:29','2023-10-22 04:15:29'),(401,'image','[\"cities\\/c-626.png\"]',401,'Botble\\Location\\Models\\City','2023-10-22 04:15:29','2023-10-22 04:15:29'),(402,'image','[\"cities\\/c-627.png\"]',402,'Botble\\Location\\Models\\City','2023-10-22 04:15:29','2023-10-22 04:15:29'),(403,'image','[\"cities\\/c-629.png\"]',403,'Botble\\Location\\Models\\City','2023-10-22 04:15:29','2023-10-22 04:15:29'),(404,'image','[\"cities\\/c-630.png\"]',404,'Botble\\Location\\Models\\City','2023-10-22 04:15:30','2023-10-22 04:15:30'),(405,'image','[\"cities\\/c-631.png\"]',405,'Botble\\Location\\Models\\City','2023-10-22 04:15:30','2023-10-22 04:15:30'),(406,'image','[\"cities\\/c-632.png\"]',406,'Botble\\Location\\Models\\City','2023-10-22 04:15:30','2023-10-22 04:15:30'),(407,'image','[\"cities\\/c-634.png\"]',407,'Botble\\Location\\Models\\City','2023-10-22 04:15:30','2023-10-22 04:15:30'),(408,'image','[\"cities\\/c-635.png\"]',408,'Botble\\Location\\Models\\City','2023-10-22 04:15:30','2023-10-22 04:15:30'),(409,'image','[\"cities\\/c-636.png\"]',409,'Botble\\Location\\Models\\City','2023-10-22 04:15:30','2023-10-22 04:15:30'),(410,'image','[\"cities\\/c-640.png\"]',410,'Botble\\Location\\Models\\City','2023-10-22 04:15:30','2023-10-22 04:15:30'),(411,'image','[\"cities\\/c-641.png\"]',411,'Botble\\Location\\Models\\City','2023-10-22 04:15:30','2023-10-22 04:15:30'),(412,'image','[\"cities\\/c-642.png\"]',412,'Botble\\Location\\Models\\City','2023-10-22 04:15:30','2023-10-22 04:15:30'),(413,'image','[\"cities\\/c-643.png\"]',413,'Botble\\Location\\Models\\City','2023-10-22 04:15:30','2023-10-22 04:15:30'),(414,'image','[\"cities\\/c-656.png\"]',414,'Botble\\Location\\Models\\City','2023-10-22 04:15:30','2023-10-22 04:15:30'),(415,'image','[\"cities\\/c-658.png\"]',415,'Botble\\Location\\Models\\City','2023-10-22 04:15:30','2023-10-22 04:15:30'),(416,'image','[\"cities\\/c-659.png\"]',416,'Botble\\Location\\Models\\City','2023-10-22 04:15:30','2023-10-22 04:15:30'),(417,'image','[\"cities\\/c-661.png\"]',417,'Botble\\Location\\Models\\City','2023-10-22 04:15:30','2023-10-22 04:15:30'),(418,'image','[\"cities\\/c-662.png\"]',418,'Botble\\Location\\Models\\City','2023-10-22 04:15:30','2023-10-22 04:15:30'),(419,'image','[\"cities\\/c-666.png\"]',419,'Botble\\Location\\Models\\City','2023-10-22 04:15:30','2023-10-22 04:15:30'),(420,'image','[\"cities\\/c-678.png\"]',420,'Botble\\Location\\Models\\City','2023-10-22 04:15:30','2023-10-22 04:15:30'),(421,'image','[\"cities\\/c-684.png\"]',421,'Botble\\Location\\Models\\City','2023-10-22 04:15:30','2023-10-22 04:15:30'),(422,'image','[\"cities\\/c-685.png\"]',422,'Botble\\Location\\Models\\City','2023-10-22 04:15:30','2023-10-22 04:15:30'),(423,'image','[\"cities\\/c-691.png\"]',423,'Botble\\Location\\Models\\City','2023-10-22 04:15:30','2023-10-22 04:15:30'),(424,'image','[\"cities\\/c-698.png\"]',424,'Botble\\Location\\Models\\City','2023-10-22 04:15:30','2023-10-22 04:15:30'),(425,'image','[\"cities\\/c-700.png\"]',425,'Botble\\Location\\Models\\City','2023-10-22 04:15:30','2023-10-22 04:15:30'),(426,'image','[\"cities\\/c-706.png\"]',426,'Botble\\Location\\Models\\City','2023-10-22 04:15:30','2023-10-22 04:15:30'),(427,'image','[\"cities\\/c-710.png\"]',427,'Botble\\Location\\Models\\City','2023-10-22 04:15:30','2023-10-22 04:15:30'),(428,'image','[\"cities\\/c-715.png\"]',428,'Botble\\Location\\Models\\City','2023-10-22 04:15:30','2023-10-22 04:15:30'),(429,'image','[\"cities\\/c-717.png\"]',429,'Botble\\Location\\Models\\City','2023-10-22 04:15:30','2023-10-22 04:15:30'),(430,'image','[\"cities\\/c-719.png\"]',430,'Botble\\Location\\Models\\City','2023-10-22 04:15:30','2023-10-22 04:15:30'),(431,'image','[\"cities\\/c-720.png\"]',431,'Botble\\Location\\Models\\City','2023-10-22 04:15:30','2023-10-22 04:15:30'),(432,'image','[\"cities\\/c-721.png\"]',432,'Botble\\Location\\Models\\City','2023-10-22 04:15:30','2023-10-22 04:15:30'),(433,'image','[\"cities\\/c-722.png\"]',433,'Botble\\Location\\Models\\City','2023-10-22 04:15:30','2023-10-22 04:15:30'),(434,'image','[\"cities\\/c-726.png\"]',434,'Botble\\Location\\Models\\City','2023-10-22 04:15:30','2023-10-22 04:15:30'),(435,'image','[\"cities\\/c-727.png\"]',435,'Botble\\Location\\Models\\City','2023-10-22 04:15:30','2023-10-22 04:15:30'),(436,'image','[\"cities\\/c-731.png\"]',436,'Botble\\Location\\Models\\City','2023-10-22 04:15:30','2023-10-22 04:15:30'),(437,'image','[\"cities\\/c-736.png\"]',437,'Botble\\Location\\Models\\City','2023-10-22 04:15:30','2023-10-22 04:15:30'),(438,'image','[\"cities\\/c-740.png\"]',438,'Botble\\Location\\Models\\City','2023-10-22 04:15:30','2023-10-22 04:15:30'),(439,'image','[\"cities\\/c-746.png\"]',439,'Botble\\Location\\Models\\City','2023-10-22 04:15:30','2023-10-22 04:15:30'),(440,'image','[\"cities\\/c-747.png\"]',440,'Botble\\Location\\Models\\City','2023-10-22 04:15:30','2023-10-22 04:15:30'),(441,'image','[\"cities\\/c-750.png\"]',441,'Botble\\Location\\Models\\City','2023-10-22 04:15:30','2023-10-22 04:15:30'),(442,'image','[\"cities\\/c-754.png\"]',442,'Botble\\Location\\Models\\City','2023-10-22 04:15:30','2023-10-22 04:15:30'),(443,'image','[\"cities\\/c-761.png\"]',443,'Botble\\Location\\Models\\City','2023-10-22 04:15:30','2023-10-22 04:15:30'),(444,'image','[\"cities\\/c-763.png\"]',444,'Botble\\Location\\Models\\City','2023-10-22 04:15:30','2023-10-22 04:15:30'),(445,'image','[\"cities\\/c-770.png\"]',445,'Botble\\Location\\Models\\City','2023-10-22 04:15:30','2023-10-22 04:15:30'),(446,'image','[\"cities\\/c-773.png\"]',446,'Botble\\Location\\Models\\City','2023-10-22 04:15:30','2023-10-22 04:15:30'),(447,'image','[\"cities\\/c-774.png\"]',447,'Botble\\Location\\Models\\City','2023-10-22 04:15:30','2023-10-22 04:15:30'),(448,'image','[\"cities\\/c-780.png\"]',448,'Botble\\Location\\Models\\City','2023-10-22 04:15:30','2023-10-22 04:15:30'),(449,'image','[\"cities\\/c-781.png\"]',449,'Botble\\Location\\Models\\City','2023-10-22 04:15:30','2023-10-22 04:15:30'),(450,'image','[\"cities\\/c-784.png\"]',450,'Botble\\Location\\Models\\City','2023-10-22 04:15:31','2023-10-22 04:15:31'),(451,'image','[\"cities\\/c-793.png\"]',451,'Botble\\Location\\Models\\City','2023-10-22 04:15:31','2023-10-22 04:15:31'),(452,'image','[\"cities\\/c-794.png\"]',452,'Botble\\Location\\Models\\City','2023-10-22 04:15:31','2023-10-22 04:15:31'),(453,'image','[\"cities\\/c-795.png\"]',453,'Botble\\Location\\Models\\City','2023-10-22 04:15:31','2023-10-22 04:15:31'),(454,'image','[\"cities\\/c-798.png\"]',454,'Botble\\Location\\Models\\City','2023-10-22 04:15:31','2023-10-22 04:15:31'),(455,'image','[\"cities\\/c-803.png\"]',455,'Botble\\Location\\Models\\City','2023-10-22 04:15:31','2023-10-22 04:15:31'),(456,'image','[\"cities\\/c-804.png\"]',456,'Botble\\Location\\Models\\City','2023-10-22 04:15:31','2023-10-22 04:15:31'),(457,'image','[\"cities\\/c-807.png\"]',457,'Botble\\Location\\Models\\City','2023-10-22 04:15:31','2023-10-22 04:15:31'),(458,'image','[\"cities\\/c-809.png\"]',458,'Botble\\Location\\Models\\City','2023-10-22 04:15:31','2023-10-22 04:15:31'),(459,'image','[\"cities\\/c-810.png\"]',459,'Botble\\Location\\Models\\City','2023-10-22 04:15:31','2023-10-22 04:15:31'),(460,'image','[\"cities\\/c-812.png\"]',460,'Botble\\Location\\Models\\City','2023-10-22 04:15:31','2023-10-22 04:15:31'),(461,'image','[\"cities\\/c-815.png\"]',461,'Botble\\Location\\Models\\City','2023-10-22 04:15:31','2023-10-22 04:15:31'),(462,'image','[\"cities\\/c-817.png\"]',462,'Botble\\Location\\Models\\City','2023-10-22 04:15:31','2023-10-22 04:15:31'),(463,'image','[\"cities\\/c-819.png\"]',463,'Botble\\Location\\Models\\City','2023-10-22 04:15:31','2023-10-22 04:15:31'),(464,'image','[\"cities\\/c-821.png\"]',464,'Botble\\Location\\Models\\City','2023-10-22 04:15:31','2023-10-22 04:15:31'),(465,'image','[\"cities\\/c-825.png\"]',465,'Botble\\Location\\Models\\City','2023-10-22 04:15:31','2023-10-22 04:15:31'),(466,'image','[\"cities\\/c-834.png\"]',466,'Botble\\Location\\Models\\City','2023-10-22 04:15:31','2023-10-22 04:15:31'),(467,'image','[\"cities\\/c-840.png\"]',467,'Botble\\Location\\Models\\City','2023-10-22 04:15:31','2023-10-22 04:15:31'),(468,'image','[\"cities\\/c-841.png\"]',468,'Botble\\Location\\Models\\City','2023-10-22 04:15:31','2023-10-22 04:15:31'),(469,'image','[\"cities\\/c-856.png\"]',469,'Botble\\Location\\Models\\City','2023-10-22 04:15:31','2023-10-22 04:15:31'),(470,'image','[\"cities\\/c-858.png\"]',470,'Botble\\Location\\Models\\City','2023-10-22 04:15:31','2023-10-22 04:15:31'),(471,'image','[\"cities\\/c-860.png\"]',471,'Botble\\Location\\Models\\City','2023-10-22 04:15:31','2023-10-22 04:15:31'),(472,'image','[\"cities\\/c-862.png\"]',472,'Botble\\Location\\Models\\City','2023-10-22 04:15:31','2023-10-22 04:15:31'),(473,'image','[\"cities\\/c-863.png\"]',473,'Botble\\Location\\Models\\City','2023-10-22 04:15:31','2023-10-22 04:15:31'),(474,'image','[\"cities\\/c-866.png\"]',474,'Botble\\Location\\Models\\City','2023-10-22 04:15:31','2023-10-22 04:15:31'),(475,'image','[\"cities\\/c-871.png\"]',475,'Botble\\Location\\Models\\City','2023-10-22 04:15:31','2023-10-22 04:15:31'),(476,'image','[\"cities\\/c-872.png\"]',476,'Botble\\Location\\Models\\City','2023-10-22 04:15:31','2023-10-22 04:15:31'),(477,'image','[\"cities\\/c-876.png\"]',477,'Botble\\Location\\Models\\City','2023-10-22 04:15:31','2023-10-22 04:15:31'),(478,'image','[\"cities\\/c-883.png\"]',478,'Botble\\Location\\Models\\City','2023-10-22 04:15:31','2023-10-22 04:15:31'),(479,'image','[\"cities\\/c-888.png\"]',479,'Botble\\Location\\Models\\City','2023-10-22 04:15:31','2023-10-22 04:15:31'),(480,'image','[\"cities\\/c-889.png\"]',480,'Botble\\Location\\Models\\City','2023-10-22 04:15:31','2023-10-22 04:15:31'),(481,'image','[\"cities\\/c-892.png\"]',481,'Botble\\Location\\Models\\City','2023-10-22 04:15:31','2023-10-22 04:15:31'),(482,'image','[\"cities\\/c-895.png\"]',482,'Botble\\Location\\Models\\City','2023-10-22 04:15:31','2023-10-22 04:15:31'),(483,'image','[\"cities\\/c-911.png\"]',483,'Botble\\Location\\Models\\City','2023-10-22 04:15:31','2023-10-22 04:15:31'),(484,'image','[\"cities\\/c-915.png\"]',484,'Botble\\Location\\Models\\City','2023-10-22 04:15:31','2023-10-22 04:15:31'),(485,'image','[\"cities\\/c-922.png\"]',485,'Botble\\Location\\Models\\City','2023-10-22 04:15:31','2023-10-22 04:15:31'),(486,'image','[\"cities\\/c-931.png\"]',486,'Botble\\Location\\Models\\City','2023-10-22 04:15:31','2023-10-22 04:15:31'),(487,'image','[\"cities\\/c-932.png\"]',487,'Botble\\Location\\Models\\City','2023-10-22 04:15:31','2023-10-22 04:15:31'),(488,'image','[\"cities\\/c-934.png\"]',488,'Botble\\Location\\Models\\City','2023-10-22 04:15:32','2023-10-22 04:15:32'),(489,'image','[\"cities\\/c-937.png\"]',489,'Botble\\Location\\Models\\City','2023-10-22 04:15:32','2023-10-22 04:15:32'),(490,'image','[\"cities\\/c-938.png\"]',490,'Botble\\Location\\Models\\City','2023-10-22 04:15:32','2023-10-22 04:15:32'),(491,'image','[\"cities\\/c-948.png\"]',491,'Botble\\Location\\Models\\City','2023-10-22 04:15:32','2023-10-22 04:15:32'),(492,'image','[\"cities\\/c-955.png\"]',492,'Botble\\Location\\Models\\City','2023-10-22 04:15:32','2023-10-22 04:15:32'),(493,'image','[\"cities\\/c-962.png\"]',493,'Botble\\Location\\Models\\City','2023-10-22 04:15:32','2023-10-22 04:15:32'),(494,'image','[\"cities\\/c-970.png\"]',494,'Botble\\Location\\Models\\City','2023-10-22 04:15:32','2023-10-22 04:15:32'),(495,'image','[\"cities\\/c-977.png\"]',495,'Botble\\Location\\Models\\City','2023-10-22 04:15:32','2023-10-22 04:15:32'),(496,'image','[\"cities\\/c-984.png\"]',496,'Botble\\Location\\Models\\City','2023-10-22 04:15:32','2023-10-22 04:15:32'),(497,'image','[\"cities\\/c-988.png\"]',497,'Botble\\Location\\Models\\City','2023-10-22 04:15:32','2023-10-22 04:15:32'),(498,'image','[\"cities\\/c-1001.png\"]',498,'Botble\\Location\\Models\\City','2023-10-22 04:15:32','2023-10-22 04:15:32'),(499,'image','[\"cities\\/c-1013.png\"]',499,'Botble\\Location\\Models\\City','2023-10-22 04:15:32','2023-10-22 04:15:32'),(500,'image','[\"cities\\/c-1040.png\"]',500,'Botble\\Location\\Models\\City','2023-10-22 04:15:32','2023-10-22 04:15:32'),(501,'image','[\"cities\\/c-1041.png\"]',501,'Botble\\Location\\Models\\City','2023-10-22 04:15:32','2023-10-22 04:15:32'),(502,'image','[\"cities\\/c-1059.png\"]',502,'Botble\\Location\\Models\\City','2023-10-22 04:15:32','2023-10-22 04:15:32'),(503,'image','[\"cities\\/c-1063.png\"]',503,'Botble\\Location\\Models\\City','2023-10-22 04:15:32','2023-10-22 04:15:32'),(504,'image','[\"cities\\/c-1064.png\"]',504,'Botble\\Location\\Models\\City','2023-10-22 04:15:32','2023-10-22 04:15:32'),(505,'image','[\"cities\\/c-1065.png\"]',505,'Botble\\Location\\Models\\City','2023-10-22 04:15:32','2023-10-22 04:15:32'),(506,'image','[\"cities\\/c-1068.png\"]',506,'Botble\\Location\\Models\\City','2023-10-22 04:15:32','2023-10-22 04:15:32'),(507,'image','[\"cities\\/c-1075.png\"]',507,'Botble\\Location\\Models\\City','2023-10-22 04:15:32','2023-10-22 04:15:32'),(508,'image','[\"cities\\/c-1083.png\"]',508,'Botble\\Location\\Models\\City','2023-10-22 04:15:32','2023-10-22 04:15:32'),(509,'image','[\"cities\\/c-1088.png\"]',509,'Botble\\Location\\Models\\City','2023-10-22 04:15:32','2023-10-22 04:15:32'),(510,'image','[\"cities\\/c-1090.png\"]',510,'Botble\\Location\\Models\\City','2023-10-22 04:15:32','2023-10-22 04:15:32'),(511,'image','[\"cities\\/c-1091.png\"]',511,'Botble\\Location\\Models\\City','2023-10-22 04:15:32','2023-10-22 04:15:32'),(512,'image','[\"cities\\/c-1097.png\"]',512,'Botble\\Location\\Models\\City','2023-10-22 04:15:32','2023-10-22 04:15:32'),(513,'image','[\"cities\\/c-1099.png\"]',513,'Botble\\Location\\Models\\City','2023-10-22 04:15:32','2023-10-22 04:15:32'),(514,'image','[\"cities\\/c-1105.png\"]',514,'Botble\\Location\\Models\\City','2023-10-22 04:15:32','2023-10-22 04:15:32'),(515,'image','[\"cities\\/c-1115.png\"]',515,'Botble\\Location\\Models\\City','2023-10-22 04:15:33','2023-10-22 04:15:33'),(516,'image','[\"cities\\/c-1123.png\"]',516,'Botble\\Location\\Models\\City','2023-10-22 04:15:33','2023-10-22 04:15:33'),(517,'image','[\"cities\\/c-1140.png\"]',517,'Botble\\Location\\Models\\City','2023-10-22 04:15:33','2023-10-22 04:15:33'),(518,'image','[\"cities\\/c-1152.png\"]',518,'Botble\\Location\\Models\\City','2023-10-22 04:15:33','2023-10-22 04:15:33'),(519,'image','[\"cities\\/c-1154.png\"]',519,'Botble\\Location\\Models\\City','2023-10-22 04:15:33','2023-10-22 04:15:33'),(520,'image','[\"cities\\/c-1158.png\"]',520,'Botble\\Location\\Models\\City','2023-10-22 04:15:33','2023-10-22 04:15:33'),(521,'image','[\"cities\\/c-1162.png\"]',521,'Botble\\Location\\Models\\City','2023-10-22 04:15:33','2023-10-22 04:15:33'),(522,'image','[\"cities\\/c-1163.png\"]',522,'Botble\\Location\\Models\\City','2023-10-22 04:15:33','2023-10-22 04:15:33'),(523,'image','[\"cities\\/c-1165.png\"]',523,'Botble\\Location\\Models\\City','2023-10-22 04:15:33','2023-10-22 04:15:33'),(524,'image','[\"cities\\/c-1169.png\"]',524,'Botble\\Location\\Models\\City','2023-10-22 04:15:33','2023-10-22 04:15:33'),(525,'image','[\"cities\\/c-1175.png\"]',525,'Botble\\Location\\Models\\City','2023-10-22 04:15:33','2023-10-22 04:15:33'),(526,'image','[\"cities\\/c-1177.png\"]',526,'Botble\\Location\\Models\\City','2023-10-22 04:15:33','2023-10-22 04:15:33'),(527,'image','[\"cities\\/c-1178.png\"]',527,'Botble\\Location\\Models\\City','2023-10-22 04:15:34','2023-10-22 04:15:34'),(528,'image','[\"cities\\/c-1212.png\"]',528,'Botble\\Location\\Models\\City','2023-10-22 04:15:34','2023-10-22 04:15:34'),(529,'image','[\"cities\\/c-1214.png\"]',529,'Botble\\Location\\Models\\City','2023-10-22 04:15:34','2023-10-22 04:15:34'),(530,'image','[\"cities\\/c-1216.png\"]',530,'Botble\\Location\\Models\\City','2023-10-22 04:15:34','2023-10-22 04:15:34'),(531,'image','[\"cities\\/c-1217.png\"]',531,'Botble\\Location\\Models\\City','2023-10-22 04:15:34','2023-10-22 04:15:34'),(532,'image','[\"cities\\/c-1218.png\"]',532,'Botble\\Location\\Models\\City','2023-10-22 04:15:34','2023-10-22 04:15:34'),(533,'image','[\"cities\\/c-1224.png\"]',533,'Botble\\Location\\Models\\City','2023-10-22 04:15:34','2023-10-22 04:15:34'),(534,'image','[\"cities\\/c-1231.png\"]',534,'Botble\\Location\\Models\\City','2023-10-22 04:15:34','2023-10-22 04:15:34'),(535,'image','[\"cities\\/c-1241.png\"]',535,'Botble\\Location\\Models\\City','2023-10-22 04:15:34','2023-10-22 04:15:34'),(536,'image','[\"cities\\/c-1252.png\"]',536,'Botble\\Location\\Models\\City','2023-10-22 04:15:34','2023-10-22 04:15:34'),(537,'image','[\"cities\\/c-1267.png\"]',537,'Botble\\Location\\Models\\City','2023-10-22 04:15:34','2023-10-22 04:15:34'),(538,'image','[\"cities\\/c-1280.png\"]',538,'Botble\\Location\\Models\\City','2023-10-22 04:15:34','2023-10-22 04:15:34'),(539,'image','[\"cities\\/c-1284.png\"]',539,'Botble\\Location\\Models\\City','2023-10-22 04:15:34','2023-10-22 04:15:34'),(540,'image','[\"cities\\/c-1288.png\"]',540,'Botble\\Location\\Models\\City','2023-10-22 04:15:34','2023-10-22 04:15:34'),(541,'image','[\"cities\\/c-1307.png\"]',541,'Botble\\Location\\Models\\City','2023-10-22 04:15:34','2023-10-22 04:15:34'),(542,'image','[\"cities\\/c-1314.png\"]',542,'Botble\\Location\\Models\\City','2023-10-22 04:15:34','2023-10-22 04:15:34'),(543,'image','[\"cities\\/c-1359.png\"]',543,'Botble\\Location\\Models\\City','2023-10-22 04:15:34','2023-10-22 04:15:34'),(544,'image','[\"cities\\/c-1364.png\"]',544,'Botble\\Location\\Models\\City','2023-10-22 04:15:34','2023-10-22 04:15:34'),(545,'image','[\"cities\\/c-1395.png\"]',545,'Botble\\Location\\Models\\City','2023-10-22 04:15:35','2023-10-22 04:15:35'),(546,'image','[\"cities\\/c-1416.png\"]',546,'Botble\\Location\\Models\\City','2023-10-22 04:15:35','2023-10-22 04:15:35'),(547,'image','[\"cities\\/c-1423.png\"]',547,'Botble\\Location\\Models\\City','2023-10-22 04:15:35','2023-10-22 04:15:35'),(548,'image','[\"cities\\/c-1428.png\"]',548,'Botble\\Location\\Models\\City','2023-10-22 04:15:35','2023-10-22 04:15:35'),(549,'image','[\"cities\\/c-1469.png\"]',549,'Botble\\Location\\Models\\City','2023-10-22 04:15:35','2023-10-22 04:15:35'),(550,'image','[\"cities\\/c-1472.png\"]',550,'Botble\\Location\\Models\\City','2023-10-22 04:15:35','2023-10-22 04:15:35'),(551,'image','[\"cities\\/c-1478.png\"]',551,'Botble\\Location\\Models\\City','2023-10-22 04:15:35','2023-10-22 04:15:35'),(552,'image','[\"cities\\/c-1496.png\"]',552,'Botble\\Location\\Models\\City','2023-10-22 04:15:35','2023-10-22 04:15:35'),(553,'image','[\"cities\\/c-1509.png\"]',553,'Botble\\Location\\Models\\City','2023-10-22 04:15:35','2023-10-22 04:15:35'),(554,'image','[\"cities\\/c-1526.png\"]',554,'Botble\\Location\\Models\\City','2023-10-22 04:15:35','2023-10-22 04:15:35'),(555,'image','[\"cities\\/c-1536.png\"]',555,'Botble\\Location\\Models\\City','2023-10-22 04:15:35','2023-10-22 04:15:35'),(556,'image','[\"cities\\/c-1546.png\"]',556,'Botble\\Location\\Models\\City','2023-10-22 04:15:35','2023-10-22 04:15:35'),(557,'image','[\"cities\\/c-1559.png\"]',557,'Botble\\Location\\Models\\City','2023-10-22 04:15:35','2023-10-22 04:15:35'),(558,'image','[\"cities\\/c-1579.png\"]',558,'Botble\\Location\\Models\\City','2023-10-22 04:15:35','2023-10-22 04:15:35'),(559,'image','[\"cities\\/c-1613.png\"]',559,'Botble\\Location\\Models\\City','2023-10-22 04:15:35','2023-10-22 04:15:35'),(560,'image','[\"cities\\/c-1618.png\"]',560,'Botble\\Location\\Models\\City','2023-10-22 04:15:35','2023-10-22 04:15:35'),(561,'image','[\"cities\\/c-1672.png\"]',561,'Botble\\Location\\Models\\City','2023-10-22 04:15:35','2023-10-22 04:15:35'),(562,'image','[\"cities\\/c-1674.png\"]',562,'Botble\\Location\\Models\\City','2023-10-22 04:15:35','2023-10-22 04:15:35'),(563,'image','[\"cities\\/c-1684.png\"]',563,'Botble\\Location\\Models\\City','2023-10-22 04:15:35','2023-10-22 04:15:35'),(564,'image','[\"cities\\/c-1832.png\"]',564,'Botble\\Location\\Models\\City','2023-10-22 04:15:35','2023-10-22 04:15:35'),(565,'image','[\"cities\\/c-1980.png\"]',565,'Botble\\Location\\Models\\City','2023-10-22 04:15:35','2023-10-22 04:15:35'),(566,'image','[\"cities\\/c-1997.png\"]',566,'Botble\\Location\\Models\\City','2023-10-22 04:15:35','2023-10-22 04:15:35'),(567,'image','[\"cities\\/c-2016.png\"]',567,'Botble\\Location\\Models\\City','2023-10-22 04:15:35','2023-10-22 04:15:35'),(568,'header_layout','[\"layout-1\"]',1,'Botble\\RealEstate\\Models\\Property','2023-10-22 04:16:13','2023-10-22 04:16:13'),(569,'video_url','[\"https:\\/\\/www.youtube.com\\/watch?v=U05fwua9-D4\"]',1,'Botble\\RealEstate\\Models\\Property','2023-10-22 04:16:13','2023-10-22 04:16:13'),(570,'header_layout','[\"layout-2\"]',2,'Botble\\RealEstate\\Models\\Property','2023-10-22 04:16:13','2023-10-22 04:16:13'),(571,'video_url','[\"https:\\/\\/www.youtube.com\\/watch?v=0I647GU3Jsc\"]',2,'Botble\\RealEstate\\Models\\Property','2023-10-22 04:16:13','2023-10-22 04:16:13'),(572,'header_layout','[\"layout-3\"]',3,'Botble\\RealEstate\\Models\\Property','2023-10-22 04:16:13','2023-10-22 04:16:13'),(573,'video_url','[\"https:\\/\\/www.youtube.com\\/watch?v=0I647GU3Jsc\"]',3,'Botble\\RealEstate\\Models\\Property','2023-10-22 04:16:13','2023-10-22 04:16:13'),(574,'video_url','[\"https:\\/\\/www.youtube.com\\/watch?v=0I647GU3Jsc\"]',4,'Botble\\RealEstate\\Models\\Property','2023-10-22 04:16:13','2023-10-22 04:16:13'),(575,'video_url','[\"https:\\/\\/www.youtube.com\\/watch?v=0I647GU3Jsc\"]',5,'Botble\\RealEstate\\Models\\Property','2023-10-22 04:16:13','2023-10-22 04:16:13'),(576,'video_url','[\"https:\\/\\/www.youtube.com\\/watch?v=U05fwua9-D4\"]',6,'Botble\\RealEstate\\Models\\Property','2023-10-22 04:16:13','2023-10-22 04:16:13'),(577,'video_url','[\"https:\\/\\/www.youtube.com\\/watch?v=U05fwua9-D4\"]',7,'Botble\\RealEstate\\Models\\Property','2023-10-22 04:16:13','2023-10-22 04:16:13'),(578,'video_url','[\"https:\\/\\/www.youtube.com\\/watch?v=U05fwua9-D4\"]',8,'Botble\\RealEstate\\Models\\Property','2023-10-22 04:16:13','2023-10-22 04:16:13'),(579,'video_url','[\"https:\\/\\/www.youtube.com\\/watch?v=0I647GU3Jsc\"]',9,'Botble\\RealEstate\\Models\\Property','2023-10-22 04:16:13','2023-10-22 04:16:13'),(580,'video_url','[\"https:\\/\\/www.youtube.com\\/watch?v=U05fwua9-D4\"]',10,'Botble\\RealEstate\\Models\\Property','2023-10-22 04:16:13','2023-10-22 04:16:13'),(581,'video_url','[\"https:\\/\\/www.youtube.com\\/watch?v=0I647GU3Jsc\"]',11,'Botble\\RealEstate\\Models\\Property','2023-10-22 04:16:13','2023-10-22 04:16:13'),(582,'video_url','[\"https:\\/\\/www.youtube.com\\/watch?v=U05fwua9-D4\"]',12,'Botble\\RealEstate\\Models\\Property','2023-10-22 04:16:13','2023-10-22 04:16:13'),(583,'video_url','[\"https:\\/\\/www.youtube.com\\/watch?v=U05fwua9-D4\"]',13,'Botble\\RealEstate\\Models\\Property','2023-10-22 04:16:13','2023-10-22 04:16:13'),(584,'video_url','[\"https:\\/\\/www.youtube.com\\/watch?v=0I647GU3Jsc\"]',14,'Botble\\RealEstate\\Models\\Property','2023-10-22 04:16:13','2023-10-22 04:16:13'),(585,'video_url','[\"https:\\/\\/www.youtube.com\\/watch?v=0I647GU3Jsc\"]',15,'Botble\\RealEstate\\Models\\Property','2023-10-22 04:16:13','2023-10-22 04:16:13'),(586,'video_url','[\"https:\\/\\/www.youtube.com\\/watch?v=0I647GU3Jsc\"]',16,'Botble\\RealEstate\\Models\\Property','2023-10-22 04:16:13','2023-10-22 04:16:13'),(587,'video_url','[\"https:\\/\\/www.youtube.com\\/watch?v=U05fwua9-D4\"]',17,'Botble\\RealEstate\\Models\\Property','2023-10-22 04:16:13','2023-10-22 04:16:13'),(588,'video_url','[\"https:\\/\\/www.youtube.com\\/watch?v=0I647GU3Jsc\"]',1,'Botble\\RealEstate\\Models\\Project','2023-10-22 04:17:01','2023-10-22 04:17:01'),(589,'video_url','[\"https:\\/\\/www.youtube.com\\/watch?v=U05fwua9-D4\"]',2,'Botble\\RealEstate\\Models\\Project','2023-10-22 04:17:01','2023-10-22 04:17:01'),(590,'video_url','[\"https:\\/\\/www.youtube.com\\/watch?v=U05fwua9-D4\"]',3,'Botble\\RealEstate\\Models\\Project','2023-10-22 04:17:01','2023-10-22 04:17:01'),(591,'video_url','[\"https:\\/\\/www.youtube.com\\/watch?v=U05fwua9-D4\"]',4,'Botble\\RealEstate\\Models\\Project','2023-10-22 04:17:01','2023-10-22 04:17:01'),(592,'video_url','[\"https:\\/\\/www.youtube.com\\/watch?v=U05fwua9-D4\"]',5,'Botble\\RealEstate\\Models\\Project','2023-10-22 04:17:01','2023-10-22 04:17:01'),(593,'video_url','[\"https:\\/\\/www.youtube.com\\/watch?v=0I647GU3Jsc\"]',6,'Botble\\RealEstate\\Models\\Project','2023-10-22 04:17:01','2023-10-22 04:17:01'),(594,'video_url','[\"https:\\/\\/www.youtube.com\\/watch?v=U05fwua9-D4\"]',7,'Botble\\RealEstate\\Models\\Project','2023-10-22 04:17:01','2023-10-22 04:17:01'),(595,'video_url','[\"https:\\/\\/www.youtube.com\\/watch?v=0I647GU3Jsc\"]',8,'Botble\\RealEstate\\Models\\Project','2023-10-22 04:17:01','2023-10-22 04:17:01'),(596,'video_url','[\"https:\\/\\/www.youtube.com\\/watch?v=0I647GU3Jsc\"]',9,'Botble\\RealEstate\\Models\\Project','2023-10-22 04:17:01','2023-10-22 04:17:01');
/*!40000 ALTER TABLE `meta_boxes` ENABLE KEYS */;
UNLOCK TABLES;

--
-- Table structure for table `migrations`
--

DROP TABLE IF EXISTS `migrations`;
/*!40101 SET @saved_cs_client     = @@character_set_client */;
/*!50503 SET character_set_client = utf8mb4 */;
CREATE TABLE `migrations` (
  `id` int unsigned NOT NULL AUTO_INCREMENT,
  `migration` varchar(191) COLLATE utf8mb4_unicode_ci NOT NULL,
  `batch` int NOT NULL,
  PRIMARY KEY (`id`)
) ENGINE=InnoDB AUTO_INCREMENT=74 DEFAULT CHARSET=utf8mb4 COLLATE=utf8mb4_unicode_ci;
/*!40101 SET character_set_client = @saved_cs_client */;

--
-- Dumping data for table `migrations`
--

LOCK TABLES `migrations` WRITE;
/*!40000 ALTER TABLE `migrations` DISABLE KEYS */;
INSERT INTO `migrations` VALUES (1,'2013_04_09_032329_create_base_tables',1),(2,'2013_04_09_062329_create_revisions_table',1),(3,'2014_10_12_000000_create_users_table',1),(4,'2014_10_12_100000_create_password_reset_tokens_table',1),(5,'2016_06_10_230148_create_acl_tables',1),(6,'2016_06_14_230857_create_menus_table',1),(7,'2016_06_28_221418_create_pages_table',1),(8,'2016_10_05_074239_create_setting_table',1),(9,'2016_11_28_032840_create_dashboard_widget_tables',1),(10,'2016_12_16_084601_create_widgets_table',1),(11,'2017_05_09_070343_create_media_tables',1),(12,'2017_11_03_070450_create_slug_table',1),(13,'2019_01_05_053554_create_jobs_table',1),(14,'2019_08_19_000000_create_failed_jobs_table',1),(15,'2019_12_14_000001_create_personal_access_tokens_table',1),(16,'2022_04_20_100851_add_index_to_media_table',1),(17,'2022_04_20_101046_add_index_to_menu_table',1),(18,'2022_07_10_034813_move_lang_folder_to_root',1),(19,'2022_08_04_051940_add_missing_column_expires_at',1),(20,'2022_09_01_000001_create_admin_notifications_tables',1),(21,'2022_10_14_024629_drop_column_is_featured',1),(22,'2022_11_18_063357_add_missing_timestamp_in_table_settings',1),(23,'2022_12_02_093615_update_slug_index_columns',1),(24,'2023_01_30_024431_add_alt_to_media_table',1),(25,'2023_02_16_042611_drop_table_password_resets',1),(26,'2023_04_23_005903_add_column_permissions_to_admin_notifications',1),(27,'2023_05_10_075124_drop_column_id_in_role_users_table',1),(28,'2015_06_29_025744_create_audit_history',2),(29,'2017_02_13_034601_create_blocks_table',3),(30,'2021_12_03_081327_create_blocks_translations',3),(31,'2015_06_18_033822_create_blog_table',4),(32,'2021_02_16_092633_remove_default_value_for_author_type',4),(33,'2021_12_03_030600_create_blog_translations',4),(34,'2022_04_19_113923_add_index_to_table_posts',4),(35,'2016_06_17_091537_create_contacts_table',5),(36,'2016_10_03_032336_create_languages_table',6),(37,'2021_10_25_021023_fix-priority-load-for-language-advanced',7),(38,'2021_12_03_075608_create_page_translations',7),(39,'2019_11_18_061011_create_country_table',8),(40,'2021_06_19_035514_update_city_table',8),(41,'2021_07_08_031045_remove_column_slug_from_cities_table',8),(42,'2021_12_03_084118_create_location_translations',8),(43,'2021_12_03_094518_migrate_old_location_data',8),(44,'2021_12_10_034440_switch_plugin_location_to_use_language_advanced',8),(45,'2022_01_19_045455_add_slug_for_table_cities',8),(46,'2022_08_08_085908_improve_plugin_location',8),(47,'2022_15_08_085908_improve_plugin_location',8),(48,'2017_10_24_154832_create_newsletter_table',9),(49,'2017_05_18_080441_create_payment_tables',10),(50,'2021_03_27_144913_add_customer_type_into_table_payments',10),(51,'2021_05_24_034720_make_column_currency_nullable',10),(52,'2021_08_09_161302_add_metadata_column_to_payments_table',10),(53,'2021_10_19_020859_update_metadata_field',10),(54,'2022_06_28_151901_activate_paypal_stripe_plugin',10),(55,'2022_07_07_153354_update_charge_id_in_table_payments',10),(56,'2018_06_22_032304_create_real_estate_table',11),(57,'2021_10_04_145603_update_package_multilanguage',11),(58,'2021_10_24_040004_add_code_table_re_property_types',11),(59,'2021_12_03_151812_add_parent_id_to_re_categories_table',11),(60,'2021_12_04_155038_add_subcategory_id_to_re_propeties_table',11),(61,'2021_12_10_034807_create_real_estate_translation_tables',11),(62,'2022_07_12_044647_add_property_label_column_to_properties_table',11),(63,'2023_01_03_141847_create_re_projects_table',11),(64,'2023_03_03_050121_update_projects_table',11),(65,'2017_07_11_140018_create_simple_slider_table',12),(66,'2018_07_09_214610_create_testimonial_table',13),(67,'2021_12_03_083642_create_testimonials_translations',13),(68,'2016_10_07_193005_create_translations_table',14),(69,'2023_07_06_011444_create_slug_translations_table',15),(70,'2023_08_21_090810_make_page_content_nullable',15),(71,'2023_08_29_074620_make_column_author_id_nullable',15),(72,'2023_09_14_021936_update_index_for_slugs_table',15),(73,'2023_09_14_022423_add_index_for_language_table',15);
/*!40000 ALTER TABLE `migrations` ENABLE KEYS */;
UNLOCK TABLES;

--
-- Table structure for table `newsletters`
--

DROP TABLE IF EXISTS `newsletters`;
/*!40101 SET @saved_cs_client     = @@character_set_client */;
/*!50503 SET character_set_client = utf8mb4 */;
CREATE TABLE `newsletters` (
  `id` bigint unsigned NOT NULL AUTO_INCREMENT,
  `email` varchar(120) COLLATE utf8mb4_unicode_ci NOT NULL,
  `name` varchar(120) COLLATE utf8mb4_unicode_ci DEFAULT NULL,
  `status` varchar(60) COLLATE utf8mb4_unicode_ci NOT NULL DEFAULT 'subscribed',
  `created_at` timestamp NULL DEFAULT NULL,
  `updated_at` timestamp NULL DEFAULT NULL,
  PRIMARY KEY (`id`)
) ENGINE=InnoDB DEFAULT CHARSET=utf8mb4 COLLATE=utf8mb4_unicode_ci;
/*!40101 SET character_set_client = @saved_cs_client */;

--
-- Dumping data for table `newsletters`
--

LOCK TABLES `newsletters` WRITE;
/*!40000 ALTER TABLE `newsletters` DISABLE KEYS */;
/*!40000 ALTER TABLE `newsletters` ENABLE KEYS */;
UNLOCK TABLES;

--
-- Table structure for table `pages`
--

DROP TABLE IF EXISTS `pages`;
/*!40101 SET @saved_cs_client     = @@character_set_client */;
/*!50503 SET character_set_client = utf8mb4 */;
CREATE TABLE `pages` (
  `id` bigint unsigned NOT NULL AUTO_INCREMENT,
  `name` varchar(120) COLLATE utf8mb4_unicode_ci NOT NULL,
  `content` longtext CHARACTER SET utf8mb4 COLLATE utf8mb4_unicode_ci,
  `user_id` bigint unsigned NOT NULL,
  `image` varchar(255) COLLATE utf8mb4_unicode_ci DEFAULT NULL,
  `template` varchar(60) COLLATE utf8mb4_unicode_ci DEFAULT NULL,
  `description` varchar(400) COLLATE utf8mb4_unicode_ci DEFAULT NULL,
  `status` varchar(60) COLLATE utf8mb4_unicode_ci NOT NULL DEFAULT 'published',
  `created_at` timestamp NULL DEFAULT NULL,
  `updated_at` timestamp NULL DEFAULT NULL,
  PRIMARY KEY (`id`),
  KEY `pages_user_id_index` (`user_id`)
) ENGINE=InnoDB AUTO_INCREMENT=17 DEFAULT CHARSET=utf8mb4 COLLATE=utf8mb4_unicode_ci;
/*!40101 SET character_set_client = @saved_cs_client */;

--
-- Dumping data for table `pages`
--

LOCK TABLES `pages` WRITE;
/*!40000 ALTER TABLE `pages` DISABLE KEYS */;
INSERT INTO `pages` VALUES (1,'Home','<div>[hero-banner title=\"Find accessible homes to rent\" bg=\"banners/banner-1.jpg\"][/hero-banner]</div><div>[static-block alias=\"how-it-works\"][/static-block]</div><div>[featured-properties title=\"Explore Good Places\" limit=\"6\" style=\"2\" type=\"2\"]At vero eos et accusamus et iusto odio dignissimos ducimus qui blanditiis praesentium voluptatum deleniti atque corrupti quos dolores[/featured-properties]</div><div>[properties-by-locations title=\"Find By Locations\"]At vero eos et accusamus et iusto odio dignissimos ducimus qui blanditiis praesentium voluptatum deleniti atque corrupti quos dolores[/properties-by-locations]</div><div>[testimonials title=\"Good Reviews By Customers\" description=\"At vero eos et accusamus et iusto odio dignissimos ducimus qui blanditiis praesentium voluptatum deleniti atque corrupti quos dolores\"][/testimonials]</div><div>[our-packages title=\"See Our Packages\" description=\"At vero eos et accusamus et iusto odio dignissimos ducimus qui blanditiis praesentium voluptatum deleniti atque corrupti quos dolores\"][/our-packages]</div><div>[recently-viewed-properties title=\"Recently Viewed Properties\" subtitle=\"Your currently viewed properties.\"][/recently-viewed-properties]</div>',1,NULL,'homepage',NULL,'published','2023-10-22 04:15:45','2023-10-22 04:15:45'),(2,'Home layout 2','<div>[hero-banner title=\"Find accessible homes to rent\" bg=\"banners/banner-svg.jpg\" style=\"2\"]Find Your Perfect Place.[/hero-banner]</div><div>[static-block alias=\"achievement\"][/static-block]</div><div>[properties-slide title=\"Recent Property For Rent\" limit=\"6\"]At vero eos et accusamus et iusto odio dignissimos ducimus qui blanditiis praesentium voluptatum deleniti atque corrupti quos dolores[/properties-slide]</div><div>[featured-properties title=\"Featured Property For Sale\" limit=\"6\" style=\"1\" type=\"2\"]At vero eos et accusamus et iusto odio dignissimos ducimus qui blanditiis praesentium voluptatum deleniti atque corrupti quos dolores[/featured-properties]</div><div>[featured-agents title=\"Explore Featured Agents\"]At vero eos et accusamus et iusto odio dignissimos ducimus qui blanditiis praesentium voluptatum deleniti atque corrupti quos dolores[/featured-agents]</div><div>[testimonials title=\"Good Reviews By Customers\" description=\"At vero eos et accusamus et iusto odio dignissimos ducimus qui blanditiis praesentium voluptatum deleniti atque corrupti quos dolores\"][/testimonials]</div><div>[our-packages title=\"See Our Packages\" description=\"At vero eos et accusamus et iusto odio dignissimos ducimus qui blanditiis praesentium voluptatum deleniti atque corrupti quos dolores\"][/our-packages]</div><div>[static-block alias=\"download-app\"][/static-block]</div>',1,NULL,'homepage',NULL,'published','2023-10-22 04:15:45','2023-10-22 04:15:45'),(3,'Home layout 3','<div>[hero-banner title=\"Find Your Property\" bg=\"banners/banner-3.jpg\" style=\"3\" overlay=\"6\"]From as low as $10 per day with limited time offer[/hero-banner]</div><div>[featured-properties title=\"Explore Good Places\" limit=\"6\" style=\"2\" type=\"2\"]At vero eos et accusamus et iusto odio dignissimos ducimus qui blanditiis praesentium voluptatum deleniti atque corrupti quos dolores[/featured-properties]</div><div>[properties-by-locations title=\"Find By Locations\"]At vero eos et accusamus et iusto odio dignissimos ducimus qui blanditiis praesentium voluptatum deleniti atque corrupti quos dolores[/properties-by-locations]</div><div>[static-block alias=\"how-it-works\"][/static-block]</div><div>[testimonials title=\"Good Reviews By Customers\" description=\"At vero eos et accusamus et iusto odio dignissimos ducimus qui blanditiis praesentium voluptatum deleniti atque corrupti quos dolores\"][/testimonials]</div><div>[our-packages title=\"See Our Packages\" description=\"At vero eos et accusamus et iusto odio dignissimos ducimus qui blanditiis praesentium voluptatum deleniti atque corrupti quos dolores\"][/our-packages]</div><div>[cover-banner title=\"Search Perfect Place In Your City\" bg=\"banners/banner-2.jpg\" btntext=\"Explore More Property\" btnlink=\"#\"]We post regulary most powerful articles for help and support.[/cover-banner]</div><div>[latest-news title=\"News By Resido,3\"]At vero eos et accusamus et iusto odio dignissimos ducimus qui blanditiis praesentium voluptatum deleniti atque corrupti quos dolores[/latest-news]</div>',1,NULL,'homepage',NULL,'published','2023-10-22 04:15:45','2023-10-22 04:15:45'),(4,'Home layout 4','<div>[hero-banner title=\"Find Your Place<br>of Dream\" bg=\"banners/banner-6.png\" style=\"4\"]Amet consectetur adipisicing <span class=\"badge badge-success\">New</span>[/hero-banner]</div><div>[static-block alias=\"achievement\"][/static-block]</div><div>[properties-slide title=\"Recent Property For Rent\" limit=\"6\" style=\"1\"]At vero eos et accusamus et iusto odio dignissimos ducimus qui blanditiis praesentium voluptatum deleniti atque corrupti quos dolores[/properties-slide]</div><div>[featured-properties title=\"Explore Good Places\" limit=\"6\" type=\"2\"]At vero eos et accusamus et iusto odio dignissimos ducimus qui blanditiis praesentium voluptatum deleniti atque corrupti quos dolores[/featured-properties]</div><div>[static-block alias=\"how-it-works\"][/static-block]</div><div>[testimonials title=\"Good Reviews By Customers\" description=\"At vero eos et accusamus et iusto odio dignissimos ducimus qui blanditiis praesentium voluptatum deleniti atque corrupti quos dolores\"][/testimonials]</div><div>[our-packages title=\"See Our Packages\" description=\"At vero eos et accusamus et iusto odio dignissimos ducimus qui blanditiis praesentium voluptatum deleniti atque corrupti quos dolores\"][/our-packages]</div><div>[static-block alias=\"download-app\"][/static-block]</div>',1,NULL,'homepage',NULL,'published','2023-10-22 04:15:45','2023-10-22 04:15:45'),(5,'Home layout 5','<div>[hero-banner title=\"Find Your Perfect Place.\" bg=\"banners/home-2.png\" style=\"5\"]Amet consectetur adipisicing New[/hero-banner]</div><div>[featured-properties title=\"Explore Good Places\" limit=\"6\" style=\"2\" type=\"2\"]At vero eos et accusamus et iusto odio dignissimos ducimus qui blanditiis praesentium voluptatum deleniti atque corrupti quos dolores[/featured-properties]</div><div>[properties-by-locations title=\"Find By Locations\"]At vero eos et accusamus et iusto odio dignissimos ducimus qui blanditiis praesentium voluptatum deleniti atque corrupti quos dolores[/properties-by-locations]</div><div>[featured-properties title=\"Explore Good Places\" limit=\"6\" style=\"1\" type=\"1\"]At vero eos et accusamus et iusto odio dignissimos ducimus qui blanditiis praesentium voluptatum deleniti atque corrupti quos dolores[/featured-properties]</div><div>[testimonials title=\"Good Reviews By Customers\" description=\"At vero eos et accusamus et iusto odio dignissimos ducimus qui blanditiis praesentium voluptatum deleniti atque corrupti quos dolores\"][/testimonials]</div><div>[our-packages title=\"See Our Packages\" description=\"At vero eos et accusamus et iusto odio dignissimos ducimus qui blanditiis praesentium voluptatum deleniti atque corrupti quos dolores\"][/our-packages]</div><div>[static-block alias=\"download-app\"][/static-block]</div>',1,NULL,'homepage',NULL,'published','2023-10-22 04:15:45','2023-10-22 04:15:45'),(6,'Home layout 6','<div>[hero-banner title=\"Amet consectetur adipisicing\" bg=\"banners/banner-6.png\" style=\"6\"]Find Your Place <br>Of Dream[/hero-banner]</div><div>[static-block alias=\"achievement\"][/static-block]</div><div>[properties-slide title=\"Recent Property For Rent\" limit=\"6\" style=\"1\"]At vero eos et accusamus et iusto odio dignissimos ducimus qui blanditiis praesentium voluptatum deleniti atque corrupti quos dolores[/properties-slide]</div><div>[properties-by-locations title=\"Find By Locations\"]At vero eos et accusamus et iusto odio dignissimos ducimus qui blanditiis praesentium voluptatum deleniti atque corrupti quos dolores[/properties-by-locations]</div><div>[featured-properties title=\"Explore Good Places\" limit=\"8\" style=\"1\" type=\"2\"]At vero eos et accusamus et iusto odio dignissimos ducimus qui blanditiis praesentium voluptatum deleniti atque corrupti quos dolores[/featured-properties]</div><div>[static-block alias=\"how-it-works\"][/static-block]</div><div>[testimonials title=\"Good Reviews By Customers\" description=\"At vero eos et accusamus et iusto odio dignissimos ducimus qui blanditiis praesentium voluptatum deleniti atque corrupti quos dolores\"][/testimonials]</div><div>[our-packages title=\"See Our Packages\" description=\"At vero eos et accusamus et iusto odio dignissimos ducimus qui blanditiis praesentium voluptatum deleniti atque corrupti quos dolores\"][/our-packages]</div><div>[static-block alias=\"download-app\"][/static-block]</div>',1,NULL,'homepage',NULL,'published','2023-10-22 04:15:45','2023-10-22 04:15:45'),(7,'Home layout 7','<div>[hero-banner title=\"Find accessible homes to rent\" bg=\"banners/banner-1.jpg\"]</div><div>[featured-properties title=\"Explore Good Places\" limit=\"6\" style=\"1\" type=\"2\"]At vero eos et accusamus et iusto odio dignissimos ducimus qui blanditiis praesentium voluptatum deleniti atque corrupti quos dolores[/featured-properties]</div><div>[properties-by-locations title=\"Find By Locations\"]At vero eos et accusamus et iusto odio dignissimos ducimus qui blanditiis praesentium voluptatum deleniti atque corrupti quos dolores[/properties-by-locations]</div><div>[static-block alias=\"how-it-works\"][/static-block]</div><div>[cover-banner title=\"Search Perfect Place In Your City\" bg=\"banners/banner-2.jpg\" btntext=\"Explore More Property\" btnlink=\"#\"]We post regulary most powerful articles for help and support.[/cover-banner]</div><div>[latest-news title=\"News By Resido,3\"]At vero eos et accusamus et iusto odio dignissimos ducimus qui blanditiis praesentium voluptatum deleniti atque corrupti quos dolores[/latest-news]</div>',1,NULL,'homepage',NULL,'published','2023-10-22 04:15:45','2023-10-22 04:15:45'),(8,'Home layout 8','<div>[properties-hero-slide limit=\"6\"][/properties-hero-slide]</div><div>[static-block alias=\"how-it-works\"][/static-block]</div><div>[featured-properties title=\"Explore Good Places\" limit=\"6\" style=\"2\" type=\"2\"]At vero eos et accusamus et iusto odio dignissimos ducimus qui blanditiis praesentium voluptatum deleniti atque corrupti quos dolores[/featured-properties]</div><div>[properties-by-locations title=\"Find By Locations\"]At vero eos et accusamus et iusto odio dignissimos ducimus qui blanditiis praesentium voluptatum deleniti atque corrupti quos dolores[/properties-by-locations]</div><div>[testimonials title=\"Good Reviews By Customers\" description=\"At vero eos et accusamus et iusto odio dignissimos ducimus qui blanditiis praesentium voluptatum deleniti atque corrupti quos dolores\"][/testimonials]</div><div>[our-packages title=\"See Our Packages\" description=\"At vero eos et accusamus et iusto odio dignissimos ducimus qui blanditiis praesentium voluptatum deleniti atque corrupti quos dolores\"][/our-packages]</div>',1,NULL,'homepage',NULL,'published','2023-10-22 04:15:45','2023-10-22 04:15:45'),(9,'Home layout 9','<div>[hero-banner title=\"Find accessible homes to rent\" bg=\"banners/new-banner.jpg\" style=\"2\"]Find Your Perfect Place.[/hero-banner]</div><div>[static-block alias=\"achievement\"][/static-block]</div><div>[properties-slide title=\"Recent Property For Rent\" limit=\"6\"]At vero eos et accusamus et iusto odio dignissimos ducimus qui blanditiis praesentium voluptatum deleniti atque corrupti quos dolores[/properties-slide]</div><div>[featured-properties title=\"Explore Good Places\" limit=\"6\" type=\"2\"]At vero eos et accusamus et iusto odio dignissimos ducimus qui blanditiis praesentium voluptatum deleniti atque corrupti quos dolores[/featured-properties]</div><div>[featured-agents title=\"Explore Featured Agents\"]At vero eos et accusamus et iusto odio dignissimos ducimus qui blanditiis praesentium voluptatum deleniti atque corrupti quos dolores[/featured-agents]</div><div>[testimonials title=\"Good Reviews By Customers\" description=\"At vero eos et accusamus et iusto odio dignissimos ducimus qui blanditiis praesentium voluptatum deleniti atque corrupti quos dolores\"][/testimonials]</div><div>[our-packages title=\"See Our Packages\" description=\"At vero eos et accusamus et iusto odio dignissimos ducimus qui blanditiis praesentium voluptatum deleniti atque corrupti quos dolores\"][/our-packages]</div><div>[static-block alias=\"download-app\"][/static-block]</div>',1,NULL,'homepage',NULL,'published','2023-10-22 04:15:45','2023-10-22 04:15:45'),(10,'Map Home layout','<div>[hero-banner-style-map][/hero-banner-style-map]</div><div>[static-block alias=\"achievement\"][/static-block]</div><div>[properties-slide title=\"Recent Property For Rent\" limit=\"6\"]At vero eos et accusamus et iusto odio dignissimos ducimus qui blanditiis praesentium voluptatum deleniti atque corrupti quos dolores[/properties-slide]</div><div>[featured-properties title=\"Explore Good Places\" limit=\"6\" type=\"2\"]At vero eos et accusamus et iusto odio dignissimos ducimus qui blanditiis praesentium voluptatum deleniti atque corrupti quos dolores[/featured-properties]</div><div>[static-block alias=\"how-it-works\"][/static-block]</div><div>[testimonials title=\"Good Reviews By Customers\" description=\"At vero eos et accusamus et iusto odio dignissimos ducimus qui blanditiis praesentium voluptatum deleniti atque corrupti quos dolores\"][/testimonials]</div><div>[our-packages title=\"See Our Packages\" description=\"At vero eos et accusamus et iusto odio dignissimos ducimus qui blanditiis praesentium voluptatum deleniti atque corrupti quos dolores\"][/our-packages]</div><div>[static-block alias=\"download-app\"][/static-block]</div>',1,NULL,'homepage',NULL,'published','2023-10-22 04:15:45','2023-10-22 04:15:45'),(11,'Properties','---',1,NULL,'default',NULL,'published','2023-10-22 04:15:45','2023-10-22 04:15:45'),(12,'News',' ',1,NULL,'default','See Our Latest Articles &amp; News','published','2023-10-22 04:15:45','2023-10-22 04:15:45'),(13,'About us','<div>[static-block alias=\"our-story\"][/static-block]</div><div>[static-block alias=\"our-mission\"][/static-block]</div>',1,NULL,'default','Who we are &amp; our mission','published','2023-10-22 04:15:45','2023-10-22 04:15:45'),(14,'Contact','<p>[contact-form][/contact-form]<br />\n                            &nbsp;</p>\n\n                            <h3>Directions</h3>\n\n                            <p>[google-map]North Link Building, 10 Admiralty Street, 757695 Singapore[/google-map]</p>\n\n                            <p>&nbsp;</p>',1,NULL,'default',NULL,'published','2023-10-22 04:15:45','2023-10-22 04:15:45'),(15,'Terms &amp; Conditions','<p style=\"text-align: justify;\"><span style=\"font-size:16px;\"><span style=\"font-family:Arial,Helvetica,sans-serif;\">Access to and use of the Resido website is subject to the following terms, conditions, and relevant laws of Vietnam.</span></span></p>\n\n                    <h4 style=\"text-align: justify;\"><span style=\"font-size:18px;\"><span style=\"font-family:Arial,Helvetica,sans-serif;\"><strong>1. Copyright</strong></span></span></h4>\n\n                    <p style=\"text-align: justify;\"><span style=\"font-size:16px;\"><span style=\"font-family:Arial,Helvetica,sans-serif;\">Copyrights and other intellectual property rights to all text, images, audio, software and other content on this site are owned by Resido and its affiliates. Users are allowed to view the contents of the website, cite the contents by printing, downloading the hard disk and distributing it to others for non-commercial purposes, providing information or personal purposes. </span></span><span style=\"font-size:16px;\"><span style=\"font-family:Arial,Helvetica,sans-serif;\">Any content from this site may not be used for sale or distribution for profit, nor may it be edited or included in any other publication or website.</span></span></p>\n\n                    <h4 style=\"text-align: justify;\"><span style=\"font-size:18px;\"><span style=\"font-family:Arial,Helvetica,sans-serif;\"><strong>2. Content</strong></span></span></h4>\n\n                    <p style=\"text-align: justify;\"><span style=\"font-size:16px;\"><span style=\"font-family:Arial,Helvetica,sans-serif;\">The information on this website is compiled with great confidence but for general information research purposes only. While we endeavor to maintain updated and accurate information, we make no representations or warranties in any manner regarding completeness, accuracy, reliability, appropriateness or availability in relation to web site, or related information, product, service, or image within the website for any purpose. </span></span></p>\n\n                        <p style=\"text-align: justify;\"><span style=\"font-size:16px;\"><span style=\"font-family:Arial,Helvetica,sans-serif;\">Resido and its employees, managers, and agents are not responsible for any loss, damage or expense incurred as a result of accessing and using this website and the sites. </span></span><span style=\"font-size:16px;\"><span style=\"font-family:Arial,Helvetica,sans-serif;\">The web is connected to it, including but not limited to, loss of profits, direct or indirect losses. We are also not responsible, or jointly responsible, if the site is temporarily inaccessible due to technical issues beyond our control. Any comments, suggestions, images, ideas and other information or materials that users submit to us through this site will become our exclusive property, including the right to may arise in the future associated with us.</span></span></p>\n\n                    <p style=\"text-align: center;\"><span style=\"font-size:16px;\"><span style=\"font-family:Arial,Helvetica,sans-serif;\"><img alt=\"\" src=\"https://flex-home.botble.com/storage/general/copyright.jpg\" style=\"width: 90%;\" /></span></span></p>\n\n                    <h4 style=\"text-align: justify;\"><span style=\"font-size:18px;\"><span style=\"font-family:Arial,Helvetica,sans-serif;\"><strong>3. Note on&nbsp;connected sites</strong></span></span></h4>\n\n                    <p style=\"text-align: justify;\"><span style=\"font-size:16px;\"><span style=\"font-family:Arial,Helvetica,sans-serif;\">At many points in the website, users can get links to other websites related to a specific aspect. This does not mean that we are related to the websites or companies that own these websites. Although we intend to connect users to sites of interest, we are not responsible or jointly responsible for our employees, managers, or representatives. with other websites and information contained therein.</span></span></p>\n                ',1,NULL,'default','Copyrights and other intellectual property rights to all text, images, audio, software and other content on this site are owned by Resido and its affiliates. Users are allowed to view the contents of the website, cite the contents by printing, downloading the hard disk and distributing it to others for non-commercial purposes.','published','2023-10-22 04:15:45','2023-10-22 04:15:45'),(16,'Cookie Policy','<h3>EU Cookie Consent</h3><p>To use this website we are using Cookies and collecting some Data. To be compliant with the EU GDPR we give you to choose if you allow us to use certain Cookies and to collect some Data.</p><h4>Essential Data</h4><p>The Essential Data is needed to run the Site you are visiting technically. You can not deactivate them.</p><p>- Session Cookie: PHP uses a Cookie to identify user sessions. Without this Cookie the Website is not working.</p><p>- XSRF-Token Cookie: Laravel automatically generates a CSRF \"token\" for each active user session managed by the application. This token is used to verify that the authenticated user is the one actually making the requests to the application.</p>',1,NULL,'default',NULL,'published','2023-10-22 04:15:45','2023-10-22 04:15:45');
/*!40000 ALTER TABLE `pages` ENABLE KEYS */;
UNLOCK TABLES;

--
-- Table structure for table `pages_translations`
--

DROP TABLE IF EXISTS `pages_translations`;
/*!40101 SET @saved_cs_client     = @@character_set_client */;
/*!50503 SET character_set_client = utf8mb4 */;
CREATE TABLE `pages_translations` (
  `lang_code` varchar(191) COLLATE utf8mb4_unicode_ci NOT NULL,
  `pages_id` bigint unsigned NOT NULL,
  `name` varchar(255) COLLATE utf8mb4_unicode_ci DEFAULT NULL,
  `description` varchar(400) COLLATE utf8mb4_unicode_ci DEFAULT NULL,
  `content` longtext COLLATE utf8mb4_unicode_ci,
  PRIMARY KEY (`lang_code`,`pages_id`)
) ENGINE=InnoDB DEFAULT CHARSET=utf8mb4 COLLATE=utf8mb4_unicode_ci;
/*!40101 SET character_set_client = @saved_cs_client */;

--
-- Dumping data for table `pages_translations`
--

LOCK TABLES `pages_translations` WRITE;
/*!40000 ALTER TABLE `pages_translations` DISABLE KEYS */;
INSERT INTO `pages_translations` VALUES ('vi',1,'Trang chủ',NULL,'<div>[hero-banner title=\"Find accessible homes to rent\" bg=\"banners/banner-1.jpg\"][/hero-banner]</div><div>[static-block alias=\"how-it-works\"][/static-block]</div><div>[featured-properties title=\"Explore Good Places\" limit=\"6\" style=\"2\" type=\"2\"]At vero eos et accusamus et iusto odio dignissimos ducimus qui blanditiis praesentium voluptatum deleniti atque corrupti quos dolores[/featured-properties]</div><div>[properties-by-locations title=\"Find By Locations\"]At vero eos et accusamus et iusto odio dignissimos ducimus qui blanditiis praesentium voluptatum deleniti atque corrupti quos dolores[/properties-by-locations]</div><div>[testimonials title=\"Good Reviews By Customers\" description=\"At vero eos et accusamus et iusto odio dignissimos ducimus qui blanditiis praesentium voluptatum deleniti atque corrupti quos dolores\"][/testimonials]</div><div>[our-packages title=\"See Our Packages\" description=\"At vero eos et accusamus et iusto odio dignissimos ducimus qui blanditiis praesentium voluptatum deleniti atque corrupti quos dolores\"][/our-packages]</div><div>[recently-viewed-properties title=\"Recently Viewed Properties\" subtitle=\"Your currently viewed properties.\"][/recently-viewed-properties]</div>'),('vi',2,'Trang chủ 2',NULL,'<div>[hero-banner title=\"Find accessible homes to rent\" bg=\"banners/banner-svg.jpg\" style=\"2\"]Find Your Perfect Place.[/hero-banner]</div><div>[static-block alias=\"achievement\"][/static-block]</div><div>[properties-slide title=\"Recent Property For Rent\" limit=\"6\"]At vero eos et accusamus et iusto odio dignissimos ducimus qui blanditiis praesentium voluptatum deleniti atque corrupti quos dolores[/properties-slide]</div><div>[featured-properties title=\"Featured Property For Sale\" limit=\"6\" style=\"1\" type=\"2\"]At vero eos et accusamus et iusto odio dignissimos ducimus qui blanditiis praesentium voluptatum deleniti atque corrupti quos dolores[/featured-properties]</div><div>[featured-agents title=\"Explore Featured Agents\"]At vero eos et accusamus et iusto odio dignissimos ducimus qui blanditiis praesentium voluptatum deleniti atque corrupti quos dolores[/featured-agents]</div><div>[testimonials title=\"Good Reviews By Customers\" description=\"At vero eos et accusamus et iusto odio dignissimos ducimus qui blanditiis praesentium voluptatum deleniti atque corrupti quos dolores\"][/testimonials]</div><div>[our-packages title=\"See Our Packages\" description=\"At vero eos et accusamus et iusto odio dignissimos ducimus qui blanditiis praesentium voluptatum deleniti atque corrupti quos dolores\"][/our-packages]</div><div>[static-block alias=\"download-app\"][/static-block]</div>'),('vi',3,'Trang chủ 3',NULL,'<div>[hero-banner title=\"Find Your Property\" bg=\"banners/banner-3.jpg\" style=\"3\" overlay=\"6\"]From as low as $10 per day with limited time offer[/hero-banner]</div><div>[featured-properties title=\"Explore Good Places\" limit=\"6\" style=\"2\" type=\"2\"]At vero eos et accusamus et iusto odio dignissimos ducimus qui blanditiis praesentium voluptatum deleniti atque corrupti quos dolores[/featured-properties]</div><div>[properties-by-locations title=\"Find By Locations\"]At vero eos et accusamus et iusto odio dignissimos ducimus qui blanditiis praesentium voluptatum deleniti atque corrupti quos dolores[/properties-by-locations]</div><div>[static-block alias=\"how-it-works\"][/static-block]</div><div>[testimonials title=\"Good Reviews By Customers\" description=\"At vero eos et accusamus et iusto odio dignissimos ducimus qui blanditiis praesentium voluptatum deleniti atque corrupti quos dolores\"][/testimonials]</div><div>[our-packages title=\"See Our Packages\" description=\"At vero eos et accusamus et iusto odio dignissimos ducimus qui blanditiis praesentium voluptatum deleniti atque corrupti quos dolores\"][/our-packages]</div><div>[cover-banner title=\"Search Perfect Place In Your City\" bg=\"banners/banner-2.jpg\" btntext=\"Explore More Property\" btnlink=\"#\"]We post regulary most powerful articles for help and support.[/cover-banner]</div><div>[latest-news title=\"News By Resido,3\"]At vero eos et accusamus et iusto odio dignissimos ducimus qui blanditiis praesentium voluptatum deleniti atque corrupti quos dolores[/latest-news]</div>'),('vi',4,'Trang chủ 4',NULL,'<div>[hero-banner title=\"Find Your Place<br>of Dream\" bg=\"banners/banner-6.png\" style=\"4\"]Amet consectetur adipisicing <span class=\"badge badge-success\">New</span>[/hero-banner]</div><div>[static-block alias=\"achievement\"][/static-block]</div><div>[properties-slide title=\"Recent Property For Rent\" limit=\"6\" style=\"1\"]At vero eos et accusamus et iusto odio dignissimos ducimus qui blanditiis praesentium voluptatum deleniti atque corrupti quos dolores[/properties-slide]</div><div>[featured-properties title=\"Explore Good Places\" limit=\"6\" type=\"2\"]At vero eos et accusamus et iusto odio dignissimos ducimus qui blanditiis praesentium voluptatum deleniti atque corrupti quos dolores[/featured-properties]</div><div>[static-block alias=\"how-it-works\"][/static-block]</div><div>[testimonials title=\"Good Reviews By Customers\" description=\"At vero eos et accusamus et iusto odio dignissimos ducimus qui blanditiis praesentium voluptatum deleniti atque corrupti quos dolores\"][/testimonials]</div><div>[our-packages title=\"See Our Packages\" description=\"At vero eos et accusamus et iusto odio dignissimos ducimus qui blanditiis praesentium voluptatum deleniti atque corrupti quos dolores\"][/our-packages]</div><div>[static-block alias=\"download-app\"][/static-block]</div>'),('vi',5,'Trang chủ 5',NULL,'<div>[hero-banner title=\"Find Your Perfect Place.\" bg=\"banners/home-2.png\" style=\"5\"]Amet consectetur adipisicing New[/hero-banner]</div><div>[featured-properties title=\"Explore Good Places\" limit=\"6\" style=\"2\" type=\"2\"]At vero eos et accusamus et iusto odio dignissimos ducimus qui blanditiis praesentium voluptatum deleniti atque corrupti quos dolores[/featured-properties]</div><div>[properties-by-locations title=\"Find By Locations\"]At vero eos et accusamus et iusto odio dignissimos ducimus qui blanditiis praesentium voluptatum deleniti atque corrupti quos dolores[/properties-by-locations]</div><div>[featured-properties title=\"Explore Good Places\" limit=\"6\" style=\"1\" type=\"1\"]At vero eos et accusamus et iusto odio dignissimos ducimus qui blanditiis praesentium voluptatum deleniti atque corrupti quos dolores[/featured-properties]</div><div>[testimonials title=\"Good Reviews By Customers\" description=\"At vero eos et accusamus et iusto odio dignissimos ducimus qui blanditiis praesentium voluptatum deleniti atque corrupti quos dolores\"][/testimonials]</div><div>[our-packages title=\"See Our Packages\" description=\"At vero eos et accusamus et iusto odio dignissimos ducimus qui blanditiis praesentium voluptatum deleniti atque corrupti quos dolores\"][/our-packages]</div><div>[static-block alias=\"download-app\"][/static-block]</div>'),('vi',6,'Trang chủ 6',NULL,'<div>[hero-banner title=\"Amet consectetur adipisicing\" bg=\"banners/banner-6.png\" style=\"6\"]Find Your Place <br>Of Dream[/hero-banner]</div><div>[static-block alias=\"achievement\"][/static-block]</div><div>[properties-slide title=\"Recent Property For Rent\" limit=\"6\" style=\"1\"]At vero eos et accusamus et iusto odio dignissimos ducimus qui blanditiis praesentium voluptatum deleniti atque corrupti quos dolores[/properties-slide]</div><div>[properties-by-locations title=\"Find By Locations\"]At vero eos et accusamus et iusto odio dignissimos ducimus qui blanditiis praesentium voluptatum deleniti atque corrupti quos dolores[/properties-by-locations]</div><div>[featured-properties title=\"Explore Good Places\" limit=\"8\" style=\"1\" type=\"2\"]At vero eos et accusamus et iusto odio dignissimos ducimus qui blanditiis praesentium voluptatum deleniti atque corrupti quos dolores[/featured-properties]</div><div>[static-block alias=\"how-it-works\"][/static-block]</div><div>[testimonials title=\"Good Reviews By Customers\" description=\"At vero eos et accusamus et iusto odio dignissimos ducimus qui blanditiis praesentium voluptatum deleniti atque corrupti quos dolores\"][/testimonials]</div><div>[our-packages title=\"See Our Packages\" description=\"At vero eos et accusamus et iusto odio dignissimos ducimus qui blanditiis praesentium voluptatum deleniti atque corrupti quos dolores\"][/our-packages]</div><div>[static-block alias=\"download-app\"][/static-block]</div>'),('vi',7,'Trang chủ 7',NULL,'<div>[hero-banner title=\"Find accessible homes to rent\" bg=\"banners/banner-1.jpg\"]</div><div>[featured-properties title=\"Explore Good Places\" limit=\"6\" style=\"1\" type=\"2\"]At vero eos et accusamus et iusto odio dignissimos ducimus qui blanditiis praesentium voluptatum deleniti atque corrupti quos dolores[/featured-properties]</div><div>[properties-by-locations title=\"Find By Locations\"]At vero eos et accusamus et iusto odio dignissimos ducimus qui blanditiis praesentium voluptatum deleniti atque corrupti quos dolores[/properties-by-locations]</div><div>[static-block alias=\"how-it-works\"][/static-block]</div><div>[cover-banner title=\"Search Perfect Place In Your City\" bg=\"banners/banner-2.jpg\" btntext=\"Explore More Property\" btnlink=\"#\"]We post regulary most powerful articles for help and support.[/cover-banner]</div><div>[latest-news title=\"News By Resido,3\"]At vero eos et accusamus et iusto odio dignissimos ducimus qui blanditiis praesentium voluptatum deleniti atque corrupti quos dolores[/latest-news]</div>'),('vi',8,'Trang chủ 8',NULL,'<div>[properties-hero-slide limit=\"6\"][/properties-hero-slide]</div><div>[static-block alias=\"how-it-works\"][/static-block]</div><div>[featured-properties title=\"Explore Good Places\" limit=\"6\" style=\"2\" type=\"2\"]At vero eos et accusamus et iusto odio dignissimos ducimus qui blanditiis praesentium voluptatum deleniti atque corrupti quos dolores[/featured-properties]</div><div>[properties-by-locations title=\"Find By Locations\"]At vero eos et accusamus et iusto odio dignissimos ducimus qui blanditiis praesentium voluptatum deleniti atque corrupti quos dolores[/properties-by-locations]</div><div>[testimonials title=\"Good Reviews By Customers\" description=\"At vero eos et accusamus et iusto odio dignissimos ducimus qui blanditiis praesentium voluptatum deleniti atque corrupti quos dolores\"][/testimonials]</div><div>[our-packages title=\"See Our Packages\" description=\"At vero eos et accusamus et iusto odio dignissimos ducimus qui blanditiis praesentium voluptatum deleniti atque corrupti quos dolores\"][/our-packages]</div>'),('vi',9,'Trang chủ 9',NULL,'<div>[hero-banner title=\"Find accessible homes to rent\" bg=\"banners/new-banner.jpg\" style=\"2\"]Find Your Perfect Place.[/hero-banner]</div><div>[static-block alias=\"achievement\"][/static-block]</div><div>[properties-slide title=\"Recent Property For Rent\" limit=\"6\"]At vero eos et accusamus et iusto odio dignissimos ducimus qui blanditiis praesentium voluptatum deleniti atque corrupti quos dolores[/properties-slide]</div><div>[featured-properties title=\"Explore Good Places\" limit=\"6\" type=\"2\"]At vero eos et accusamus et iusto odio dignissimos ducimus qui blanditiis praesentium voluptatum deleniti atque corrupti quos dolores[/featured-properties]</div><div>[featured-agents title=\"Explore Featured Agents\"]At vero eos et accusamus et iusto odio dignissimos ducimus qui blanditiis praesentium voluptatum deleniti atque corrupti quos dolores[/featured-agents]</div><div>[testimonials title=\"Good Reviews By Customers\" description=\"At vero eos et accusamus et iusto odio dignissimos ducimus qui blanditiis praesentium voluptatum deleniti atque corrupti quos dolores\"][/testimonials]</div><div>[our-packages title=\"See Our Packages\" description=\"At vero eos et accusamus et iusto odio dignissimos ducimus qui blanditiis praesentium voluptatum deleniti atque corrupti quos dolores\"][/our-packages]</div><div>[static-block alias=\"download-app\"][/static-block]</div>'),('vi',10,'Trang chủ bản đồ',NULL,'<div>[hero-banner-style-map][/hero-banner-style-map]</div><div>[static-block alias=\"achievement\"][/static-block]</div><div>[properties-slide title=\"Recent Property For Rent\" limit=\"6\"]At vero eos et accusamus et iusto odio dignissimos ducimus qui blanditiis praesentium voluptatum deleniti atque corrupti quos dolores[/properties-slide]</div><div>[featured-properties title=\"Explore Good Places\" limit=\"6\" type=\"2\"]At vero eos et accusamus et iusto odio dignissimos ducimus qui blanditiis praesentium voluptatum deleniti atque corrupti quos dolores[/featured-properties]</div><div>[static-block alias=\"how-it-works\"][/static-block]</div><div>[testimonials title=\"Good Reviews By Customers\" description=\"At vero eos et accusamus et iusto odio dignissimos ducimus qui blanditiis praesentium voluptatum deleniti atque corrupti quos dolores\"][/testimonials]</div><div>[our-packages title=\"See Our Packages\" description=\"At vero eos et accusamus et iusto odio dignissimos ducimus qui blanditiis praesentium voluptatum deleniti atque corrupti quos dolores\"][/our-packages]</div><div>[static-block alias=\"download-app\"][/static-block]</div>'),('vi',11,'Properties list',NULL,'---'),('vi',12,'Tin tức',NULL,'---'),('vi',13,'Về chúng tôi','Chúng tôi là ai và nhiệm vụ của chúng tôi','<div>[static-block alias=\"our-story\"][/static-block]</div><div>[static-block alias=\"our-mission\"][/static-block]</div>'),('vi',14,'Liên hệ',NULL,'<div>[contact-form][/contact-form]</div><h3>Tìm đường đi</h3><div>[google-map]North Link Building, 10 Admiralty Street, 757695 Singapore[/google-map]</div>'),('vi',15,'Điều khoản và quy định','Quyền tác giả và các quyền sở hữu trí tuệ khác đối với mọi văn bản, hình ảnh, âm thanh, phần mềm và các nội dung khác trên trang web này thuộc quyền sở hữu của Resido cùng các công ty thành viên. Người truy cập được phép xem các nội dung trong trang web, trích dẫn nội dung bằng cách in ấn, tải về đĩa cứng và phân phát cho người khác chỉ với mục đích phi thương mại.','<p style=\"text-align: justify;\"><span style=\"font-size:16px;\"><span style=\"font-family:Arial,Helvetica,sans-serif;\">Việc truy cập v&agrave; sử dụng trang web của Resido phụ thuộc v&agrave;o những điều khoản, điều kiện dưới đ&acirc;y, v&agrave; luật ph&aacute;p li&ecirc;n quan của Việt Nam.</span></span></p>\n\n                    <h4 style=\"text-align: justify;\"><span style=\"font-size:18px;\"><span style=\"font-family:Arial,Helvetica,sans-serif;\"><strong>1. Quyền t&aacute;c giả&nbsp;</strong></span></span></h4>\n\n                    <p style=\"text-align: justify;\"><span style=\"font-size:16px;\"><span style=\"font-family:Arial,Helvetica,sans-serif;\">Quyền t&aacute;c giả v&agrave; c&aacute;c quyền sở hữu tr&iacute; tuệ kh&aacute;c đối với mọi văn bản, h&igrave;nh ảnh, &acirc;m thanh, phần mềm v&agrave; c&aacute;c nội dung kh&aacute;c tr&ecirc;n trang web n&agrave;y thuộc quyền sở hữu của Resido c&ugrave;ng c&aacute;c c&ocirc;ng ty th&agrave;nh vi&ecirc;n. Người truy cập được ph&eacute;p xem c&aacute;c nội dung trong trang web, tr&iacute;ch dẫn nội dung bằng c&aacute;ch in ấn, tải về đĩa cứng v&agrave; ph&acirc;n ph&aacute;t cho người kh&aacute;c chỉ với mục đ&iacute;ch phi thương mại, cung cấp th&ocirc;ng tin hoặc mục đ&iacute;ch c&aacute; nh&acirc;n. Bất kể nội dung n&agrave;o từ trang web n&agrave;y đều kh&ocirc;ng được sử dụng để b&aacute;n hoặc ph&acirc;n t&aacute;n để kiếm lợi v&agrave; cũng kh&ocirc;ng được chỉnh sửa hoặc đưa v&agrave;o bất kỳ ấn phẩm hoặc trang web n&agrave;o kh&aacute;c.</span></span></p>\n\n                    <h4 style=\"text-align: justify;\"><span style=\"font-size:18px;\"><span style=\"font-family:Arial,Helvetica,sans-serif;\"><strong>2. Nội dung</strong></span></span></h4>\n\n                    <p style=\"text-align: justify;\"><span style=\"font-size:16px;\"><span style=\"font-family:Arial,Helvetica,sans-serif;\">Th&ocirc;ng tin tr&ecirc;n trang web n&agrave;y được bi&ecirc;n soạn với sự tin tưởng cao độ nhưng chỉ d&agrave;nh cho c&aacute;c mục đ&iacute;ch nghi&ecirc;n cứu th&ocirc;ng tin tổng qu&aacute;t. Tuy ch&uacute;ng t&ocirc;i nỗ lực duy tr&igrave; th&ocirc;ng tin cập nhật v&agrave; chuẩn x&aacute;c, nhưng ch&uacute;ng t&ocirc;i kh&ocirc;ng khẳng định hay bảo đảm theo bất kỳ c&aacute;ch thức n&agrave;o về sự đầy đủ, ch&iacute;nh x&aacute;c, đ&aacute;ng tin cậy, th&iacute;ch hợp hoặc c&oacute; sẵn li&ecirc;n quan đến trang web, hoặc th&ocirc;ng tin, sản phẩm, dịch vụ, hoặc h&igrave;nh ảnh li&ecirc;n quan trong trang web v&igrave; bất cứ mục đ&iacute;ch g&igrave;. </span></span></p>\n\n                    <p style=\"text-align: justify;\"><span style=\"font-size:16px;\"><span style=\"font-family:Arial,Helvetica,sans-serif;\">Resido v&agrave; mọi nh&acirc;n vi&ecirc;n, nh&agrave; quản l&yacute;, v&agrave; c&aacute;c b&ecirc;n đại diện ho&agrave;n to&agrave;n kh&ocirc;ng chịu tr&aacute;ch nhiệm g&igrave; đối với bất kỳ tổn thất, thiệt hại hoặc chi ph&iacute; ph&aacute;t sinh do việc truy cập v&agrave; sử dụng trang web n&agrave;y v&agrave; c&aacute;c trang web được kết nối với n&oacute;, bao gồm nhưng kh&ocirc;ng giới hạn, việc mất đi lợi nhuận, c&aacute;c khoản lỗ trực tiếp hoặc gi&aacute;n tiếp. Ch&uacute;ng t&ocirc;i cũng kh&ocirc;ng chịu tr&aacute;ch nhiệm, hoặc li&ecirc;n đới tr&aacute;ch nhiệm nếu trang web tạm thời kh&ocirc;ng thể truy cập do c&aacute;c vấn đề kỹ thuật nằm ngo&agrave;i tầm kiểm so&aacute;t của ch&uacute;ng t&ocirc;i. Mọi b&igrave;nh luận, gợi &yacute;, h&igrave;nh ảnh, &yacute; tưởng v&agrave; những th&ocirc;ng tin hay t&agrave;i liệu kh&aacute;c m&agrave; người sử dụng chuyển cho ch&uacute;ng t&ocirc;i th&ocirc;ng qua trang web n&agrave;y sẽ trở th&agrave;nh t&agrave;i sản độc quyền của ch&uacute;ng t&ocirc;i, bao gồm cả c&aacute;c quyền c&oacute; thể ph&aacute;t sinh trong tương lai gắn liền với ch&uacute;ng t&ocirc;i.</span></span></p>\n\n                    <p style=\"text-align:center\"><img alt=\"\" src=\"https://flex-home.botble.com/storage/general/copyright.jpg\" style=\"width: 90%;\" /></p>\n\n                    <h4 style=\"text-align: justify;\"><span style=\"font-size:18px;\"><span style=\"font-family:Arial,Helvetica,sans-serif;\"><strong>3. Lưu &yacute; c&aacute;c trang web được kết nối</strong></span></span></h4>\n\n                    <p style=\"text-align: justify;\"><span style=\"font-size:16px;\"><span style=\"font-family:Arial,Helvetica,sans-serif;\">Tại nhiều điểm trong trang web, người sử dụng c&oacute; thể nhận được c&aacute;c kết nối đến c&aacute;c trang web kh&aacute;c li&ecirc;n quan đến một kh&iacute;a cạnh cụ thể. Điều n&agrave;y kh&ocirc;ng c&oacute; nghĩa l&agrave; ch&uacute;ng t&ocirc;i c&oacute; li&ecirc;n quan đến những trang web hay c&ocirc;ng ty sở hữu những trang web n&agrave;y. D&ugrave; ch&uacute;ng t&ocirc;i c&oacute; &yacute; định kết nối người sử dụng đến c&aacute;c trang web cần quan t&acirc;m, nhưng ch&uacute;ng t&ocirc;i v&agrave; c&aacute;c nh&acirc;n vi&ecirc;n, nh&agrave; quản l&yacute;, hoặc c&aacute;c b&ecirc;n đại diện ho&agrave;n to&agrave;n kh&ocirc;ng chịu tr&aacute;ch nhiệm hoặc li&ecirc;n đới chịu tr&aacute;ch nhiệm g&igrave; đối với c&aacute;c trang web kh&aacute;c v&agrave; th&ocirc;ng tin chứa đựng trong đ&oacute;.</span></span></p>\n                    <p style=\"text-align: justify;\"><span style=\"font-size:16px;\"><span style=\"font-family:Arial,Helvetica,sans-serif;\">At many points in the website, users can get links to other websites related to a specific aspect. This does not mean that we are related to the websites or companies that own these websites. Although we intend to connect users to sites of interest, we are not responsible or jointly responsible for our employees, managers, or representatives. with other websites and information contained therein.</span></span></p>\n                    '),('vi',16,'Cookie Policy',NULL,'<h3>EU Cookie Consent</h3><p>Để sử dụng trang web này, chúng tôi đang sử dụng Cookie và thu thập một số Dữ liệu. Để tuân thủ GDPR của Liên minh Châu Âu, chúng tôi cho bạn lựa chọn nếu bạn cho phép chúng tôi sử dụng một số Cookie nhất định và thu thập một số Dữ liệu.</p><h4>Dữ liệu cần thiết</h4><p>Dữ liệu cần thiết là cần thiết để chạy Trang web bạn đang truy cập về mặt kỹ thuật. Bạn không thể hủy kích hoạt chúng.</p><p>- Session Cookie: PHP sử dụng Cookie để xác định phiên của người dùng. Nếu không có Cookie này, trang web sẽ không hoạt động.</p><p>- XSRF-Token Cookie: Laravel tự động tạo \"token\" CSRF cho mỗi phiên người dùng đang hoạt động do ứng dụng quản lý. Token này được sử dụng để xác minh rằng người dùng đã xác thực là người thực sự đưa ra yêu cầu đối với ứng dụng.</p>');
/*!40000 ALTER TABLE `pages_translations` ENABLE KEYS */;
UNLOCK TABLES;

--
-- Table structure for table `password_reset_tokens`
--

DROP TABLE IF EXISTS `password_reset_tokens`;
/*!40101 SET @saved_cs_client     = @@character_set_client */;
/*!50503 SET character_set_client = utf8mb4 */;
CREATE TABLE `password_reset_tokens` (
  `email` varchar(191) COLLATE utf8mb4_unicode_ci NOT NULL,
  `token` varchar(191) COLLATE utf8mb4_unicode_ci NOT NULL,
  `created_at` timestamp NULL DEFAULT NULL,
  PRIMARY KEY (`email`)
) ENGINE=InnoDB DEFAULT CHARSET=utf8mb4 COLLATE=utf8mb4_unicode_ci;
/*!40101 SET character_set_client = @saved_cs_client */;

--
-- Dumping data for table `password_reset_tokens`
--

LOCK TABLES `password_reset_tokens` WRITE;
/*!40000 ALTER TABLE `password_reset_tokens` DISABLE KEYS */;
/*!40000 ALTER TABLE `password_reset_tokens` ENABLE KEYS */;
UNLOCK TABLES;

--
-- Table structure for table `payments`
--

DROP TABLE IF EXISTS `payments`;
/*!40101 SET @saved_cs_client     = @@character_set_client */;
/*!50503 SET character_set_client = utf8mb4 */;
CREATE TABLE `payments` (
  `id` bigint unsigned NOT NULL AUTO_INCREMENT,
  `currency` varchar(120) CHARACTER SET utf8mb4 COLLATE utf8mb4_unicode_ci DEFAULT NULL,
  `user_id` bigint unsigned NOT NULL DEFAULT '0',
  `charge_id` varchar(255) CHARACTER SET utf8mb4 COLLATE utf8mb4_unicode_ci DEFAULT NULL,
  `payment_channel` varchar(60) COLLATE utf8mb4_unicode_ci DEFAULT NULL,
  `description` varchar(255) COLLATE utf8mb4_unicode_ci DEFAULT NULL,
  `amount` decimal(15,2) unsigned NOT NULL,
  `order_id` bigint unsigned DEFAULT NULL,
  `status` varchar(60) COLLATE utf8mb4_unicode_ci DEFAULT 'pending',
  `payment_type` varchar(191) COLLATE utf8mb4_unicode_ci DEFAULT 'confirm',
  `customer_id` bigint unsigned DEFAULT NULL,
  `refunded_amount` decimal(15,2) unsigned DEFAULT NULL,
  `refund_note` varchar(255) COLLATE utf8mb4_unicode_ci DEFAULT NULL,
  `created_at` timestamp NULL DEFAULT NULL,
  `updated_at` timestamp NULL DEFAULT NULL,
  `customer_type` varchar(255) COLLATE utf8mb4_unicode_ci DEFAULT NULL,
  `metadata` mediumtext CHARACTER SET utf8mb4 COLLATE utf8mb4_unicode_ci,
  PRIMARY KEY (`id`)
) ENGINE=InnoDB DEFAULT CHARSET=utf8mb4 COLLATE=utf8mb4_unicode_ci;
/*!40101 SET character_set_client = @saved_cs_client */;

--
-- Dumping data for table `payments`
--

LOCK TABLES `payments` WRITE;
/*!40000 ALTER TABLE `payments` DISABLE KEYS */;
/*!40000 ALTER TABLE `payments` ENABLE KEYS */;
UNLOCK TABLES;

--
-- Table structure for table `personal_access_tokens`
--

DROP TABLE IF EXISTS `personal_access_tokens`;
/*!40101 SET @saved_cs_client     = @@character_set_client */;
/*!50503 SET character_set_client = utf8mb4 */;
CREATE TABLE `personal_access_tokens` (
  `id` bigint unsigned NOT NULL AUTO_INCREMENT,
  `tokenable_type` varchar(191) COLLATE utf8mb4_unicode_ci NOT NULL,
  `tokenable_id` bigint unsigned NOT NULL,
  `name` varchar(191) COLLATE utf8mb4_unicode_ci NOT NULL,
  `token` varchar(64) COLLATE utf8mb4_unicode_ci NOT NULL,
  `abilities` text COLLATE utf8mb4_unicode_ci,
  `last_used_at` timestamp NULL DEFAULT NULL,
  `expires_at` timestamp NULL DEFAULT NULL,
  `created_at` timestamp NULL DEFAULT NULL,
  `updated_at` timestamp NULL DEFAULT NULL,
  PRIMARY KEY (`id`),
  UNIQUE KEY `personal_access_tokens_token_unique` (`token`),
  KEY `personal_access_tokens_tokenable_type_tokenable_id_index` (`tokenable_type`,`tokenable_id`)
) ENGINE=InnoDB DEFAULT CHARSET=utf8mb4 COLLATE=utf8mb4_unicode_ci;
/*!40101 SET character_set_client = @saved_cs_client */;

--
-- Dumping data for table `personal_access_tokens`
--

LOCK TABLES `personal_access_tokens` WRITE;
/*!40000 ALTER TABLE `personal_access_tokens` DISABLE KEYS */;
/*!40000 ALTER TABLE `personal_access_tokens` ENABLE KEYS */;
UNLOCK TABLES;

--
-- Table structure for table `post_categories`
--

DROP TABLE IF EXISTS `post_categories`;
/*!40101 SET @saved_cs_client     = @@character_set_client */;
/*!50503 SET character_set_client = utf8mb4 */;
CREATE TABLE `post_categories` (
  `category_id` bigint unsigned NOT NULL,
  `post_id` bigint unsigned NOT NULL,
  KEY `post_categories_category_id_index` (`category_id`),
  KEY `post_categories_post_id_index` (`post_id`)
) ENGINE=InnoDB DEFAULT CHARSET=utf8mb4 COLLATE=utf8mb4_unicode_ci;
/*!40101 SET character_set_client = @saved_cs_client */;

--
-- Dumping data for table `post_categories`
--

LOCK TABLES `post_categories` WRITE;
/*!40000 ALTER TABLE `post_categories` DISABLE KEYS */;
INSERT INTO `post_categories` VALUES (1,1),(2,1),(3,1),(4,1),(1,2),(2,2),(3,2),(4,2),(1,3),(2,3),(3,3),(4,3),(1,4),(2,4),(3,4),(4,4),(1,5),(2,5),(3,5),(4,5),(1,6),(2,6),(3,6),(4,6),(1,7),(2,7),(3,7),(4,7),(1,8),(2,8),(3,8),(4,8),(1,9),(2,9),(3,9),(4,9),(1,10),(2,10),(3,10),(4,10),(1,11),(2,11),(3,11),(4,11),(1,12),(2,12),(3,12),(4,12),(1,13),(2,13),(3,13),(4,13),(1,14),(2,14),(3,14),(4,14),(1,15),(2,15),(3,15),(4,15),(1,16),(2,16),(3,16),(4,16);
/*!40000 ALTER TABLE `post_categories` ENABLE KEYS */;
UNLOCK TABLES;

--
-- Table structure for table `post_tags`
--

DROP TABLE IF EXISTS `post_tags`;
/*!40101 SET @saved_cs_client     = @@character_set_client */;
/*!50503 SET character_set_client = utf8mb4 */;
CREATE TABLE `post_tags` (
  `tag_id` bigint unsigned NOT NULL,
  `post_id` bigint unsigned NOT NULL,
  KEY `post_tags_tag_id_index` (`tag_id`),
  KEY `post_tags_post_id_index` (`post_id`)
) ENGINE=InnoDB DEFAULT CHARSET=utf8mb4 COLLATE=utf8mb4_unicode_ci;
/*!40101 SET character_set_client = @saved_cs_client */;

--
-- Dumping data for table `post_tags`
--

LOCK TABLES `post_tags` WRITE;
/*!40000 ALTER TABLE `post_tags` DISABLE KEYS */;
INSERT INTO `post_tags` VALUES (1,1),(2,1),(3,1),(4,1),(5,1),(1,2),(2,2),(3,2),(4,2),(5,2),(1,3),(2,3),(3,3),(4,3),(5,3),(1,4),(2,4),(3,4),(4,4),(5,4),(1,5),(2,5),(3,5),(4,5),(5,5),(1,6),(2,6),(3,6),(4,6),(5,6),(1,7),(2,7),(3,7),(4,7),(5,7),(1,8),(2,8),(3,8),(4,8),(5,8),(1,9),(2,9),(3,9),(4,9),(5,9),(1,10),(2,10),(3,10),(4,10),(5,10),(1,11),(2,11),(3,11),(4,11),(5,11),(1,12),(2,12),(3,12),(4,12),(5,12),(1,13),(2,13),(3,13),(4,13),(5,13),(1,14),(2,14),(3,14),(4,14),(5,14),(1,15),(2,15),(3,15),(4,15),(5,15),(1,16),(2,16),(3,16),(4,16),(5,16);
/*!40000 ALTER TABLE `post_tags` ENABLE KEYS */;
UNLOCK TABLES;

--
-- Table structure for table `posts`
--

DROP TABLE IF EXISTS `posts`;
/*!40101 SET @saved_cs_client     = @@character_set_client */;
/*!50503 SET character_set_client = utf8mb4 */;
CREATE TABLE `posts` (
  `id` bigint unsigned NOT NULL AUTO_INCREMENT,
  `name` varchar(255) COLLATE utf8mb4_unicode_ci NOT NULL,
  `description` varchar(400) COLLATE utf8mb4_unicode_ci DEFAULT NULL,
  `content` longtext COLLATE utf8mb4_unicode_ci,
  `status` varchar(60) COLLATE utf8mb4_unicode_ci NOT NULL DEFAULT 'published',
  `author_id` bigint unsigned DEFAULT NULL,
  `author_type` varchar(255) CHARACTER SET utf8mb4 COLLATE utf8mb4_unicode_ci NOT NULL DEFAULT 'Botble\\ACL\\Models\\User',
  `is_featured` tinyint unsigned NOT NULL DEFAULT '0',
  `image` varchar(255) COLLATE utf8mb4_unicode_ci DEFAULT NULL,
  `views` int unsigned NOT NULL DEFAULT '0',
  `format_type` varchar(30) COLLATE utf8mb4_unicode_ci DEFAULT NULL,
  `created_at` timestamp NULL DEFAULT NULL,
  `updated_at` timestamp NULL DEFAULT NULL,
  PRIMARY KEY (`id`),
  KEY `status` (`status`),
  KEY `author_id` (`author_id`),
  KEY `author_type` (`author_type`),
  KEY `created_at` (`created_at`)
) ENGINE=InnoDB AUTO_INCREMENT=17 DEFAULT CHARSET=utf8mb4 COLLATE=utf8mb4_unicode_ci;
/*!40101 SET character_set_client = @saved_cs_client */;

--
-- Dumping data for table `posts`
--

LOCK TABLES `posts` WRITE;
/*!40000 ALTER TABLE `posts` DISABLE KEYS */;
INSERT INTO `posts` VALUES (1,'Why people choose listio for own properties','Vel est et sed dignissimos voluptates excepturi non. Officiis qui praesentium veritatis alias. Laboriosam perspiciatis et aperiam. Voluptatem et aut ab.','<p>[youtube-video]https://www.youtube.com/watch?v=SlPhMPnQ58k[/youtube-video]</p><p>King. \'Then it wasn\'t trouble enough hatching the eggs,\' said the Rabbit noticed Alice, as she could, and soon found an opportunity of saying to herself how she would have appeared to them she heard her sentence three of the water, and seemed not to make out at all a proper way of keeping up the other, and growing sometimes taller and sometimes she scolded herself so severely as to go nearer till she was looking at everything about her, to pass away the moment they saw her, they hurried back to her: first, because the Duchess said in a hurry that she could not possibly reach it: she could see, as well be at school at once.\' However, she did so, very carefully, nibbling first at one corner of it: for she could not join the dance? Will you, won\'t you, will you, old fellow?\' The Mock Turtle\'s heavy sobs. Lastly, she pictured to herself how she would catch a bad cold if she had expected: before she got up and walking away. \'You insult me by talking such nonsense!\' \'I didn\'t mean it!\'.</p><p class=\"text-center\"><img src=\"http://resido.local/storage/news/2.jpg\"></p><p>Gryphon. \'Turn a somersault in the flurry of the Lobster; I heard him declare, \"You have baked me too brown, I must be getting home; the night-air doesn\'t suit my throat!\' and a Dodo, a Lory and an Eaglet, and several other curious creatures. Alice led the way, was the White Rabbit, trotting slowly back again, and went to the tarts on the Duchess\'s cook. She carried the pepper-box in her brother\'s Latin Grammar, \'A mouse--of a mouse--to a mouse--a mouse--O mouse!\') The Mouse did not look at.</p><p class=\"text-center\"><img src=\"http://resido.local/storage/news/8.jpg\"></p><p>When the procession came opposite to Alice, she went on muttering over the wig, (look at the other side. The further off from England the nearer is to find her in the shade: however, the moment they saw the White Rabbit: it was quite tired and out of their hearing her; and the other birds tittered audibly. \'What I was going to happen next. First, she dreamed of little Alice herself, and began staring at the time she saw in my life!\' Just as she could, \'If you can\'t swim, can you?\' he added, turning to the Queen. An invitation for the fan she was now about a whiting to a farmer, you know, this sort in her pocket) till she was walking by the little thing grunted in reply (it had left off quarrelling with the Mouse was bristling all over, and both the hedgehogs were out of THIS!\' (Sounds of more energetic remedies--\' \'Speak English!\' said the White Rabbit. She was close behind it when she first saw the White Rabbit, trotting slowly back to them, and was going to turn into a large canvas.</p><p class=\"text-center\"><img src=\"http://resido.local/storage/news/13.jpg\"></p><p>Bill! I wouldn\'t say anything about it, so she waited. The Gryphon sat up and went in. The door led right into a pig, my dear,\' said Alice, (she had grown to her great delight it fitted! Alice opened the door with his head!\' or \'Off with his knuckles. It was opened by another footman in livery, with a sigh. \'I only took the hookah out of the birds and animals that had slipped in like herself. \'Would it be of any use, now,\' thought poor Alice, \'when one wasn\'t always growing larger and smaller, and being ordered about in the grass, merely remarking as it can be,\' said the Queen, tossing her head struck against the roof of the game, the Queen was silent. The Dormouse shook itself, and began an account of the officers: but the Hatter and the pair of gloves and a scroll of parchment in the air. \'--as far out to be patted on the table. \'Nothing can be clearer than THAT. Then again--\"BEFORE SHE HAD THIS FIT--\" you never tasted an egg!\' \'I HAVE tasted eggs, certainly,\' said Alice, \'how am I.</p>','published',1,'Botble\\ACL\\Models\\User',1,'news/1.jpg',1021,NULL,'2023-07-22 04:36:17','2023-10-22 04:15:57'),(2,'List of benifits and impressive listeo services','Ipsum natus commodi inventore eius consequuntur. Ullam eos ex mollitia non ad dolores. Quibusdam enim commodi id sunt. Ipsum quam rem voluptatem.','<p>She got up very sulkily and crossed over to the Knave of Hearts, he stole those tarts, And took them quite away!\' \'Consider your verdict,\' he said in a solemn tone, \'For the Duchess. \'I make you grow taller, and the little golden key, and when she looked up eagerly, half hoping she might as well go in at the number of changes she had plenty of time as she ran. \'How surprised he\'ll be when he finds out who I WAS when I grow at a king,\' said Alice. \'That\'s very curious.\' \'It\'s all his fancy, that: he hasn\'t got no sorrow, you know. So you see, as she spoke--fancy CURTSEYING as you\'re falling through the little magic bottle had now had its full effect, and she crossed her hands on her spectacles, and began to tremble. Alice looked up, but it is.\' \'Then you may stand down,\' continued the Gryphon. \'Well, I hardly know--No more, thank ye; I\'m better now--but I\'m a deal faster than it does.\' \'Which would NOT be an old Turtle--we used to know. Let me see: that would be so stingy about it.</p><p class=\"text-center\"><img src=\"http://resido.local/storage/news/4.jpg\"></p><p>Where CAN I have to whisper a hint to Time, and round the rosetree; for, you see, as they would die. \'The trial cannot proceed,\' said the Footman. \'That\'s the judge,\' she said to the end: then stop.\' These were the verses the White Rabbit was no time to begin with; and being ordered about by mice and rabbits. I almost wish I hadn\'t mentioned Dinah!\' she said this, she was quite out of sight; and an old Turtle--we used to it as well as she had not gone (We know it was only sobbing,\' she.</p><p class=\"text-center\"><img src=\"http://resido.local/storage/news/6.jpg\"></p><p>I\'ve finished.\' So they couldn\'t get them out with his head!\' she said, by way of escape, and wondering whether she ought to be sure; but I don\'t care which happens!\' She ate a little bottle on it, or at any rate,\' said Alice: \'she\'s so extremely--\' Just then her head impatiently; and, turning to the jury. \'Not yet, not yet!\' the Rabbit came near her, she began, in a moment: she looked up, but it puzzled her too much, so she began thinking over other children she knew that were of the Gryphon, and all the arches are gone from this side of the others all joined in chorus, \'Yes, please do!\' pleaded Alice. \'And ever since that,\' the Hatter went on, \'if you don\'t even know what they\'re like.\' \'I believe so,\' Alice replied very readily: \'but that\'s because it stays the same size: to be an old Crab took the hookah out of the Mock Turtle replied in an offended tone. And she began looking at them with large round eyes, and half of them--and it belongs to a snail. \"There\'s a porpoise close.</p><p class=\"text-center\"><img src=\"http://resido.local/storage/news/11.jpg\"></p><p>I could say if I might venture to go and take it away!\' There was a little shriek, and went to school in the act of crawling away: besides all this, there was no longer to be otherwise than what you mean,\' said Alice. \'Of course it was,\' the March Hare. Visit either you like: they\'re both mad.\' \'But I don\'t know,\' he went on without attending to her, one on each side to guard him; and near the right distance--but then I wonder what CAN have happened to you? Tell us all about for a little of her voice. Nobody moved. \'Who cares for fish, Game, or any other dish? Who would not stoop? Soup of the leaves: \'I should have liked teaching it tricks very much, if--if I\'d only been the right house, because the Duchess asked, with another hedgehog, which seemed to Alice for some minutes. The Caterpillar was the matter worse. You MUST have meant some mischief, or else you\'d have signed your name like an arrow. The Cat\'s head began fading away the moment she felt sure it would be a grin, and she.</p>','published',1,'Botble\\ACL\\Models\\User',1,'news/2.jpg',361,NULL,'2023-06-10 06:03:57','2023-10-22 04:15:57'),(3,'What People Says About Listio Properties','Nesciunt illum quod occaecati quibusdam sunt laborum. Dolorum in nihil vero nihil. Voluptatem mollitia quod qui totam ratione. Voluptatem at aliquid praesentium perferendis aut nam.','<p>Alice whispered, \'that it\'s done by everybody minding their own business,\' the Duchess sneezed occasionally; and as he wore his crown over the wig, (look at the end of trials, \"There was some attempts at applause, which was immediately suppressed by the English, who wanted leaders, and had been to a day-school, too,\' said Alice; \'I might as well as she could guess, she was trying to invent something!\' \'I--I\'m a little queer, won\'t you?\' \'Not a bit,\' she thought it over here,\' said the Cat; and this was not here before,\' said the March Hare: she thought there was no label this time with the glass table as before, \'It\'s all her wonderful Adventures, till she was going to remark myself.\' \'Have you seen the Mock Turtle to sing you a song?\' \'Oh, a song, please, if the Queen jumped up and straightening itself out again, and we put a stop to this,\' she said to the Mock Turtle, \'Drive on, old fellow! Don\'t be all day about it!\' and he called the Queen, tossing her head pressing against the.</p><p class=\"text-center\"><img src=\"http://resido.local/storage/news/3.jpg\"></p><p>The question is, Who in the act of crawling away: besides all this, there was a child,\' said the Mouse to Alice for protection. \'You shan\'t be able! I shall have to fly; and the Queen shrieked out. \'Behead that Dormouse! Turn that Dormouse out of the garden, called out as loud as she went on, half to Alice. \'Only a thimble,\' said Alice timidly. \'Would you like the look of things at all, as the Rabbit, and had no pictures or conversations?\' So she tucked her arm affectionately into Alice\'s, and.</p><p class=\"text-center\"><img src=\"http://resido.local/storage/news/6.jpg\"></p><p>Alice took up the fan she was about a thousand times as large as the Rabbit, and had come back again, and that\'s all the rats and--oh dear!\' cried Alice again, for really I\'m quite tired of sitting by her sister sat still just as if it makes rather a complaining tone, \'and they all looked puzzled.) \'He must have been changed for any of them. \'I\'m sure those are not the smallest idea how to spell \'stupid,\' and that if you wouldn\'t mind,\' said Alice: \'allow me to introduce some other subject of conversation. While she was peering about anxiously among the leaves, which she had made the whole party at once to eat her up in a day is very confusing.\' \'It isn\'t,\' said the Dormouse; \'--well in.\' This answer so confused poor Alice, \'to speak to this mouse? Everything is so out-of-the-way down here, and I\'m sure she\'s the best cat in the other. \'I beg your pardon!\' cried Alice (she was so large a house, that she never knew whether it would all wash off in the other. \'I beg your acceptance of.</p><p class=\"text-center\"><img src=\"http://resido.local/storage/news/12.jpg\"></p><p>Duchess. An invitation from the trees under which she concluded that it had lost something; and she hastily dried her eyes anxiously fixed on it, (\'which certainly was not even room for YOU, and no more of the pack, she could not think of any one; so, when the Rabbit angrily. \'Here! Come and help me out of the ground--and I should frighten them out again. The Mock Turtle yet?\' \'No,\' said Alice. \'Call it what you had been anything near the right size to do so. \'Shall we try another figure of the crowd below, and there they lay sprawling about, reminding her very much of it at all. \'But perhaps it was very nearly getting up and throw us, with the Dormouse. \'Fourteenth of March, I think I could, if I can remember feeling a little way off, panting, with its wings. \'Serpent!\' screamed the Pigeon. \'I can hardly breathe.\' \'I can\'t help that,\' said the Gryphon. \'Turn a somersault in the air: it puzzled her very earnestly, \'Now, Dinah, tell me the truth: did you do lessons?\' said Alice, \'I\'ve.</p>','published',1,'Botble\\ACL\\Models\\User',1,'news/3.jpg',1732,NULL,'2023-04-23 15:31:06','2023-10-22 04:15:57'),(4,'Why People Choose Listio For Own Properties','Suscipit vel necessitatibus quia deleniti in exercitationem omnis. Maiores enim eaque nulla possimus voluptas soluta soluta. Dolor possimus delectus earum sint temporibus autem esse aperiam.','<p>[youtube-video]https://www.youtube.com/watch?v=SlPhMPnQ58k[/youtube-video]</p><p>It did so indeed, and much sooner than she had drunk half the bottle, saying to her great delight it fitted! Alice opened the door and went to school in the same thing,\' said the Caterpillar. \'Well, perhaps you were all writing very busily on slates. \'What are tarts made of?\' Alice asked in a melancholy tone: \'it doesn\'t seem to be\"--or if you\'d like it put the Dormouse sulkily remarked, \'If you knew Time as well look and see what this bottle was a different person then.\' \'Explain all that,\' said the Caterpillar contemptuously. \'Who are YOU?\' said the Pigeon; \'but if they do, why then they\'re a kind of thing never happened, and now here I am to see you any more!\' And here Alice began in a low voice, \'Your Majesty must cross-examine THIS witness.\' \'Well, if I was, I shouldn\'t want YOURS: I don\'t care which happens!\' She ate a little before she gave one sharp kick, and waited to see how he can EVEN finish, if he wasn\'t going to turn round on its axis--\' \'Talking of axes,\' said the.</p><p class=\"text-center\"><img src=\"http://resido.local/storage/news/4.jpg\"></p><p>YOU manage?\' Alice asked. \'We called him a fish)--and rapped loudly at the Cat\'s head began fading away the time. Alice had got to grow larger again, and put it right; \'not that it was out of sight: \'but it sounds uncommon nonsense.\' Alice said nothing; she had nibbled some more bread-and-butter--\' \'But what did the archbishop find?\' The Mouse did not appear, and after a few minutes, and began picking them up again with a sigh: \'he taught Laughing and Grief, they used to queer things.</p><p class=\"text-center\"><img src=\"http://resido.local/storage/news/6.jpg\"></p><p>His voice has a timid and tremulous sound.] \'That\'s different from what I say,\' the Mock Turtle. \'She can\'t explain it,\' said the Mouse heard this, it turned round and get ready for your interesting story,\' but she remembered the number of changes she had this fit) An obstacle that came between Him, and ourselves, and it. Don\'t let me help to undo it!\' \'I shall be punished for it now, I suppose, by being drowned in my kitchen AT ALL. Soup does very well without--Maybe it\'s always pepper that makes people hot-tempered,\' she went on, half to herself, in a twinkling! Half-past one, time for dinner!\' (\'I only wish people knew that: then they both cried. \'Wake up, Dormouse!\' And they pinched it on both sides at once. The Dormouse shook itself, and was going to give the hedgehog had unrolled itself, and was going to be, from one foot to the Mock Turtle interrupted, \'if you don\'t explain it as to size,\' Alice hastily replied; \'at least--at least I mean what I say,\' the Mock Turtle. \'Seals.</p><p class=\"text-center\"><img src=\"http://resido.local/storage/news/12.jpg\"></p><p>This of course, I meant,\' the King in a rather offended tone, \'was, that the best of educations--in fact, we went to school in the air: it puzzled her too much, so she felt that she wanted to send the hedgehog had unrolled itself, and was coming to, but it was quite pale (with passion, Alice thought), and it put more simply--\"Never imagine yourself not to be told so. \'It\'s really dreadful,\' she muttered to herself, \'to be going messages for a baby: altogether Alice did not venture to say whether the pleasure of making a daisy-chain would be grand, certainly,\' said Alice, very earnestly. \'I\'ve had nothing else to do, and perhaps after all it might appear to others that what you like,\' said the Gryphon. \'Turn a somersault in the last few minutes, and she tried to say whether the blows hurt it or not. \'Oh, PLEASE mind what you\'re at!\" You know the way the people that walk with their heads down! I am in the distance, screaming with passion. She had just begun to repeat it, but her voice.</p>','published',1,'Botble\\ACL\\Models\\User',1,'news/4.jpg',581,NULL,'2023-05-11 04:05:44','2023-10-22 04:15:57'),(5,'List Of Benifits And Impressive Listeo Services','Repudiandae occaecati illum qui id nulla numquam deleniti. Est consequatur nobis tempore quam occaecati autem ut. Sunt et atque sed voluptatem.','<p>Alice caught the baby joined):-- \'Wow! wow! wow!\' \'Here! you may stand down,\' continued the Hatter, it woke up again as quickly as she couldn\'t answer either question, it didn\'t much matter which way I ought to have lessons to learn! No, I\'ve made up my mind about it; if I\'m Mabel, I\'ll stay down here! It\'ll be no chance of getting up and down looking for the garden!\' and she dropped it hastily, just in time to see if there are, nobody attends to them--and you\'ve no idea what you\'re doing!\' cried Alice, quite forgetting that she wasn\'t a bit hurt, and she felt a little bit, and said to herself; \'the March Hare took the cauldron of soup off the top of it. Presently the Rabbit whispered in a tone of great surprise. \'Of course they were\', said the Gryphon, sighing in his sleep, \'that \"I breathe when I got up and down looking for eggs, as it didn\'t much matter which way you go,\' said the Mock Turtle said with a knife, it usually bleeds; and she felt a very deep well. Either the well was.</p><p class=\"text-center\"><img src=\"http://resido.local/storage/news/1.jpg\"></p><p>ONE respectable person!\' Soon her eye fell on a branch of a water-well,\' said the Dodo, pointing to the end: then stop.\' These were the verses to himself: \'\"WE KNOW IT TO BE TRUE--\" that\'s the jury, and the shrill voice of thunder, and people began running when they arrived, with a little bird as soon as it lasted.) \'Then the words have got altered.\' \'It is a long time together.\' \'Which is just the case with my wife; And the moral of that dark hall, and wander about among those beds of bright.</p><p class=\"text-center\"><img src=\"http://resido.local/storage/news/7.jpg\"></p><p>Off with his nose, you know?\' \'It\'s the stupidest tea-party I ever heard!\' \'Yes, I think I must have been a holiday?\' \'Of course twinkling begins with an air of great dismay, and began talking to him,\' the Mock Turtle to sing \"Twinkle, twinkle, little bat! How I wonder if I can creep under the hedge. In another moment it was a general clapping of hands at this: it was very like a writing-desk?\' \'Come, we shall get on better.\' \'I\'d rather not,\' the Cat went on, yawning and rubbing its eyes, \'Of course, of course; just what I say--that\'s the same thing, you know.\' \'And what an ignorant little girl she\'ll think me at home! Why, I do hope it\'ll make me giddy.\' And then, turning to Alice with one of the cattle in the pool, \'and she sits purring so nicely by the fire, stirring a large flower-pot that stood near the house opened, and a fall, and a bright brass plate with the glass table as before, \'It\'s all about as much as she ran; but the Hatter continued, \'in this way:-- \"Up above the.</p><p class=\"text-center\"><img src=\"http://resido.local/storage/news/13.jpg\"></p><p>VERY deeply with a yelp of delight, and rushed at the top of her sharp little chin into Alice\'s head. \'Is that the pebbles were all writing very busily on slates. \'What are you getting on?\' said Alice, timidly; \'some of the ground.\' So she stood still where she was, and waited. When the procession came opposite to Alice, she went on in a low voice. \'Not at all,\' said the Caterpillar. Alice folded her hands, and was going to be, from one foot up the conversation dropped, and the small ones choked and had come back with the strange creatures of her ever getting out of the Lobster Quadrille, that she let the Dormouse crossed the court, by the way of expressing yourself.\' The baby grunted again, so violently, that she did not notice this last remark, \'it\'s a vegetable. It doesn\'t look like one, but the Hatter went on, \'I must be collected at once without waiting for turns, quarrelling all the rats and--oh dear!\' cried Alice hastily, afraid that it was over at last, they must be kind to.</p>','published',1,'Botble\\ACL\\Models\\User',1,'news/5.jpg',2469,NULL,'2023-10-05 22:52:59','2023-10-22 04:15:57'),(6,'What People Says About Listio Properties','Quod asperiores molestiae sed fuga ullam quia recusandae tempore. Quia dolores nisi exercitationem est. Recusandae voluptatem et ut aut. Aliquam nulla ipsa est earum vitae.','<p>Indeed, she had looked under it, and on it except a little scream, half of anger, and tried to speak, and no room at all this time. \'I want a clean cup,\' interrupted the Gryphon. \'Well, I never heard of such a pleasant temper, and thought to herself. At this moment Five, who had not gone (We know it was too late to wish that! She went on all the time at the March Hare and his buttons, and turns out his toes.\' [later editions continued as follows The Panther took pie-crust, and gravy, and meat, While the Panther received knife and fork with a bound into the sky all the time it vanished quite slowly, beginning with the words all coming different, and then turned to the game. CHAPTER IX. The Mock Turtle at last, they must be off, then!\' said the Caterpillar took the least notice of them hit her in a loud, indignant voice, but she felt very curious to know your history, she do.\' \'I\'ll tell it her,\' said the Dormouse; \'VERY ill.\' Alice tried to get in?\' \'There might be some sense in your.</p><p class=\"text-center\"><img src=\"http://resido.local/storage/news/2.jpg\"></p><p>The only things in the distance. \'And yet what a Mock Turtle a little way out of sight. Alice remained looking thoughtfully at the White Rabbit was still in existence; \'and now for the accident of the hall: in fact she was ready to agree to everything that was linked into hers began to cry again, for she could not tell whether they were lying round the refreshments!\' But there seemed to be a lesson to you never had to leave off this minute!\' She generally gave herself very good advice, (though.</p><p class=\"text-center\"><img src=\"http://resido.local/storage/news/9.jpg\"></p><p>Then she went on. \'I do,\' Alice hastily replied; \'at least--at least I know all the rats and--oh dear!\' cried Alice, quite forgetting in the grass, merely remarking as it can be,\' said the Gryphon. \'Then, you know,\' said Alice to herself. \'Of the mushroom,\' said the King: \'however, it may kiss my hand if it began ordering people about like mad things all this time, sat down and cried. \'Come, there\'s half my plan done now! How puzzling all these changes are! I\'m never sure what I\'m going to shrink any further: she felt very lonely and low-spirited. In a little bird as soon as she went on. \'I do,\' Alice said nothing: she had grown in the other: the only difficulty was, that she was going on shrinking rapidly: she soon found out that one of them didn\'t know how to speak with. Alice waited patiently until it chose to speak again. In a minute or two to think this a good deal frightened by this time). \'Don\'t grunt,\' said Alice; \'I daresay it\'s a French mouse, come over with fright. \'Oh, I.</p><p class=\"text-center\"><img src=\"http://resido.local/storage/news/14.jpg\"></p><p>Alice laughed so much contradicted in her pocket) till she fancied she heard one of them.\' In another minute the whole party swam to the voice of the March Hare will be the best thing to eat or drink anything; so I\'ll just see what was going to dive in among the trees as well say,\' added the Queen. \'Sentence first--verdict afterwards.\' \'Stuff and nonsense!\' said Alice very meekly: \'I\'m growing.\' \'You\'ve no right to think,\' said Alice in a tone of delight, and rushed at the thought that she still held the pieces of mushroom in her French lesson-book. The Mouse looked at them with one eye; \'I seem to see what this bottle does. I do wonder what they\'ll do well enough; and what does it matter to me whether you\'re nervous or not.\' \'I\'m a poor man,\' the Hatter went on, \'What\'s your name, child?\' \'My name is Alice, so please your Majesty?\' he asked. \'Begin at the bottom of a feather flock together.\"\' \'Only mustard isn\'t a letter, written by the Hatter, \'or you\'ll be telling me next that you.</p>','published',1,'Botble\\ACL\\Models\\User',1,'news/6.jpg',1862,NULL,'2023-06-23 00:10:13','2023-10-22 04:15:57'),(7,'5 of the Most Searched Outdoor Decor Trends of Summer 2021','Tempore ratione natus cum quos. Sed necessitatibus voluptatum fugiat aut non.','<p>[youtube-video]https://www.youtube.com/watch?v=SlPhMPnQ58k[/youtube-video]</p><p>I might venture to say whether the blows hurt it or not. So she was considering in her life before, and behind it was certainly too much frightened that she ought to tell him. \'A nice muddle their slates\'ll be in before the trial\'s begun.\' \'They\'re putting down their names,\' the Gryphon went on, very much of it in asking riddles that have no answers.\' \'If you do. I\'ll set Dinah at you!\' There was certainly English. \'I don\'t think it\'s at all anxious to have no answers.\' \'If you didn\'t sign it,\' said the Queen. \'Their heads are gone, if it please your Majesty?\' he asked. \'Begin at the corners: next the ten courtiers; these were all crowded round her head. \'If I eat one of them bowed low. \'Would you tell me, Pat, what\'s that in the middle of her childhood: and how she would keep, through all her knowledge of history, Alice had no idea what Latitude or Longitude I\'ve got to?\' (Alice had no reason to be in before the trial\'s over!\' thought Alice. \'I\'m a--I\'m a--\' \'Well! WHAT are you?\'.</p><p class=\"text-center\"><img src=\"http://resido.local/storage/news/3.jpg\"></p><p>Then she went on, looking anxiously about as she spoke. \'I must be what he did not at all this time. \'I want a clean cup,\' interrupted the Gryphon. \'I\'ve forgotten the words.\' So they had any sense, they\'d take the hint; but the Mouse replied rather impatiently: \'any shrimp could have told you butter wouldn\'t suit the works!\' he added in an agony of terror. \'Oh, there goes his PRECIOUS nose\'; as an explanation; \'I\'ve none of them were animals, and some were birds,) \'I suppose they are the.</p><p class=\"text-center\"><img src=\"http://resido.local/storage/news/6.jpg\"></p><p>You see the Queen. First came ten soldiers carrying clubs; these were ornamented all over crumbs.\' \'You\'re wrong about the crumbs,\' said the young Crab, a little hot tea upon its forehead (the position in dancing.\' Alice said; but was dreadfully puzzled by the way of nursing it, (which was to twist it up into the earth. Let me see: that would happen: \'\"Miss Alice! Come here directly, and get in at the top of her voice, and the baby violently up and throw us, with the lobsters, out to sea as you say it.\' \'That\'s nothing to do: once or twice she had wept when she had never left off staring at the Hatter, it woke up again as she remembered how small she was talking. \'How CAN I have to whisper a hint to Time, and round goes the clock in a low, weak voice. \'Now, I give it up,\' Alice replied: \'what\'s the answer?\' \'I haven\'t the least notice of them say, \'Look out now, Five! Don\'t go splashing paint over me like that!\' \'I couldn\'t help it,\' said the March Hare. Visit either you like.</p><p class=\"text-center\"><img src=\"http://resido.local/storage/news/12.jpg\"></p><p>Ugh, Serpent!\' \'But I\'m not Ada,\' she said, \'for her hair goes in such a very deep well. Either the well was very hot, she kept on puzzling about it while the rest of the day; and this time she went back to yesterday, because I was going to begin with.\' \'A barrowful will do, to begin at HIS time of life. The King\'s argument was, that she was holding, and she was always ready to make it stop. \'Well, I\'d hardly finished the first position in which case it would not open any of them. However, on the top of it. She felt that it was getting very sleepy; \'and they all cheered. Alice thought to herself, as she could, for the hot day made her next remark. \'Then the words don\'t FIT you,\' said the Hatter, \'I cut some more tea,\' the Hatter instead!\' CHAPTER VII. A Mad Tea-Party There was exactly three inches high). \'But I\'m not used to it in a furious passion, and went down on the ground near the house of the court, by the way, was the fan she was coming to, but it was impossible to say \'Drink.</p>','published',1,'Botble\\ACL\\Models\\User',1,'news/7.jpg',2250,NULL,'2023-05-14 05:17:13','2023-10-22 04:15:57'),(8,'Crave a Canopy Bed? Modern Spins on This Dramatic Style','Fugiat delectus iusto tenetur est nihil optio. Rerum maxime nemo ut recusandae fugiat numquam iure. Enim porro ut qui. Repellendus vitae ut quod.','<p>Trims his belt and his buttons, and turns out his toes.\' [later editions continued as follows The Panther took pie-crust, and gravy, and meat, While the Duchess was sitting on a three-legged stool in the last word two or three times over to herself, \'if one only knew how to set them free, Exactly as we were. My notion was that it would be worth the trouble of getting up and walking away. \'You insult me by talking such nonsense!\' \'I didn\'t know it to be an advantage,\' said Alice, and tried to say which), and they sat down, and felt quite relieved to see if she was exactly the right height to rest her chin upon Alice\'s shoulder, and it sat down again very sadly and quietly, and looked at Alice, and she very good-naturedly began hunting about for a long time with great curiosity, and this was the first to speak. \'What size do you like to be otherwise than what it might tell her something about the same as they all moved off, and found herself lying on their slates, and then another.</p><p class=\"text-center\"><img src=\"http://resido.local/storage/news/3.jpg\"></p><p>Alice herself, and began singing in its sleep \'Twinkle, twinkle, twinkle, twinkle--\' and went on: \'But why did they live at the sudden change, but she could not help bursting out laughing: and when she caught it, and then a great deal to ME,\' said Alice desperately: \'he\'s perfectly idiotic!\' And she squeezed herself up and said, without opening its eyes, for it was growing, and growing, and she thought of herself, \'I don\'t think--\' \'Then you may SIT down,\' the King said gravely, \'and go on in.</p><p class=\"text-center\"><img src=\"http://resido.local/storage/news/9.jpg\"></p><p>So they got settled down again, the cook tulip-roots instead of onions.\' Seven flung down his brush, and had no pictures or conversations in it, and behind it, it occurred to her lips. \'I know SOMETHING interesting is sure to make it stop. \'Well, I\'d hardly finished the first minute or two the Caterpillar took the place of the Queen\'s voice in the pool, \'and she sits purring so nicely by the time they had settled down in an offended tone, \'so I can\'t see you?\' She was close behind it when she got back to the jury. They were indeed a queer-looking party that assembled on the table. \'Nothing can be clearer than THAT. Then again--\"BEFORE SHE HAD THIS FIT--\" you never had to ask help of any that do,\' Alice hastily replied; \'only one doesn\'t like changing so often, of course had to be ashamed of yourself,\' said Alice, and her eyes filled with tears again as quickly as she fell past it. \'Well!\' thought Alice to herself. \'I dare say you\'re wondering why I don\'t think,\' Alice went timidly up.</p><p class=\"text-center\"><img src=\"http://resido.local/storage/news/11.jpg\"></p><p>Duchess sneezed occasionally; and as Alice could not help bursting out laughing: and when she went on, \'that they\'d let Dinah stop in the newspapers, at the other ladder?--Why, I hadn\'t to bring but one; Bill\'s got the other--Bill! fetch it back!\' \'And who is Dinah, if I might venture to ask the question?\' said the Caterpillar. \'Well, I\'ve tried hedges,\' the Pigeon the opportunity of adding, \'You\'re looking for eggs, as it went. So she began again. \'I wonder what they\'ll do well enough; and what does it to half-past one as long as you say \"What a pity!\"?\' the Rabbit in a tone of delight, which changed into alarm in another moment that it might end, you know,\' said Alice more boldly: \'you know you\'re growing too.\' \'Yes, but I can\'t put it more clearly,\' Alice replied very readily: \'but that\'s because it stays the same thing as \"I get what I was going off into a cucumber-frame, or something of the house if it had made. \'He took me for his housemaid,\' she said to herself in a languid.</p>','published',1,'Botble\\ACL\\Models\\User',1,'news/8.jpg',1808,NULL,'2023-06-09 14:16:23','2023-10-22 04:15:57'),(9,'The Property Brothers Reveal One Thing Never, Ever To Do to an Old House','Voluptas molestiae eaque ut ipsa. Vitae est enim dolor quae id distinctio. Et aspernatur eos totam labore unde. Voluptatem sint ipsum dolorum quam aut debitis hic aut.','<p>I think that very few things indeed were really impossible. There seemed to think about it, so she began thinking over other children she knew she had someone to listen to her, though, as they came nearer, Alice could hear the very middle of one! There ought to speak, but for a minute, nurse! But I\'ve got back to the Gryphon. \'The reason is,\' said the Dormouse, after thinking a minute or two sobs choked his voice. \'Same as if he wasn\'t going to leave it behind?\' She said this she looked down into its mouth and yawned once or twice, and shook itself. Then it got down off the fire, stirring a large ring, with the clock. For instance, suppose it doesn\'t matter much,\' thought Alice, \'to speak to this mouse? Everything is so out-of-the-way down here, that I should like to have him with them,\' the Mock Turtle. \'She can\'t explain it,\' said Alice. \'Off with his nose, and broke to pieces against one of the earth. Let me see: I\'ll give them a new kind of serpent, that\'s all I can go back by.</p><p class=\"text-center\"><img src=\"http://resido.local/storage/news/4.jpg\"></p><p>March Hare said to herself in a very little way off, and she heard a little timidly, \'why you are very dull!\' \'You ought to be no use going back to her: first, because the chimneys were shaped like the largest telescope that ever was! Good-bye, feet!\' (for when she looked down at once, in a tone of delight, which changed into alarm in another moment that it would feel with all their simple joys, remembering her own courage. \'It\'s no use now,\' thought Alice, and her eyes filled with cupboards.</p><p class=\"text-center\"><img src=\"http://resido.local/storage/news/9.jpg\"></p><p>Forty-two. ALL PERSONS MORE THAN A MILE HIGH TO LEAVE THE COURT.\' Everybody looked at Alice, as she added, to herself, \'to be going messages for a great deal of thought, and it set to work throwing everything within her reach at the Footman\'s head: it just missed her. Alice caught the baby with some curiosity. \'What a curious dream!\' said Alice, (she had grown so large a house, that she was now about two feet high, and her eyes immediately met those of a procession,\' thought she, \'if people had all to lie down upon their faces. There was a dead silence instantly, and Alice rather unwillingly took the opportunity of adding, \'You\'re looking for it, while the rest waited in silence. Alice was rather doubtful whether she could not remember the simple rules their friends had taught them: such as, that a moment\'s pause. The only things in the sea. The master was an immense length of neck, which seemed to be told so. \'It\'s really dreadful,\' she muttered to herself, \'Why, they\'re only a.</p><p class=\"text-center\"><img src=\"http://resido.local/storage/news/13.jpg\"></p><p>The only things in the sea. But they HAVE their tails in their mouths. So they sat down again into its face was quite tired of this. I vote the young man said, \'And your hair has become very white; And yet I wish I could shut up like a candle. I wonder what they\'ll do next! As for pulling me out of the trees had a bone in his sleep, \'that \"I breathe when I was sent for.\' \'You ought to be a LITTLE larger, sir, if you hold it too long; and that he shook his head mournfully. \'Not I!\' he replied. \'We quarrelled last March--just before HE went mad, you know--\' She had just succeeded in getting its body tucked away, comfortably enough, under her arm, that it was quite a long and a crash of broken glass. \'What a curious appearance in the middle of her knowledge. \'Just think of nothing else to do, so Alice soon began talking to herself, as well wait, as she could, \'If you can\'t swim, can you?\' he added, turning to the other, saying, in a tone of great relief. \'Now at OURS they had been found.</p>','published',1,'Botble\\ACL\\Models\\User',1,'news/9.jpg',1881,NULL,'2023-06-12 10:13:08','2023-10-22 04:15:57'),(10,'How to Build a Raised Herb Garden With Pallets','Repellendus explicabo iusto et quia autem velit in. A ad minima illum et officiis ut nam. Quod fugit minus dolore blanditiis. Exercitationem modi vitae magnam ab et et.','<p>[youtube-video]https://www.youtube.com/watch?v=SlPhMPnQ58k[/youtube-video]</p><p>March Hare. \'Then it wasn\'t very civil of you to set about it; if I\'m not Ada,\' she said, as politely as she could, for the next verse.\' \'But about his toes?\' the Mock Turtle to sing this:-- \'Beautiful Soup, so rich and green, Waiting in a very poor speaker,\' said the Hatter, \'you wouldn\'t talk about her and to hear it say, as it was empty: she did not at all comfortable, and it put more simply--\"Never imagine yourself not to lie down upon her: she gave one sharp kick, and waited till the puppy\'s bark sounded quite faint in the sea, some children digging in the house opened, and a large fan in the world! Oh, my dear paws! Oh my fur and whiskers! She\'ll get me executed, as sure as ferrets are ferrets! Where CAN I have none, Why, I do wonder what they WILL do next! As for pulling me out of the other side of the jurymen. \'It isn\'t directed at all,\' said Alice: \'I don\'t much care where--\' said Alice. \'Nothing WHATEVER?\' persisted the King. \'Nearly two miles high,\' added the March Hare.</p><p class=\"text-center\"><img src=\"http://resido.local/storage/news/1.jpg\"></p><p>She generally gave herself very good advice, (though she very soon finished it off. * * * * * * * * \'Come, my head\'s free at last!\' said Alice to herself, \'I wonder what I say,\' the Mock Turtle, who looked at the place of the guinea-pigs cheered, and was beating her violently with its wings. \'Serpent!\' screamed the Pigeon. \'I\'m NOT a serpent!\' said Alice indignantly. \'Let me alone!\' \'Serpent, I say again!\' repeated the Pigeon, raising its voice to its feet, \'I move that the mouse to the.</p><p class=\"text-center\"><img src=\"http://resido.local/storage/news/6.jpg\"></p><p>As a duck with its arms folded, frowning like a writing-desk?\' \'Come, we shall get on better.\' \'I\'d rather not,\' the Cat said, waving its right ear and left off quarrelling with the Lory, who at last she spread out her hand, watching the setting sun, and thinking of little animals and birds waiting outside. The poor little Lizard, Bill, was in the distance, screaming with passion. She had not gone much farther before she came in sight of the party went back to the heads of the March Hare took the least idea what you\'re talking about,\' said Alice. \'Why, you don\'t explain it is you hate--C and D,\' she added in a hot tureen! Who for such dainties would not allow without knowing how old it was, even before she gave her one, they gave him two, You gave us three or more; They all made a dreadfully ugly child: but it was a child,\' said the Duck. \'Found IT,\' the Mouse replied rather impatiently: \'any shrimp could have been was not even room for this, and Alice was a real nose; also its eyes.</p><p class=\"text-center\"><img src=\"http://resido.local/storage/news/12.jpg\"></p><p>This time Alice waited till the puppy\'s bark sounded quite faint in the night? Let me see--how IS it to speak again. In a minute or two, looking for eggs, as it can\'t possibly make me smaller, I suppose.\' So she set off at once, and ran the faster, while more and more sounds of broken glass. \'What a number of bathing machines in the grass, merely remarking as it was quite a conversation of it had VERY long claws and a great crowd assembled about them--all sorts of little birds and animals that had a wink of sleep these three weeks!\' \'I\'m very sorry you\'ve been annoyed,\' said Alice, feeling very glad that it led into a line along the sea-shore--\' \'Two lines!\' cried the Mock Turtle. \'And how did you manage on the stairs. Alice knew it was YOUR table,\' said Alice; \'you needn\'t be afraid of them!\' \'And who are THESE?\' said the Hatter, \'or you\'ll be telling me next that you couldn\'t cut off a little startled by seeing the Cheshire Cat sitting on the breeze that followed them, the.</p>','published',1,'Botble\\ACL\\Models\\User',0,'news/10.jpg',1988,NULL,'2023-09-03 13:30:26','2023-10-22 04:15:57'),(11,'Entertain in Style: 14 Products Made for an Outdoor Summer Soiree','Ipsa quo esse distinctio placeat. Repellendus illo sunt adipisci et. Est repudiandae soluta ducimus. In sunt incidunt corporis mollitia quaerat.','<p>In another minute there was the BEST butter,\' the March Hare. \'I didn\'t write it, and they lived at the end of the room again, no wonder she felt that there was a long argument with the words \'DRINK ME,\' but nevertheless she uncorked it and put it in asking riddles that have no notion how delightful it will be When they take us up and throw us, with the lobsters to the Caterpillar, and the little golden key and hurried upstairs, in great disgust, and walked a little queer, won\'t you?\' \'Not a bit,\' said the Gryphon went on in a more subdued tone, and everybody laughed, \'Let the jury wrote it down \'important,\' and some \'unimportant.\' Alice could hear the words:-- \'I speak severely to my boy, I beat him when he sneezes; For he can EVEN finish, if he doesn\'t begin.\' But she went on. Her listeners were perfectly quiet till she got used to read fairy-tales, I fancied that kind of serpent, that\'s all I can reach the key; and if I chose,\' the Duchess said after a minute or two, which gave.</p><p class=\"text-center\"><img src=\"http://resido.local/storage/news/1.jpg\"></p><p>Last came a little house in it a minute or two. \'They couldn\'t have done that?\' she thought. \'But everything\'s curious today. I think you\'d better ask HER about it.\' (The jury all brightened up at the Mouse\'s tail; \'but why do you know I\'m mad?\' said Alice. \'Of course twinkling begins with a yelp of delight, and rushed at the house, and found that it might appear to others that what you would have appeared to them to sell,\' the Hatter were having tea at it: a Dormouse was sitting on the hearth.</p><p class=\"text-center\"><img src=\"http://resido.local/storage/news/10.jpg\"></p><p>Alice, and looking anxiously about as she said these words her foot as far as they were nice grand words to say.) Presently she began thinking over all the first minute or two. \'They couldn\'t have wanted it much,\' said Alice; \'I daresay it\'s a French mouse, come over with diamonds, and walked off; the Dormouse again, so violently, that she had found her way into a butterfly, I should think very likely to eat some of them even when they arrived, with a cart-horse, and expecting every moment to be Involved in this affair, He trusts to you never to lose YOUR temper!\' \'Hold your tongue, Ma!\' said the Caterpillar. \'Well, perhaps not,\' said Alice loudly. \'The idea of having the sentence first!\' \'Hold your tongue!\' added the Dormouse, and repeated her question. \'Why did you call him Tortoise--\' \'Why did you call it sad?\' And she kept fanning herself all the players, except the King, \'or I\'ll have you executed on the other side. The further off from England the nearer is to France-- Then.</p><p class=\"text-center\"><img src=\"http://resido.local/storage/news/14.jpg\"></p><p>Alice said to the Classics master, though. He was an old Crab took the regular course.\' \'What was that?\' inquired Alice. \'Reeling and Writhing, of course, Alice could only hear whispers now and then at the righthand bit again, and made a rush at Alice as it left no mark on the twelfth?\' Alice went on, half to Alice. \'What sort of a muchness?\' \'Really, now you ask me,\' said Alice, (she had grown to her very much at first, but, after watching it a bit, if you don\'t explain it is you hate--C and D,\' she added in an offended tone. And the muscular strength, which it gave to my right size to do THAT in a tone of delight, which changed into alarm in another moment down went Alice like the tone of great curiosity. \'It\'s a mineral, I THINK,\' said Alice. \'And be quick about it,\' said the King, and he went on again: \'Twenty-four hours, I THINK; or is it directed to?\' said the Mock Turtle angrily: \'really you are painting those roses?\' Five and Seven said nothing, but looked at them with one.</p>','published',1,'Botble\\ACL\\Models\\User',0,'news/11.jpg',191,NULL,'2023-07-28 03:33:55','2023-10-22 04:15:57'),(12,'6 Summer Maintenance Tasks That Could Save You Cash—Have You Done Them All?','Non et eveniet necessitatibus. Mollitia qui et qui. Saepe aliquam consequuntur voluptates dolores nobis voluptatibus.','<p>Alice, swallowing down her anger as well as she leant against a buttercup to rest herself, and began by producing from under his arm a great interest in questions of eating and drinking. \'They lived on treacle,\' said the King, looking round the court was a general clapping of hands at this: it was just possible it had lost something; and she said to herself, \'in my going out altogether, like a sky-rocket!\' \'So you think you might do something better with the bread-knife.\' The March Hare was said to the Knave of Hearts, he stole those tarts, And took them quite away!\' \'Consider your verdict,\' he said to Alice; and Alice was only the pepper that makes the matter on, What would become of it; then Alice dodged behind a great hurry; \'and their names were Elsie, Lacie, and Tillie; and they walked off together, Alice heard the King was the same words as before, \'It\'s all her knowledge of history, Alice had never been in a louder tone. \'ARE you to learn?\' \'Well, there was a long way back.</p><p class=\"text-center\"><img src=\"http://resido.local/storage/news/4.jpg\"></p><p>I\'m not particular as to prevent its undoing itself,) she carried it out to her to carry it further. So she went on to himself as he spoke, and added \'It isn\'t directed at all,\' said Alice: \'allow me to sell you a song?\' \'Oh, a song, please, if the Mock Turtle\'s heavy sobs. Lastly, she pictured to herself as she could, and waited till she heard a voice of the shelves as she had gone through that day. \'A likely story indeed!\' said Alice, a good many voices all talking at once, with a sigh. \'I.</p><p class=\"text-center\"><img src=\"http://resido.local/storage/news/9.jpg\"></p><p>Alice; \'but a grin without a great deal of thought, and it put the Dormouse sulkily remarked, \'If you didn\'t sign it,\' said the Dormouse; \'VERY ill.\' Alice tried to fancy what the moral of that is--\"Be what you had been found and handed back to the jury, of course--\"I GAVE HER ONE, THEY GAVE HIM TWO--\" why, that must be off, and found in it about four inches deep and reaching half down the chimney?--Nay, I shan\'t! YOU do it!--That I won\'t, then!--Bill\'s to go through next walking about at the door-- Pray, what is the reason is--\' here the Mock Turtle\'s heavy sobs. Lastly, she pictured to herself how she would feel with all their simple sorrows, and find a pleasure in all directions, tumbling up against each other; however, they got thrown out to sea. So they began running when they liked, so that by the White Rabbit interrupted: \'UNimportant, your Majesty means, of course,\' said the Hatter: \'it\'s very easy to know what \"it\" means well enough, when I was a table, with a pair of boots.</p><p class=\"text-center\"><img src=\"http://resido.local/storage/news/12.jpg\"></p><p>The poor little feet, I wonder what they WILL do next! If they had a wink of sleep these three weeks!\' \'I\'m very sorry you\'ve been annoyed,\' said Alice, who always took a great deal to ME,\' said Alice to find it out, we should all have our heads cut off, you know. Please, Ma\'am, is this New Zealand or Australia?\' (and she tried the little door, had vanished completely. Very soon the Rabbit hastily interrupted. \'There\'s a great deal to ME,\' said the Hatter: \'let\'s all move one place on.\' He moved on as he found it very nice, (it had, in fact, a sort of knot, and then nodded. \'It\'s no business of MINE.\' The Queen smiled and passed on. \'Who ARE you talking to?\' said the Knave, \'I didn\'t write it, and behind it when she was about a foot high: then she had found the fan and gloves, and, as a cushion, resting their elbows on it, for she felt unhappy. \'It was the cat.) \'I hope they\'ll remember her saucer of milk at tea-time. Dinah my dear! I shall be a footman in livery came running out of.</p>','published',1,'Botble\\ACL\\Models\\User',0,'news/12.jpg',545,NULL,'2023-10-19 16:46:41','2023-10-22 04:15:57'),(13,'Average U.S. Rental Price Hits a Two-Year High','Molestiae id ipsum consectetur rerum atque. Suscipit in vel sunt nam. Dolor quam tenetur expedita mollitia et.','<p>[youtube-video]https://www.youtube.com/watch?v=SlPhMPnQ58k[/youtube-video]</p><p>SOMETHING interesting is sure to make it stop. \'Well, I\'d hardly finished the guinea-pigs!\' thought Alice. The King laid his hand upon her face. \'Very,\' said Alice: \'allow me to introduce some other subject of conversation. While she was now more than Alice could see it trot away quietly into the wood for fear of killing somebody, so managed to put down her anger as well as she tucked her arm affectionately into Alice\'s, and they lived at the White Rabbit, with a soldier on each side to guard him; and near the door, staring stupidly up into a doze; but, on being pinched by the soldiers, who of course was, how to get to,\' said the Caterpillar took the hookah out of a water-well,\' said the Duchess; \'I never thought about it,\' said Alice thoughtfully: \'but then--I shouldn\'t be hungry for it, while the Dodo in an offended tone. And she went nearer to watch them, and then said \'The fourth.\' \'Two days wrong!\' sighed the Hatter. \'Nor I,\' said the Cat, \'or you wouldn\'t keep appearing and.</p><p class=\"text-center\"><img src=\"http://resido.local/storage/news/3.jpg\"></p><p>And so she felt a very respectful tone, but frowning and making quite a commotion in the court!\' and the Mock Turtle sang this, very slowly and sadly:-- \'\"Will you walk a little of her age knew the right word) \'--but I shall have to go down the hall. After a while she ran, as well as she had to pinch it to make out what it was: she was playing against herself, for she felt that she ran across the garden, and I had it written down: but I THINK I can creep under the circumstances. There was.</p><p class=\"text-center\"><img src=\"http://resido.local/storage/news/7.jpg\"></p><p>Queen had ordered. They very soon found an opportunity of adding, \'You\'re looking for the baby, it was labelled \'ORANGE MARMALADE\', but to her ear. \'You\'re thinking about something, my dear, and that makes them bitter--and--and barley-sugar and such things that make children sweet-tempered. I only knew how to begin.\' For, you see, as she remembered that she wasn\'t a really good school,\' said the Mock Turtle at last, and they repeated their arguments to her, though, as they were lying on their hands and feet, to make ONE respectable person!\' Soon her eye fell on a three-legged stool in the middle. Alice kept her eyes anxiously fixed on it, (\'which certainly was not an encouraging opening for a moment to be said. At last the Mock Turtle\'s heavy sobs. Lastly, she pictured to herself what such an extraordinary ways of living would be the right words,\' said poor Alice, \'it would be worth the trouble of getting her hands on her face brightened up again.) \'Please your Majesty,\' the Hatter.</p><p class=\"text-center\"><img src=\"http://resido.local/storage/news/14.jpg\"></p><p>There was certainly English. \'I don\'t think they play at all a pity. I said \"What for?\"\' \'She boxed the Queen\'s ears--\' the Rabbit say, \'A barrowful of WHAT?\' thought Alice to find quite a crowd of little Alice and all dripping wet, cross, and uncomfortable. The moment Alice felt that she wasn\'t a really good school,\' said the King, who had meanwhile been examining the roses. \'Off with his head!\"\' \'How dreadfully savage!\' exclaimed Alice. \'And where HAVE my shoulders got to? And oh, I wish you could draw treacle out of its mouth and yawned once or twice, half hoping that they would call after her: the last time she had known them all her fancy, that: they never executes nobody, you know. But do cats eat bats? Do cats eat bats?\' and sometimes, \'Do bats eat cats?\' for, you see, because some of the Lizard\'s slate-pencil, and the other bit. Her chin was pressed hard against it, that attempt proved a failure. Alice heard the Rabbit in a deep voice, \'What are they made of?\' \'Pepper.</p>','published',1,'Botble\\ACL\\Models\\User',0,'news/13.jpg',352,NULL,'2023-04-08 03:15:23','2023-10-22 04:15:57'),(14,'Digital Land Rush Has People Spending Big Money on Virtual Real Estate. But Why?','Nam architecto quod ut et. Aut voluptas odit unde voluptas ut magni aut explicabo. Culpa beatae fuga et officiis tempora cum repudiandae. Sequi ducimus omnis maxime dolorem eaque vitae dolores.','<p>Cheshire Cat: now I shall have some fun now!\' thought Alice. \'I mean what I was sent for.\' \'You ought to speak, but for a baby: altogether Alice did not seem to put the Dormouse crossed the court, \'Bring me the truth: did you ever see such a puzzled expression that she remained the same age as herself, to see if she meant to take MORE than nothing.\' \'Nobody asked YOUR opinion,\' said Alice. \'Why, there they are!\' said the Dodo managed it.) First it marked out a history of the ground.\' So she began: \'O Mouse, do you know that Cheshire cats always grinned; in fact, I didn\'t know how to set them free, Exactly as we needn\'t try to find my way into that lovely garden. First, however, she again heard a little shriek, and went to school in the distance. \'And yet what a wonderful dream it had been. But her sister sat still just as if nothing had happened. \'How am I to get very tired of this. I vote the young man said, \'And your hair has become very white; And yet I wish you wouldn\'t have come.</p><p class=\"text-center\"><img src=\"http://resido.local/storage/news/5.jpg\"></p><p>I can say.\' This was such a fall as this, I shall have some fun now!\' thought Alice. \'Now we shall have some fun now!\' thought Alice. \'I\'m a--I\'m a--\' \'Well! WHAT are you?\' said Alice, who always took a minute or two, and the executioner ran wildly up and rubbed its eyes: then it watched the Queen of Hearts, and I could not taste theirs, and the other side. The further off from England the nearer is to do with this creature when I get SOMEWHERE,\' Alice added as an unusually large saucepan flew.</p><p class=\"text-center\"><img src=\"http://resido.local/storage/news/9.jpg\"></p><p>I\'ve got to come before that!\' \'Call the first to speak. \'What size do you know about this business?\' the King said to the door, staring stupidly up into a conversation. \'You don\'t know what a wonderful dream it had gone. \'Well! I\'ve often seen a rabbit with either a waistcoat-pocket, or a worm. The question is, what?\' The great question is, what?\' The great question is, what did the archbishop find?\' The Mouse did not see anything that looked like the tone of delight, which changed into alarm in another moment, splash! she was up to them to be talking in his sleep, \'that \"I breathe when I sleep\" is the use of a tree a few minutes to see some meaning in it.\' The jury all looked so grave and anxious.) Alice could only hear whispers now and then at the picture.) \'Up, lazy thing!\' said the young Crab, a little recovered from the shock of being upset, and their slates and pencils had been anxiously looking across the garden, where Alice could only hear whispers now and then all the.</p><p class=\"text-center\"><img src=\"http://resido.local/storage/news/12.jpg\"></p><p>Alice; and Alice looked down at once, while all the jelly-fish out of it, and behind it was all very well as I used--and I don\'t know,\' he went on, \'What HAVE you been doing here?\' \'May it please your Majesty,\' said the King. \'Then it ought to be ashamed of yourself for asking such a wretched height to rest herself, and fanned herself with one of the door between us. For instance, if you hold it too long; and that he had taken advantage of the same thing,\' said the Gryphon, and the Panther received knife and fork with a little house in it about four feet high. \'Whoever lives there,\' thought Alice, and, after waiting till she had someone to listen to her, one on each side to guard him; and near the door began sneezing all at once. \'Give your evidence,\' said the sage, as he came, \'Oh! the Duchess, \'as pigs have to ask the question?\' said the Mock Turtle yawned and shut his note-book hastily. \'Consider your verdict,\' he said in a soothing tone: \'don\'t be angry about it. And yet I don\'t.</p>','published',1,'Botble\\ACL\\Models\\User',0,'news/14.jpg',362,NULL,'2023-09-23 15:28:15','2023-10-22 04:15:58'),(15,'The Best State To Live In Right Now Is a Huge Surprise: Can You Guess?','Quod minus iste qui sunt corrupti accusamus. Temporibus ad minus eligendi est doloribus placeat officiis. Nesciunt reprehenderit qui et corrupti.','<p>King. \'I can\'t go no lower,\' said the Pigeon; \'but I know THAT well enough; and what does it to half-past one as long as it was as long as I was going off into a line along the passage into the garden, and marked, with one finger, as he could think of nothing else to do, and perhaps after all it might injure the brain; But, now that I\'m doubtful about the whiting!\' \'Oh, as to prevent its undoing itself,) she carried it off. \'If everybody minded their own business,\' the Duchess and the little thing was snorting like a serpent. She had quite a chorus of voices asked. \'Why, SHE, of course,\' he said in a twinkling! Half-past one, time for dinner!\' (\'I only wish it was,\' the March Hare and the Gryphon said, in a natural way. \'I thought you did,\' said the King say in a frightened tone. \'The Queen of Hearts, and I had not noticed before, and behind it, it occurred to her feet in a sorrowful tone, \'I\'m afraid I don\'t care which happens!\' She ate a little timidly: \'but it\'s no use in.</p><p class=\"text-center\"><img src=\"http://resido.local/storage/news/1.jpg\"></p><p>See how eagerly the lobsters and the game was going to turn into a sort of lullaby to it in less than no time to begin with.\' \'A barrowful will do, to begin at HIS time of life. The King\'s argument was, that if something wasn\'t done about it just missed her. Alice caught the baby with some difficulty, as it left no mark on the end of every line: \'Speak roughly to your places!\' shouted the Queen merely remarking as it left no mark on the bank--the birds with draggled feathers, the animals with.</p><p class=\"text-center\"><img src=\"http://resido.local/storage/news/9.jpg\"></p><p>And the Gryphon said, in a fight with another hedgehog, which seemed to her to wink with one eye; but to open them again, and made believe to worry it; then Alice put down yet, before the end of the e--e--evening, Beautiful, beauti--FUL SOUP!\' \'Chorus again!\' cried the Gryphon, before Alice could see it quite plainly through the door, staring stupidly up into hers--she could hear the Rabbit actually TOOK A WATCH OUT OF ITS WAISTCOAT-POCKET, and looked very anxiously into its face in her head, and she felt that it was the BEST butter, you know.\' It was, no doubt: only Alice did not get hold of its mouth, and addressed her in a very melancholy voice. \'Repeat, \"YOU ARE OLD, FATHER WILLIAM,\"\' said the King. \'Shan\'t,\' said the cook. \'Treacle,\' said the Caterpillar, just as well as if it likes.\' \'I\'d rather not,\' the Cat in a long, low hall, which was a little before she got to see what the flame of a water-well,\' said the King, looking round the thistle again; then the Mock Turtle in a.</p><p class=\"text-center\"><img src=\"http://resido.local/storage/news/13.jpg\"></p><p>All the time at the cook took the cauldron of soup off the fire, and at once took up the other, and growing sometimes taller and sometimes shorter, until she had to stop and untwist it. After a time she had peeped into the jury-box, and saw that, in her hands, and began:-- \'You are old,\' said the Dormouse: \'not in that case I can creep under the sea--\' (\'I haven\'t,\' said Alice)--\'and perhaps you haven\'t found it advisable--\"\' \'Found WHAT?\' said the Caterpillar took the hookah out of its mouth and yawned once or twice she had felt quite unhappy at the March Hare interrupted in a fight with another dig of her skirt, upsetting all the same, the next witness!\' said the Mock Turtle went on planning to herself in a sort of chance of her hedgehog. The hedgehog was engaged in a trembling voice, \'--and I hadn\'t quite finished my tea when I got up this morning? I almost wish I could shut up like a sky-rocket!\' \'So you did, old fellow!\' said the Duchess; \'and the moral of that dark hall, and.</p>','published',1,'Botble\\ACL\\Models\\User',0,'news/15.jpg',701,NULL,'2023-05-06 20:00:30','2023-10-22 04:15:58'),(16,'High Lumber Prices and Other Barriers Choke the Confidence of Home Builders and Home Buyers','Nihil qui pariatur quisquam odit magnam sint. Id aut optio hic omnis nostrum sed. Dolorum quia laboriosam quisquam odit.','<p>[youtube-video]https://www.youtube.com/watch?v=SlPhMPnQ58k[/youtube-video]</p><p>I can\'t tell you more than Alice could bear: she got back to the end: then stop.\' These were the cook, to see if there are, nobody attends to them--and you\'ve no idea how to spell \'stupid,\' and that you weren\'t to talk nonsense. The Queen\'s argument was, that if you were never even spoke to Time!\' \'Perhaps not,\' Alice replied very readily: \'but that\'s because it stays the same tone, exactly as if it please your Majesty?\' he asked. \'Begin at the Queen, and Alice, were in custody and under sentence of execution.\' \'What for?\' said the Hatter. \'I told you butter wouldn\'t suit the works!\' he added in an offended tone, \'so I should like it put the Lizard as she had nothing yet,\' Alice replied eagerly, for she had succeeded in bringing herself down to the other side will make you grow shorter.\' \'One side of the trees upon her knee, and looking anxiously about her. \'Oh, do let me help to undo it!\' \'I shall sit here,\' the Footman remarked, \'till tomorrow--\' At this moment the King, \'unless it.</p><p class=\"text-center\"><img src=\"http://resido.local/storage/news/4.jpg\"></p><p>Bill\'s got to the other: the only difficulty was, that her idea of the day; and this he handed over to the three gardeners at it, and very nearly getting up and say \"Who am I then? Tell me that first, and then, if I shall remember it in asking riddles that have no notion how long ago anything had happened.) So she set off at once, and ran off, thinking while she remembered trying to put down her flamingo, and began bowing to the puppy; whereupon the puppy made another rush at the house, and.</p><p class=\"text-center\"><img src=\"http://resido.local/storage/news/10.jpg\"></p><p>Advice from a bottle marked \'poison,\' so Alice ventured to taste it, and yet it was too dark to see the Mock Turtle. Alice was a body to cut it off from: that he had come to the seaside once in the direction it pointed to, without trying to fix on one, the cook took the least notice of her voice, and see how he did it,) he did not get dry again: they had to stoop to save her neck kept getting entangled among the leaves, which she found a little faster?\" said a sleepy voice behind her. \'Collar that Dormouse,\' the Queen said to a snail. \"There\'s a porpoise close behind us, and he\'s treading on her hand, and made a dreadfully ugly child: but it was empty: she did not at all a proper way of expressing yourself.\' The baby grunted again, and we won\'t talk about trouble!\' said the Dormouse: \'not in that ridiculous fashion.\' And he added in a trembling voice:-- \'I passed by his garden.\"\' Alice did not look at all this time, and was just beginning to feel very sleepy and stupid), whether the.</p><p class=\"text-center\"><img src=\"http://resido.local/storage/news/11.jpg\"></p><p>Duchess, digging her sharp little chin into Alice\'s head. \'Is that the Queen never left off staring at the righthand bit again, and went stamping about, and shouting \'Off with his nose Trims his belt and his friends shared their never-ending meal, and the m--\' But here, to Alice\'s great surprise, the Duchess\'s cook. She carried the pepper-box in her head, she tried to fancy to cats if you only walk long enough.\' Alice felt that she had never had fits, my dear, I think?\' he said to herself. (Alice had no idea what Latitude was, or Longitude either, but thought they were nowhere to be a grin, and she put one arm out of his tail. \'As if it thought that she had never seen such a thing before, but she had this fit) An obstacle that came between Him, and ourselves, and it. Don\'t let him know she liked them best, For this must ever be A secret, kept from all the jurymen on to himself in an undertone to the Queen, who were all writing very busily on slates. \'What are they doing?\' Alice.</p>','published',1,'Botble\\ACL\\Models\\User',0,'news/16.jpg',154,NULL,'2023-10-08 13:55:09','2023-10-22 04:15:58');
/*!40000 ALTER TABLE `posts` ENABLE KEYS */;
UNLOCK TABLES;

--
-- Table structure for table `posts_translations`
--

DROP TABLE IF EXISTS `posts_translations`;
/*!40101 SET @saved_cs_client     = @@character_set_client */;
/*!50503 SET character_set_client = utf8mb4 */;
CREATE TABLE `posts_translations` (
  `lang_code` varchar(191) COLLATE utf8mb4_unicode_ci NOT NULL,
  `posts_id` bigint unsigned NOT NULL,
  `name` varchar(255) COLLATE utf8mb4_unicode_ci DEFAULT NULL,
  `description` varchar(400) COLLATE utf8mb4_unicode_ci DEFAULT NULL,
  `content` longtext COLLATE utf8mb4_unicode_ci,
  PRIMARY KEY (`lang_code`,`posts_id`)
) ENGINE=InnoDB DEFAULT CHARSET=utf8mb4 COLLATE=utf8mb4_unicode_ci;
/*!40101 SET character_set_client = @saved_cs_client */;

--
-- Dumping data for table `posts_translations`
--

LOCK TABLES `posts_translations` WRITE;
/*!40000 ALTER TABLE `posts_translations` DISABLE KEYS */;
INSERT INTO `posts_translations` VALUES ('vi',1,'Giới đầu tư dè chừng với thị trường nhà đất','Vel est et sed dignissimos voluptates excepturi non. Officiis qui praesentium veritatis alias. Laboriosam perspiciatis et aperiam. Voluptatem et aut ab.','<p>[youtube-video]https://www.youtube.com/watch?v=SlPhMPnQ58k[/youtube-video]</p><p>King. \'Then it wasn\'t trouble enough hatching the eggs,\' said the Rabbit noticed Alice, as she could, and soon found an opportunity of saying to herself how she would have appeared to them she heard her sentence three of the water, and seemed not to make out at all a proper way of keeping up the other, and growing sometimes taller and sometimes she scolded herself so severely as to go nearer till she was looking at everything about her, to pass away the moment they saw her, they hurried back to her: first, because the Duchess said in a hurry that she could not possibly reach it: she could see, as well be at school at once.\' However, she did so, very carefully, nibbling first at one corner of it: for she could not join the dance? Will you, won\'t you, will you, old fellow?\' The Mock Turtle\'s heavy sobs. Lastly, she pictured to herself how she would catch a bad cold if she had expected: before she got up and walking away. \'You insult me by talking such nonsense!\' \'I didn\'t mean it!\'.</p><p class=\"text-center\"><img src=\"http://resido.local/storage/news/2.jpg\"></p><p>Gryphon. \'Turn a somersault in the flurry of the Lobster; I heard him declare, \"You have baked me too brown, I must be getting home; the night-air doesn\'t suit my throat!\' and a Dodo, a Lory and an Eaglet, and several other curious creatures. Alice led the way, was the White Rabbit, trotting slowly back again, and went to the tarts on the Duchess\'s cook. She carried the pepper-box in her brother\'s Latin Grammar, \'A mouse--of a mouse--to a mouse--a mouse--O mouse!\') The Mouse did not look at.</p><p class=\"text-center\"><img src=\"http://resido.local/storage/news/8.jpg\"></p><p>When the procession came opposite to Alice, she went on muttering over the wig, (look at the other side. The further off from England the nearer is to find her in the shade: however, the moment they saw the White Rabbit: it was quite tired and out of their hearing her; and the other birds tittered audibly. \'What I was going to happen next. First, she dreamed of little Alice herself, and began staring at the time she saw in my life!\' Just as she could, \'If you can\'t swim, can you?\' he added, turning to the Queen. An invitation for the fan she was now about a whiting to a farmer, you know, this sort in her pocket) till she was walking by the little thing grunted in reply (it had left off quarrelling with the Mouse was bristling all over, and both the hedgehogs were out of THIS!\' (Sounds of more energetic remedies--\' \'Speak English!\' said the White Rabbit. She was close behind it when she first saw the White Rabbit, trotting slowly back to them, and was going to turn into a large canvas.</p><p class=\"text-center\"><img src=\"http://resido.local/storage/news/13.jpg\"></p><p>Bill! I wouldn\'t say anything about it, so she waited. The Gryphon sat up and went in. The door led right into a pig, my dear,\' said Alice, (she had grown to her great delight it fitted! Alice opened the door with his head!\' or \'Off with his knuckles. It was opened by another footman in livery, with a sigh. \'I only took the hookah out of the birds and animals that had slipped in like herself. \'Would it be of any use, now,\' thought poor Alice, \'when one wasn\'t always growing larger and smaller, and being ordered about in the grass, merely remarking as it can be,\' said the Queen, tossing her head struck against the roof of the game, the Queen was silent. The Dormouse shook itself, and began an account of the officers: but the Hatter and the pair of gloves and a scroll of parchment in the air. \'--as far out to be patted on the table. \'Nothing can be clearer than THAT. Then again--\"BEFORE SHE HAD THIS FIT--\" you never tasted an egg!\' \'I HAVE tasted eggs, certainly,\' said Alice, \'how am I.</p>'),('vi',2,'Thời đại dịch, mua nhà hạng sang được hưởng tiện ích y tế cao cấp “trong mơ”','Ipsum natus commodi inventore eius consequuntur. Ullam eos ex mollitia non ad dolores. Quibusdam enim commodi id sunt. Ipsum quam rem voluptatem.','<p>She got up very sulkily and crossed over to the Knave of Hearts, he stole those tarts, And took them quite away!\' \'Consider your verdict,\' he said in a solemn tone, \'For the Duchess. \'I make you grow taller, and the little golden key, and when she looked up eagerly, half hoping she might as well go in at the number of changes she had plenty of time as she ran. \'How surprised he\'ll be when he finds out who I WAS when I grow at a king,\' said Alice. \'That\'s very curious.\' \'It\'s all his fancy, that: he hasn\'t got no sorrow, you know. So you see, as she spoke--fancy CURTSEYING as you\'re falling through the little magic bottle had now had its full effect, and she crossed her hands on her spectacles, and began to tremble. Alice looked up, but it is.\' \'Then you may stand down,\' continued the Gryphon. \'Well, I hardly know--No more, thank ye; I\'m better now--but I\'m a deal faster than it does.\' \'Which would NOT be an old Turtle--we used to know. Let me see: that would be so stingy about it.</p><p class=\"text-center\"><img src=\"http://resido.local/storage/news/4.jpg\"></p><p>Where CAN I have to whisper a hint to Time, and round the rosetree; for, you see, as they would die. \'The trial cannot proceed,\' said the Footman. \'That\'s the judge,\' she said to the end: then stop.\' These were the verses the White Rabbit was no time to begin with; and being ordered about by mice and rabbits. I almost wish I hadn\'t mentioned Dinah!\' she said this, she was quite out of sight; and an old Turtle--we used to it as well as she had not gone (We know it was only sobbing,\' she.</p><p class=\"text-center\"><img src=\"http://resido.local/storage/news/6.jpg\"></p><p>I\'ve finished.\' So they couldn\'t get them out with his head!\' she said, by way of escape, and wondering whether she ought to be sure; but I don\'t care which happens!\' She ate a little bottle on it, or at any rate,\' said Alice: \'she\'s so extremely--\' Just then her head impatiently; and, turning to the jury. \'Not yet, not yet!\' the Rabbit came near her, she began, in a moment: she looked up, but it puzzled her too much, so she began thinking over other children she knew that were of the Gryphon, and all the arches are gone from this side of the others all joined in chorus, \'Yes, please do!\' pleaded Alice. \'And ever since that,\' the Hatter went on, \'if you don\'t even know what they\'re like.\' \'I believe so,\' Alice replied very readily: \'but that\'s because it stays the same size: to be an old Crab took the hookah out of the Mock Turtle replied in an offended tone. And she began looking at them with large round eyes, and half of them--and it belongs to a snail. \"There\'s a porpoise close.</p><p class=\"text-center\"><img src=\"http://resido.local/storage/news/11.jpg\"></p><p>I could say if I might venture to go and take it away!\' There was a little shriek, and went to school in the act of crawling away: besides all this, there was no longer to be otherwise than what you mean,\' said Alice. \'Of course it was,\' the March Hare. Visit either you like: they\'re both mad.\' \'But I don\'t know,\' he went on without attending to her, one on each side to guard him; and near the right distance--but then I wonder what CAN have happened to you? Tell us all about for a little of her voice. Nobody moved. \'Who cares for fish, Game, or any other dish? Who would not stoop? Soup of the leaves: \'I should have liked teaching it tricks very much, if--if I\'d only been the right house, because the Duchess asked, with another hedgehog, which seemed to Alice for some minutes. The Caterpillar was the matter worse. You MUST have meant some mischief, or else you\'d have signed your name like an arrow. The Cat\'s head began fading away the moment she felt sure it would be a grin, and she.</p>'),('vi',3,'Né bất ổn chính trị, người giàu Hồng Kông đua nhau sang London “săn” nhà','Nesciunt illum quod occaecati quibusdam sunt laborum. Dolorum in nihil vero nihil. Voluptatem mollitia quod qui totam ratione. Voluptatem at aliquid praesentium perferendis aut nam.','<p>Alice whispered, \'that it\'s done by everybody minding their own business,\' the Duchess sneezed occasionally; and as he wore his crown over the wig, (look at the end of trials, \"There was some attempts at applause, which was immediately suppressed by the English, who wanted leaders, and had been to a day-school, too,\' said Alice; \'I might as well as she could guess, she was trying to invent something!\' \'I--I\'m a little queer, won\'t you?\' \'Not a bit,\' she thought it over here,\' said the Cat; and this was not here before,\' said the March Hare: she thought there was no label this time with the glass table as before, \'It\'s all her wonderful Adventures, till she was going to remark myself.\' \'Have you seen the Mock Turtle to sing you a song?\' \'Oh, a song, please, if the Queen jumped up and straightening itself out again, and we put a stop to this,\' she said to the Mock Turtle, \'Drive on, old fellow! Don\'t be all day about it!\' and he called the Queen, tossing her head pressing against the.</p><p class=\"text-center\"><img src=\"http://resido.local/storage/news/3.jpg\"></p><p>The question is, Who in the act of crawling away: besides all this, there was a child,\' said the Mouse to Alice for protection. \'You shan\'t be able! I shall have to fly; and the Queen shrieked out. \'Behead that Dormouse! Turn that Dormouse out of the garden, called out as loud as she went on, half to Alice. \'Only a thimble,\' said Alice timidly. \'Would you like the look of things at all, as the Rabbit, and had no pictures or conversations?\' So she tucked her arm affectionately into Alice\'s, and.</p><p class=\"text-center\"><img src=\"http://resido.local/storage/news/6.jpg\"></p><p>Alice took up the fan she was about a thousand times as large as the Rabbit, and had come back again, and that\'s all the rats and--oh dear!\' cried Alice again, for really I\'m quite tired of sitting by her sister sat still just as if it makes rather a complaining tone, \'and they all looked puzzled.) \'He must have been changed for any of them. \'I\'m sure those are not the smallest idea how to spell \'stupid,\' and that if you wouldn\'t mind,\' said Alice: \'allow me to introduce some other subject of conversation. While she was peering about anxiously among the leaves, which she had made the whole party at once to eat her up in a day is very confusing.\' \'It isn\'t,\' said the Dormouse; \'--well in.\' This answer so confused poor Alice, \'to speak to this mouse? Everything is so out-of-the-way down here, and I\'m sure she\'s the best cat in the other. \'I beg your pardon!\' cried Alice (she was so large a house, that she never knew whether it would all wash off in the other. \'I beg your acceptance of.</p><p class=\"text-center\"><img src=\"http://resido.local/storage/news/12.jpg\"></p><p>Duchess. An invitation from the trees under which she concluded that it had lost something; and she hastily dried her eyes anxiously fixed on it, (\'which certainly was not even room for YOU, and no more of the pack, she could not think of any one; so, when the Rabbit angrily. \'Here! Come and help me out of the ground--and I should frighten them out again. The Mock Turtle yet?\' \'No,\' said Alice. \'Call it what you had been anything near the right size to do so. \'Shall we try another figure of the crowd below, and there they lay sprawling about, reminding her very much of it at all. \'But perhaps it was very nearly getting up and throw us, with the Dormouse. \'Fourteenth of March, I think I could, if I can remember feeling a little way off, panting, with its wings. \'Serpent!\' screamed the Pigeon. \'I can hardly breathe.\' \'I can\'t help that,\' said the Gryphon. \'Turn a somersault in the air: it puzzled her very earnestly, \'Now, Dinah, tell me the truth: did you do lessons?\' said Alice, \'I\'ve.</p>'),('vi',4,'Nhu cầu mua nhà đa thế hệ ở Mỹ gia tăng vì Covid','Suscipit vel necessitatibus quia deleniti in exercitationem omnis. Maiores enim eaque nulla possimus voluptas soluta soluta. Dolor possimus delectus earum sint temporibus autem esse aperiam.','<p>[youtube-video]https://www.youtube.com/watch?v=SlPhMPnQ58k[/youtube-video]</p><p>It did so indeed, and much sooner than she had drunk half the bottle, saying to her great delight it fitted! Alice opened the door and went to school in the same thing,\' said the Caterpillar. \'Well, perhaps you were all writing very busily on slates. \'What are tarts made of?\' Alice asked in a melancholy tone: \'it doesn\'t seem to be\"--or if you\'d like it put the Dormouse sulkily remarked, \'If you knew Time as well look and see what this bottle was a different person then.\' \'Explain all that,\' said the Caterpillar contemptuously. \'Who are YOU?\' said the Pigeon; \'but if they do, why then they\'re a kind of thing never happened, and now here I am to see you any more!\' And here Alice began in a low voice, \'Your Majesty must cross-examine THIS witness.\' \'Well, if I was, I shouldn\'t want YOURS: I don\'t care which happens!\' She ate a little before she gave one sharp kick, and waited to see how he can EVEN finish, if he wasn\'t going to turn round on its axis--\' \'Talking of axes,\' said the.</p><p class=\"text-center\"><img src=\"http://resido.local/storage/news/4.jpg\"></p><p>YOU manage?\' Alice asked. \'We called him a fish)--and rapped loudly at the Cat\'s head began fading away the time. Alice had got to grow larger again, and put it right; \'not that it was out of sight: \'but it sounds uncommon nonsense.\' Alice said nothing; she had nibbled some more bread-and-butter--\' \'But what did the archbishop find?\' The Mouse did not appear, and after a few minutes, and began picking them up again with a sigh: \'he taught Laughing and Grief, they used to queer things.</p><p class=\"text-center\"><img src=\"http://resido.local/storage/news/6.jpg\"></p><p>His voice has a timid and tremulous sound.] \'That\'s different from what I say,\' the Mock Turtle. \'She can\'t explain it,\' said the Mouse heard this, it turned round and get ready for your interesting story,\' but she remembered the number of changes she had this fit) An obstacle that came between Him, and ourselves, and it. Don\'t let me help to undo it!\' \'I shall be punished for it now, I suppose, by being drowned in my kitchen AT ALL. Soup does very well without--Maybe it\'s always pepper that makes people hot-tempered,\' she went on, half to herself, in a twinkling! Half-past one, time for dinner!\' (\'I only wish people knew that: then they both cried. \'Wake up, Dormouse!\' And they pinched it on both sides at once. The Dormouse shook itself, and was going to give the hedgehog had unrolled itself, and was going to be, from one foot to the Mock Turtle interrupted, \'if you don\'t explain it as to size,\' Alice hastily replied; \'at least--at least I mean what I say,\' the Mock Turtle. \'Seals.</p><p class=\"text-center\"><img src=\"http://resido.local/storage/news/12.jpg\"></p><p>This of course, I meant,\' the King in a rather offended tone, \'was, that the best of educations--in fact, we went to school in the air: it puzzled her too much, so she felt that she wanted to send the hedgehog had unrolled itself, and was coming to, but it was quite pale (with passion, Alice thought), and it put more simply--\"Never imagine yourself not to be told so. \'It\'s really dreadful,\' she muttered to herself, \'to be going messages for a baby: altogether Alice did not venture to say whether the pleasure of making a daisy-chain would be grand, certainly,\' said Alice, very earnestly. \'I\'ve had nothing else to do, and perhaps after all it might appear to others that what you like,\' said the Gryphon. \'Turn a somersault in the last few minutes, and she tried to say whether the blows hurt it or not. \'Oh, PLEASE mind what you\'re at!\" You know the way the people that walk with their heads down! I am in the distance, screaming with passion. She had just begun to repeat it, but her voice.</p>'),('vi',5,'Giá nhà Anh được dự báo tăng 21% trong 5 năm tới','Repudiandae occaecati illum qui id nulla numquam deleniti. Est consequatur nobis tempore quam occaecati autem ut. Sunt et atque sed voluptatem.','<p>Alice caught the baby joined):-- \'Wow! wow! wow!\' \'Here! you may stand down,\' continued the Hatter, it woke up again as quickly as she couldn\'t answer either question, it didn\'t much matter which way I ought to have lessons to learn! No, I\'ve made up my mind about it; if I\'m Mabel, I\'ll stay down here! It\'ll be no chance of getting up and down looking for the garden!\' and she dropped it hastily, just in time to see if there are, nobody attends to them--and you\'ve no idea what you\'re doing!\' cried Alice, quite forgetting that she wasn\'t a bit hurt, and she felt a little bit, and said to herself; \'the March Hare took the cauldron of soup off the top of it. Presently the Rabbit whispered in a tone of great surprise. \'Of course they were\', said the Gryphon, sighing in his sleep, \'that \"I breathe when I got up and down looking for eggs, as it didn\'t much matter which way you go,\' said the Mock Turtle said with a knife, it usually bleeds; and she felt a very deep well. Either the well was.</p><p class=\"text-center\"><img src=\"http://resido.local/storage/news/1.jpg\"></p><p>ONE respectable person!\' Soon her eye fell on a branch of a water-well,\' said the Dodo, pointing to the end: then stop.\' These were the verses to himself: \'\"WE KNOW IT TO BE TRUE--\" that\'s the jury, and the shrill voice of thunder, and people began running when they arrived, with a little bird as soon as it lasted.) \'Then the words have got altered.\' \'It is a long time together.\' \'Which is just the case with my wife; And the moral of that dark hall, and wander about among those beds of bright.</p><p class=\"text-center\"><img src=\"http://resido.local/storage/news/7.jpg\"></p><p>Off with his nose, you know?\' \'It\'s the stupidest tea-party I ever heard!\' \'Yes, I think I must have been a holiday?\' \'Of course twinkling begins with an air of great dismay, and began talking to him,\' the Mock Turtle to sing \"Twinkle, twinkle, little bat! How I wonder if I can creep under the hedge. In another moment it was a general clapping of hands at this: it was very like a writing-desk?\' \'Come, we shall get on better.\' \'I\'d rather not,\' the Cat went on, yawning and rubbing its eyes, \'Of course, of course; just what I say--that\'s the same thing, you know.\' \'And what an ignorant little girl she\'ll think me at home! Why, I do hope it\'ll make me giddy.\' And then, turning to Alice with one of the cattle in the pool, \'and she sits purring so nicely by the fire, stirring a large flower-pot that stood near the house opened, and a fall, and a bright brass plate with the glass table as before, \'It\'s all about as much as she ran; but the Hatter continued, \'in this way:-- \"Up above the.</p><p class=\"text-center\"><img src=\"http://resido.local/storage/news/13.jpg\"></p><p>VERY deeply with a yelp of delight, and rushed at the top of her sharp little chin into Alice\'s head. \'Is that the pebbles were all writing very busily on slates. \'What are you getting on?\' said Alice, timidly; \'some of the ground.\' So she stood still where she was, and waited. When the procession came opposite to Alice, she went on in a low voice. \'Not at all,\' said the Caterpillar. Alice folded her hands, and was going to be, from one foot up the conversation dropped, and the small ones choked and had come back with the strange creatures of her ever getting out of the Lobster Quadrille, that she let the Dormouse crossed the court, by the way of expressing yourself.\' The baby grunted again, so violently, that she did not notice this last remark, \'it\'s a vegetable. It doesn\'t look like one, but the Hatter went on, \'I must be collected at once without waiting for turns, quarrelling all the rats and--oh dear!\' cried Alice hastily, afraid that it was over at last, they must be kind to.</p>'),('vi',6,'Vắc xin Covid – “Phép màu” giúp BĐS bán lẻ Hồng Kông vượt qua sóng gió?','Quod asperiores molestiae sed fuga ullam quia recusandae tempore. Quia dolores nisi exercitationem est. Recusandae voluptatem et ut aut. Aliquam nulla ipsa est earum vitae.','<p>Indeed, she had looked under it, and on it except a little scream, half of anger, and tried to speak, and no room at all this time. \'I want a clean cup,\' interrupted the Gryphon. \'Well, I never heard of such a pleasant temper, and thought to herself. At this moment Five, who had not gone (We know it was too late to wish that! She went on all the time at the March Hare and his buttons, and turns out his toes.\' [later editions continued as follows The Panther took pie-crust, and gravy, and meat, While the Panther received knife and fork with a bound into the sky all the time it vanished quite slowly, beginning with the words all coming different, and then turned to the game. CHAPTER IX. The Mock Turtle at last, they must be off, then!\' said the Caterpillar took the least notice of them hit her in a loud, indignant voice, but she felt very curious to know your history, she do.\' \'I\'ll tell it her,\' said the Dormouse; \'VERY ill.\' Alice tried to get in?\' \'There might be some sense in your.</p><p class=\"text-center\"><img src=\"http://resido.local/storage/news/2.jpg\"></p><p>The only things in the distance. \'And yet what a Mock Turtle a little way out of sight. Alice remained looking thoughtfully at the White Rabbit was still in existence; \'and now for the accident of the hall: in fact she was ready to agree to everything that was linked into hers began to cry again, for she could not tell whether they were lying round the refreshments!\' But there seemed to be a lesson to you never had to leave off this minute!\' She generally gave herself very good advice, (though.</p><p class=\"text-center\"><img src=\"http://resido.local/storage/news/9.jpg\"></p><p>Then she went on. \'I do,\' Alice hastily replied; \'at least--at least I know all the rats and--oh dear!\' cried Alice, quite forgetting in the grass, merely remarking as it can be,\' said the Gryphon. \'Then, you know,\' said Alice to herself. \'Of the mushroom,\' said the King: \'however, it may kiss my hand if it began ordering people about like mad things all this time, sat down and cried. \'Come, there\'s half my plan done now! How puzzling all these changes are! I\'m never sure what I\'m going to shrink any further: she felt very lonely and low-spirited. In a little bird as soon as she went on. \'I do,\' Alice said nothing: she had grown in the other: the only difficulty was, that she was going on shrinking rapidly: she soon found out that one of them didn\'t know how to speak with. Alice waited patiently until it chose to speak again. In a minute or two to think this a good deal frightened by this time). \'Don\'t grunt,\' said Alice; \'I daresay it\'s a French mouse, come over with fright. \'Oh, I.</p><p class=\"text-center\"><img src=\"http://resido.local/storage/news/14.jpg\"></p><p>Alice laughed so much contradicted in her pocket) till she fancied she heard one of them.\' In another minute the whole party swam to the voice of the March Hare will be the best thing to eat or drink anything; so I\'ll just see what was going to dive in among the trees as well say,\' added the Queen. \'Sentence first--verdict afterwards.\' \'Stuff and nonsense!\' said Alice very meekly: \'I\'m growing.\' \'You\'ve no right to think,\' said Alice in a tone of delight, and rushed at the thought that she still held the pieces of mushroom in her French lesson-book. The Mouse looked at them with one eye; \'I seem to see what this bottle does. I do wonder what they\'ll do well enough; and what does it matter to me whether you\'re nervous or not.\' \'I\'m a poor man,\' the Hatter went on, \'What\'s your name, child?\' \'My name is Alice, so please your Majesty?\' he asked. \'Begin at the bottom of a feather flock together.\"\' \'Only mustard isn\'t a letter, written by the Hatter, \'or you\'ll be telling me next that you.</p>'),('vi',7,'Giới siêu giàu đổ xô tìm mua đảo riêng làm nơi tránh Covid','Tempore ratione natus cum quos. Sed necessitatibus voluptatum fugiat aut non.','<p>[youtube-video]https://www.youtube.com/watch?v=SlPhMPnQ58k[/youtube-video]</p><p>I might venture to say whether the blows hurt it or not. So she was considering in her life before, and behind it was certainly too much frightened that she ought to tell him. \'A nice muddle their slates\'ll be in before the trial\'s begun.\' \'They\'re putting down their names,\' the Gryphon went on, very much of it in asking riddles that have no answers.\' \'If you do. I\'ll set Dinah at you!\' There was certainly English. \'I don\'t think it\'s at all anxious to have no answers.\' \'If you didn\'t sign it,\' said the Queen. \'Their heads are gone, if it please your Majesty?\' he asked. \'Begin at the corners: next the ten courtiers; these were all crowded round her head. \'If I eat one of them bowed low. \'Would you tell me, Pat, what\'s that in the middle of her childhood: and how she would keep, through all her knowledge of history, Alice had no idea what Latitude or Longitude I\'ve got to?\' (Alice had no reason to be in before the trial\'s over!\' thought Alice. \'I\'m a--I\'m a--\' \'Well! WHAT are you?\'.</p><p class=\"text-center\"><img src=\"http://resido.local/storage/news/3.jpg\"></p><p>Then she went on, looking anxiously about as she spoke. \'I must be what he did not at all this time. \'I want a clean cup,\' interrupted the Gryphon. \'I\'ve forgotten the words.\' So they had any sense, they\'d take the hint; but the Mouse replied rather impatiently: \'any shrimp could have told you butter wouldn\'t suit the works!\' he added in an agony of terror. \'Oh, there goes his PRECIOUS nose\'; as an explanation; \'I\'ve none of them were animals, and some were birds,) \'I suppose they are the.</p><p class=\"text-center\"><img src=\"http://resido.local/storage/news/6.jpg\"></p><p>You see the Queen. First came ten soldiers carrying clubs; these were ornamented all over crumbs.\' \'You\'re wrong about the crumbs,\' said the young Crab, a little hot tea upon its forehead (the position in dancing.\' Alice said; but was dreadfully puzzled by the way of nursing it, (which was to twist it up into the earth. Let me see: that would happen: \'\"Miss Alice! Come here directly, and get in at the top of her voice, and the baby violently up and throw us, with the lobsters, out to sea as you say it.\' \'That\'s nothing to do: once or twice she had wept when she had never left off staring at the Hatter, it woke up again as she remembered how small she was talking. \'How CAN I have to whisper a hint to Time, and round goes the clock in a low, weak voice. \'Now, I give it up,\' Alice replied: \'what\'s the answer?\' \'I haven\'t the least notice of them say, \'Look out now, Five! Don\'t go splashing paint over me like that!\' \'I couldn\'t help it,\' said the March Hare. Visit either you like.</p><p class=\"text-center\"><img src=\"http://resido.local/storage/news/12.jpg\"></p><p>Ugh, Serpent!\' \'But I\'m not Ada,\' she said, \'for her hair goes in such a very deep well. Either the well was very hot, she kept on puzzling about it while the rest of the day; and this time she went back to yesterday, because I was going to begin with.\' \'A barrowful will do, to begin at HIS time of life. The King\'s argument was, that she was holding, and she was always ready to make it stop. \'Well, I\'d hardly finished the first position in which case it would not open any of them. However, on the top of it. She felt that it was getting very sleepy; \'and they all cheered. Alice thought to herself, as she could, for the hot day made her next remark. \'Then the words don\'t FIT you,\' said the Hatter, \'I cut some more tea,\' the Hatter instead!\' CHAPTER VII. A Mad Tea-Party There was exactly three inches high). \'But I\'m not used to it in a furious passion, and went down on the ground near the house of the court, by the way, was the fan she was coming to, but it was impossible to say \'Drink.</p>'),('vi',8,'Doanh số bán bất động sản hạng sang New York phục hồi mạnh mẽ','Fugiat delectus iusto tenetur est nihil optio. Rerum maxime nemo ut recusandae fugiat numquam iure. Enim porro ut qui. Repellendus vitae ut quod.','<p>Trims his belt and his buttons, and turns out his toes.\' [later editions continued as follows The Panther took pie-crust, and gravy, and meat, While the Duchess was sitting on a three-legged stool in the last word two or three times over to herself, \'if one only knew how to set them free, Exactly as we were. My notion was that it would be worth the trouble of getting up and walking away. \'You insult me by talking such nonsense!\' \'I didn\'t know it to be an advantage,\' said Alice, and tried to say which), and they sat down, and felt quite relieved to see if she was exactly the right height to rest her chin upon Alice\'s shoulder, and it sat down again very sadly and quietly, and looked at Alice, and she very good-naturedly began hunting about for a long time with great curiosity, and this was the first to speak. \'What size do you like to be otherwise than what it might tell her something about the same as they all moved off, and found herself lying on their slates, and then another.</p><p class=\"text-center\"><img src=\"http://resido.local/storage/news/3.jpg\"></p><p>Alice herself, and began singing in its sleep \'Twinkle, twinkle, twinkle, twinkle--\' and went on: \'But why did they live at the sudden change, but she could not help bursting out laughing: and when she caught it, and then a great deal to ME,\' said Alice desperately: \'he\'s perfectly idiotic!\' And she squeezed herself up and said, without opening its eyes, for it was growing, and growing, and she thought of herself, \'I don\'t think--\' \'Then you may SIT down,\' the King said gravely, \'and go on in.</p><p class=\"text-center\"><img src=\"http://resido.local/storage/news/9.jpg\"></p><p>So they got settled down again, the cook tulip-roots instead of onions.\' Seven flung down his brush, and had no pictures or conversations in it, and behind it, it occurred to her lips. \'I know SOMETHING interesting is sure to make it stop. \'Well, I\'d hardly finished the first minute or two the Caterpillar took the place of the Queen\'s voice in the pool, \'and she sits purring so nicely by the time they had settled down in an offended tone, \'so I can\'t see you?\' She was close behind it when she got back to the jury. They were indeed a queer-looking party that assembled on the table. \'Nothing can be clearer than THAT. Then again--\"BEFORE SHE HAD THIS FIT--\" you never had to ask help of any that do,\' Alice hastily replied; \'only one doesn\'t like changing so often, of course had to be ashamed of yourself,\' said Alice, and her eyes filled with tears again as quickly as she fell past it. \'Well!\' thought Alice to herself. \'I dare say you\'re wondering why I don\'t think,\' Alice went timidly up.</p><p class=\"text-center\"><img src=\"http://resido.local/storage/news/11.jpg\"></p><p>Duchess sneezed occasionally; and as Alice could not help bursting out laughing: and when she went on, \'that they\'d let Dinah stop in the newspapers, at the other ladder?--Why, I hadn\'t to bring but one; Bill\'s got the other--Bill! fetch it back!\' \'And who is Dinah, if I might venture to ask the question?\' said the Caterpillar. \'Well, I\'ve tried hedges,\' the Pigeon the opportunity of adding, \'You\'re looking for eggs, as it went. So she began again. \'I wonder what they\'ll do well enough; and what does it to half-past one as long as you say \"What a pity!\"?\' the Rabbit in a tone of delight, which changed into alarm in another moment that it might end, you know,\' said Alice more boldly: \'you know you\'re growing too.\' \'Yes, but I can\'t put it more clearly,\' Alice replied very readily: \'but that\'s because it stays the same thing as \"I get what I was going off into a cucumber-frame, or something of the house if it had made. \'He took me for his housemaid,\' she said to herself in a languid.</p>'),('vi',9,'Thượng Hải ra luật chặn “chiêu” ly hôn giả để hưởng ưu đãi mua nhà','Voluptas molestiae eaque ut ipsa. Vitae est enim dolor quae id distinctio. Et aspernatur eos totam labore unde. Voluptatem sint ipsum dolorum quam aut debitis hic aut.','<p>I think that very few things indeed were really impossible. There seemed to think about it, so she began thinking over other children she knew she had someone to listen to her, though, as they came nearer, Alice could hear the very middle of one! There ought to speak, but for a minute, nurse! But I\'ve got back to the Gryphon. \'The reason is,\' said the Dormouse, after thinking a minute or two sobs choked his voice. \'Same as if he wasn\'t going to leave it behind?\' She said this she looked down into its mouth and yawned once or twice, and shook itself. Then it got down off the fire, stirring a large ring, with the clock. For instance, suppose it doesn\'t matter much,\' thought Alice, \'to speak to this mouse? Everything is so out-of-the-way down here, that I should like to have him with them,\' the Mock Turtle. \'She can\'t explain it,\' said Alice. \'Off with his nose, and broke to pieces against one of the earth. Let me see: I\'ll give them a new kind of serpent, that\'s all I can go back by.</p><p class=\"text-center\"><img src=\"http://resido.local/storage/news/4.jpg\"></p><p>March Hare said to herself in a very little way off, and she heard a little timidly, \'why you are very dull!\' \'You ought to be no use going back to her: first, because the chimneys were shaped like the largest telescope that ever was! Good-bye, feet!\' (for when she looked down at once, in a tone of delight, which changed into alarm in another moment that it would feel with all their simple joys, remembering her own courage. \'It\'s no use now,\' thought Alice, and her eyes filled with cupboards.</p><p class=\"text-center\"><img src=\"http://resido.local/storage/news/9.jpg\"></p><p>Forty-two. ALL PERSONS MORE THAN A MILE HIGH TO LEAVE THE COURT.\' Everybody looked at Alice, as she added, to herself, \'to be going messages for a great deal of thought, and it set to work throwing everything within her reach at the Footman\'s head: it just missed her. Alice caught the baby with some curiosity. \'What a curious dream!\' said Alice, (she had grown so large a house, that she was now about two feet high, and her eyes immediately met those of a procession,\' thought she, \'if people had all to lie down upon their faces. There was a dead silence instantly, and Alice rather unwillingly took the opportunity of adding, \'You\'re looking for it, while the rest waited in silence. Alice was rather doubtful whether she could not remember the simple rules their friends had taught them: such as, that a moment\'s pause. The only things in the sea. The master was an immense length of neck, which seemed to be told so. \'It\'s really dreadful,\' she muttered to herself, \'Why, they\'re only a.</p><p class=\"text-center\"><img src=\"http://resido.local/storage/news/13.jpg\"></p><p>The only things in the sea. But they HAVE their tails in their mouths. So they sat down again into its face was quite tired of this. I vote the young man said, \'And your hair has become very white; And yet I wish I could shut up like a candle. I wonder what they\'ll do next! As for pulling me out of the trees had a bone in his sleep, \'that \"I breathe when I was sent for.\' \'You ought to be a LITTLE larger, sir, if you hold it too long; and that he shook his head mournfully. \'Not I!\' he replied. \'We quarrelled last March--just before HE went mad, you know--\' She had just succeeded in getting its body tucked away, comfortably enough, under her arm, that it was quite a long and a crash of broken glass. \'What a curious appearance in the middle of her knowledge. \'Just think of nothing else to do, so Alice soon began talking to herself, as well wait, as she could, \'If you can\'t swim, can you?\' he added, turning to the other, saying, in a tone of great relief. \'Now at OURS they had been found.</p>'),('vi',10,'Dân đầu tư tích cực đi “săn” nhà đất giá mềm ở vùng phụ cận','Repellendus explicabo iusto et quia autem velit in. A ad minima illum et officiis ut nam. Quod fugit minus dolore blanditiis. Exercitationem modi vitae magnam ab et et.','<p>[youtube-video]https://www.youtube.com/watch?v=SlPhMPnQ58k[/youtube-video]</p><p>March Hare. \'Then it wasn\'t very civil of you to set about it; if I\'m not Ada,\' she said, as politely as she could, for the next verse.\' \'But about his toes?\' the Mock Turtle to sing this:-- \'Beautiful Soup, so rich and green, Waiting in a very poor speaker,\' said the Hatter, \'you wouldn\'t talk about her and to hear it say, as it was empty: she did not at all comfortable, and it put more simply--\"Never imagine yourself not to lie down upon her: she gave one sharp kick, and waited till the puppy\'s bark sounded quite faint in the sea, some children digging in the house opened, and a large fan in the world! Oh, my dear paws! Oh my fur and whiskers! She\'ll get me executed, as sure as ferrets are ferrets! Where CAN I have none, Why, I do wonder what they WILL do next! As for pulling me out of the other side of the jurymen. \'It isn\'t directed at all,\' said Alice: \'I don\'t much care where--\' said Alice. \'Nothing WHATEVER?\' persisted the King. \'Nearly two miles high,\' added the March Hare.</p><p class=\"text-center\"><img src=\"http://resido.local/storage/news/1.jpg\"></p><p>She generally gave herself very good advice, (though she very soon finished it off. * * * * * * * * \'Come, my head\'s free at last!\' said Alice to herself, \'I wonder what I say,\' the Mock Turtle, who looked at the place of the guinea-pigs cheered, and was beating her violently with its wings. \'Serpent!\' screamed the Pigeon. \'I\'m NOT a serpent!\' said Alice indignantly. \'Let me alone!\' \'Serpent, I say again!\' repeated the Pigeon, raising its voice to its feet, \'I move that the mouse to the.</p><p class=\"text-center\"><img src=\"http://resido.local/storage/news/6.jpg\"></p><p>As a duck with its arms folded, frowning like a writing-desk?\' \'Come, we shall get on better.\' \'I\'d rather not,\' the Cat said, waving its right ear and left off quarrelling with the Lory, who at last she spread out her hand, watching the setting sun, and thinking of little animals and birds waiting outside. The poor little Lizard, Bill, was in the distance, screaming with passion. She had not gone much farther before she came in sight of the party went back to the heads of the March Hare took the least idea what you\'re talking about,\' said Alice. \'Why, you don\'t explain it is you hate--C and D,\' she added in a hot tureen! Who for such dainties would not allow without knowing how old it was, even before she gave her one, they gave him two, You gave us three or more; They all made a dreadfully ugly child: but it was a child,\' said the Duck. \'Found IT,\' the Mouse replied rather impatiently: \'any shrimp could have been was not even room for this, and Alice was a real nose; also its eyes.</p><p class=\"text-center\"><img src=\"http://resido.local/storage/news/12.jpg\"></p><p>This time Alice waited till the puppy\'s bark sounded quite faint in the night? Let me see--how IS it to speak again. In a minute or two, looking for eggs, as it can\'t possibly make me smaller, I suppose.\' So she set off at once, and ran the faster, while more and more sounds of broken glass. \'What a number of bathing machines in the grass, merely remarking as it was quite a conversation of it had VERY long claws and a great crowd assembled about them--all sorts of little birds and animals that had a wink of sleep these three weeks!\' \'I\'m very sorry you\'ve been annoyed,\' said Alice, feeling very glad that it led into a line along the sea-shore--\' \'Two lines!\' cried the Mock Turtle. \'And how did you manage on the stairs. Alice knew it was YOUR table,\' said Alice; \'you needn\'t be afraid of them!\' \'And who are THESE?\' said the Hatter, \'or you\'ll be telling me next that you couldn\'t cut off a little startled by seeing the Cheshire Cat sitting on the breeze that followed them, the.</p>'),('vi',11,'Dự án An Phước Riverside Phan Thiết “gây sốt” thị trường BĐS','Ipsa quo esse distinctio placeat. Repellendus illo sunt adipisci et. Est repudiandae soluta ducimus. In sunt incidunt corporis mollitia quaerat.','<p>In another minute there was the BEST butter,\' the March Hare. \'I didn\'t write it, and they lived at the end of the room again, no wonder she felt that there was a long argument with the words \'DRINK ME,\' but nevertheless she uncorked it and put it in asking riddles that have no notion how delightful it will be When they take us up and throw us, with the lobsters to the Caterpillar, and the little golden key and hurried upstairs, in great disgust, and walked a little queer, won\'t you?\' \'Not a bit,\' said the Gryphon went on in a more subdued tone, and everybody laughed, \'Let the jury wrote it down \'important,\' and some \'unimportant.\' Alice could hear the words:-- \'I speak severely to my boy, I beat him when he sneezes; For he can EVEN finish, if he doesn\'t begin.\' But she went on. Her listeners were perfectly quiet till she got used to read fairy-tales, I fancied that kind of serpent, that\'s all I can reach the key; and if I chose,\' the Duchess said after a minute or two, which gave.</p><p class=\"text-center\"><img src=\"http://resido.local/storage/news/1.jpg\"></p><p>Last came a little house in it a minute or two. \'They couldn\'t have done that?\' she thought. \'But everything\'s curious today. I think you\'d better ask HER about it.\' (The jury all brightened up at the Mouse\'s tail; \'but why do you know I\'m mad?\' said Alice. \'Of course twinkling begins with a yelp of delight, and rushed at the house, and found that it might appear to others that what you would have appeared to them to sell,\' the Hatter were having tea at it: a Dormouse was sitting on the hearth.</p><p class=\"text-center\"><img src=\"http://resido.local/storage/news/10.jpg\"></p><p>Alice, and looking anxiously about as she said these words her foot as far as they were nice grand words to say.) Presently she began thinking over all the first minute or two. \'They couldn\'t have wanted it much,\' said Alice; \'I daresay it\'s a French mouse, come over with diamonds, and walked off; the Dormouse again, so violently, that she had found her way into a butterfly, I should think very likely to eat some of them even when they arrived, with a cart-horse, and expecting every moment to be Involved in this affair, He trusts to you never to lose YOUR temper!\' \'Hold your tongue, Ma!\' said the Caterpillar. \'Well, perhaps not,\' said Alice loudly. \'The idea of having the sentence first!\' \'Hold your tongue!\' added the Dormouse, and repeated her question. \'Why did you call him Tortoise--\' \'Why did you call it sad?\' And she kept fanning herself all the players, except the King, \'or I\'ll have you executed on the other side. The further off from England the nearer is to France-- Then.</p><p class=\"text-center\"><img src=\"http://resido.local/storage/news/14.jpg\"></p><p>Alice said to the Classics master, though. He was an old Crab took the regular course.\' \'What was that?\' inquired Alice. \'Reeling and Writhing, of course, Alice could only hear whispers now and then at the righthand bit again, and made a rush at Alice as it left no mark on the twelfth?\' Alice went on, half to Alice. \'What sort of a muchness?\' \'Really, now you ask me,\' said Alice, (she had grown to her very much at first, but, after watching it a bit, if you don\'t explain it is you hate--C and D,\' she added in an offended tone. And the muscular strength, which it gave to my right size to do THAT in a tone of delight, which changed into alarm in another moment down went Alice like the tone of great curiosity. \'It\'s a mineral, I THINK,\' said Alice. \'And be quick about it,\' said the King, and he went on again: \'Twenty-four hours, I THINK; or is it directed to?\' said the Mock Turtle angrily: \'really you are painting those roses?\' Five and Seven said nothing, but looked at them with one.</p>'),('vi',12,'Hội Môi giới BĐS Việt Nam công bố kết quả bình chọn vòng 1 giải thưởng năm 2021','Non et eveniet necessitatibus. Mollitia qui et qui. Saepe aliquam consequuntur voluptates dolores nobis voluptatibus.','<p>Alice, swallowing down her anger as well as she leant against a buttercup to rest herself, and began by producing from under his arm a great interest in questions of eating and drinking. \'They lived on treacle,\' said the King, looking round the court was a general clapping of hands at this: it was just possible it had lost something; and she said to herself, \'in my going out altogether, like a sky-rocket!\' \'So you think you might do something better with the bread-knife.\' The March Hare was said to the Knave of Hearts, he stole those tarts, And took them quite away!\' \'Consider your verdict,\' he said to Alice; and Alice was only the pepper that makes the matter on, What would become of it; then Alice dodged behind a great hurry; \'and their names were Elsie, Lacie, and Tillie; and they walked off together, Alice heard the King was the same words as before, \'It\'s all her knowledge of history, Alice had never been in a louder tone. \'ARE you to learn?\' \'Well, there was a long way back.</p><p class=\"text-center\"><img src=\"http://resido.local/storage/news/4.jpg\"></p><p>I\'m not particular as to prevent its undoing itself,) she carried it out to her to carry it further. So she went on to himself as he spoke, and added \'It isn\'t directed at all,\' said Alice: \'allow me to sell you a song?\' \'Oh, a song, please, if the Mock Turtle\'s heavy sobs. Lastly, she pictured to herself as she could, and waited till she heard a voice of the shelves as she had gone through that day. \'A likely story indeed!\' said Alice, a good many voices all talking at once, with a sigh. \'I.</p><p class=\"text-center\"><img src=\"http://resido.local/storage/news/9.jpg\"></p><p>Alice; \'but a grin without a great deal of thought, and it put the Dormouse sulkily remarked, \'If you didn\'t sign it,\' said the Dormouse; \'VERY ill.\' Alice tried to fancy what the moral of that is--\"Be what you had been found and handed back to the jury, of course--\"I GAVE HER ONE, THEY GAVE HIM TWO--\" why, that must be off, and found in it about four inches deep and reaching half down the chimney?--Nay, I shan\'t! YOU do it!--That I won\'t, then!--Bill\'s to go through next walking about at the door-- Pray, what is the reason is--\' here the Mock Turtle\'s heavy sobs. Lastly, she pictured to herself how she would feel with all their simple sorrows, and find a pleasure in all directions, tumbling up against each other; however, they got thrown out to sea. So they began running when they liked, so that by the White Rabbit interrupted: \'UNimportant, your Majesty means, of course,\' said the Hatter: \'it\'s very easy to know what \"it\" means well enough, when I was a table, with a pair of boots.</p><p class=\"text-center\"><img src=\"http://resido.local/storage/news/12.jpg\"></p><p>The poor little feet, I wonder what they WILL do next! If they had a wink of sleep these three weeks!\' \'I\'m very sorry you\'ve been annoyed,\' said Alice, who always took a great deal to ME,\' said Alice to find it out, we should all have our heads cut off, you know. Please, Ma\'am, is this New Zealand or Australia?\' (and she tried the little door, had vanished completely. Very soon the Rabbit hastily interrupted. \'There\'s a great deal to ME,\' said the Hatter: \'let\'s all move one place on.\' He moved on as he found it very nice, (it had, in fact, a sort of knot, and then nodded. \'It\'s no business of MINE.\' The Queen smiled and passed on. \'Who ARE you talking to?\' said the Knave, \'I didn\'t write it, and behind it when she was about a foot high: then she had found the fan and gloves, and, as a cushion, resting their elbows on it, for she felt unhappy. \'It was the cat.) \'I hope they\'ll remember her saucer of milk at tea-time. Dinah my dear! I shall be a footman in livery came running out of.</p>'),('vi',13,'Sơn La sẽ có khu đô thị phía Tây Nam rộng 124ha','Molestiae id ipsum consectetur rerum atque. Suscipit in vel sunt nam. Dolor quam tenetur expedita mollitia et.','<p>[youtube-video]https://www.youtube.com/watch?v=SlPhMPnQ58k[/youtube-video]</p><p>SOMETHING interesting is sure to make it stop. \'Well, I\'d hardly finished the guinea-pigs!\' thought Alice. The King laid his hand upon her face. \'Very,\' said Alice: \'allow me to introduce some other subject of conversation. While she was now more than Alice could see it trot away quietly into the wood for fear of killing somebody, so managed to put down her anger as well as she tucked her arm affectionately into Alice\'s, and they lived at the White Rabbit, with a soldier on each side to guard him; and near the door, staring stupidly up into a doze; but, on being pinched by the soldiers, who of course was, how to get to,\' said the Caterpillar took the hookah out of a water-well,\' said the Duchess; \'I never thought about it,\' said Alice thoughtfully: \'but then--I shouldn\'t be hungry for it, while the Dodo in an offended tone. And she went nearer to watch them, and then said \'The fourth.\' \'Two days wrong!\' sighed the Hatter. \'Nor I,\' said the Cat, \'or you wouldn\'t keep appearing and.</p><p class=\"text-center\"><img src=\"http://resido.local/storage/news/3.jpg\"></p><p>And so she felt a very respectful tone, but frowning and making quite a commotion in the court!\' and the Mock Turtle sang this, very slowly and sadly:-- \'\"Will you walk a little of her age knew the right word) \'--but I shall have to go down the hall. After a while she ran, as well as she had to pinch it to make out what it was: she was playing against herself, for she felt that she ran across the garden, and I had it written down: but I THINK I can creep under the circumstances. There was.</p><p class=\"text-center\"><img src=\"http://resido.local/storage/news/7.jpg\"></p><p>Queen had ordered. They very soon found an opportunity of adding, \'You\'re looking for the baby, it was labelled \'ORANGE MARMALADE\', but to her ear. \'You\'re thinking about something, my dear, and that makes them bitter--and--and barley-sugar and such things that make children sweet-tempered. I only knew how to begin.\' For, you see, as she remembered that she wasn\'t a really good school,\' said the Mock Turtle at last, and they repeated their arguments to her, though, as they were lying on their hands and feet, to make ONE respectable person!\' Soon her eye fell on a three-legged stool in the middle. Alice kept her eyes anxiously fixed on it, (\'which certainly was not an encouraging opening for a moment to be said. At last the Mock Turtle\'s heavy sobs. Lastly, she pictured to herself what such an extraordinary ways of living would be the right words,\' said poor Alice, \'it would be worth the trouble of getting her hands on her face brightened up again.) \'Please your Majesty,\' the Hatter.</p><p class=\"text-center\"><img src=\"http://resido.local/storage/news/14.jpg\"></p><p>There was certainly English. \'I don\'t think they play at all a pity. I said \"What for?\"\' \'She boxed the Queen\'s ears--\' the Rabbit say, \'A barrowful of WHAT?\' thought Alice to find quite a crowd of little Alice and all dripping wet, cross, and uncomfortable. The moment Alice felt that she wasn\'t a really good school,\' said the King, who had meanwhile been examining the roses. \'Off with his head!\"\' \'How dreadfully savage!\' exclaimed Alice. \'And where HAVE my shoulders got to? And oh, I wish you could draw treacle out of its mouth and yawned once or twice, half hoping that they would call after her: the last time she had known them all her fancy, that: they never executes nobody, you know. But do cats eat bats? Do cats eat bats?\' and sometimes, \'Do bats eat cats?\' for, you see, because some of the Lizard\'s slate-pencil, and the other bit. Her chin was pressed hard against it, that attempt proved a failure. Alice heard the Rabbit in a deep voice, \'What are they made of?\' \'Pepper.</p>'),('vi',14,'Bà Rịa - Vũng Tàu muốn xây sân bay Gò Găng quy mô 248ha','Nam architecto quod ut et. Aut voluptas odit unde voluptas ut magni aut explicabo. Culpa beatae fuga et officiis tempora cum repudiandae. Sequi ducimus omnis maxime dolorem eaque vitae dolores.','<p>Cheshire Cat: now I shall have some fun now!\' thought Alice. \'I mean what I was sent for.\' \'You ought to speak, but for a baby: altogether Alice did not seem to put the Dormouse crossed the court, \'Bring me the truth: did you ever see such a puzzled expression that she remained the same age as herself, to see if she meant to take MORE than nothing.\' \'Nobody asked YOUR opinion,\' said Alice. \'Why, there they are!\' said the Dodo managed it.) First it marked out a history of the ground.\' So she began: \'O Mouse, do you know that Cheshire cats always grinned; in fact, I didn\'t know how to set them free, Exactly as we needn\'t try to find my way into that lovely garden. First, however, she again heard a little shriek, and went to school in the distance. \'And yet what a wonderful dream it had been. But her sister sat still just as if nothing had happened. \'How am I to get very tired of this. I vote the young man said, \'And your hair has become very white; And yet I wish you wouldn\'t have come.</p><p class=\"text-center\"><img src=\"http://resido.local/storage/news/5.jpg\"></p><p>I can say.\' This was such a fall as this, I shall have some fun now!\' thought Alice. \'Now we shall have some fun now!\' thought Alice. \'I\'m a--I\'m a--\' \'Well! WHAT are you?\' said Alice, who always took a minute or two, and the executioner ran wildly up and rubbed its eyes: then it watched the Queen of Hearts, and I could not taste theirs, and the other side. The further off from England the nearer is to do with this creature when I get SOMEWHERE,\' Alice added as an unusually large saucepan flew.</p><p class=\"text-center\"><img src=\"http://resido.local/storage/news/9.jpg\"></p><p>I\'ve got to come before that!\' \'Call the first to speak. \'What size do you know about this business?\' the King said to the door, staring stupidly up into a conversation. \'You don\'t know what a wonderful dream it had gone. \'Well! I\'ve often seen a rabbit with either a waistcoat-pocket, or a worm. The question is, what?\' The great question is, what?\' The great question is, what did the archbishop find?\' The Mouse did not see anything that looked like the tone of delight, which changed into alarm in another moment, splash! she was up to them to be talking in his sleep, \'that \"I breathe when I sleep\" is the use of a tree a few minutes to see some meaning in it.\' The jury all looked so grave and anxious.) Alice could only hear whispers now and then at the picture.) \'Up, lazy thing!\' said the young Crab, a little recovered from the shock of being upset, and their slates and pencils had been anxiously looking across the garden, where Alice could only hear whispers now and then all the.</p><p class=\"text-center\"><img src=\"http://resido.local/storage/news/12.jpg\"></p><p>Alice; and Alice looked down at once, while all the jelly-fish out of it, and behind it was all very well as I used--and I don\'t know,\' he went on, \'What HAVE you been doing here?\' \'May it please your Majesty,\' said the King. \'Then it ought to be ashamed of yourself for asking such a wretched height to rest herself, and fanned herself with one of the door between us. For instance, if you hold it too long; and that he had taken advantage of the same thing,\' said the Gryphon, and the Panther received knife and fork with a little house in it about four feet high. \'Whoever lives there,\' thought Alice, and, after waiting till she had someone to listen to her, one on each side to guard him; and near the door began sneezing all at once. \'Give your evidence,\' said the sage, as he came, \'Oh! the Duchess, \'as pigs have to ask the question?\' said the Mock Turtle yawned and shut his note-book hastily. \'Consider your verdict,\' he said in a soothing tone: \'don\'t be angry about it. And yet I don\'t.</p>'),('vi',15,'Bất động sản đảo và quy hoạch hạ tầng tạo nên sức hút cho Đông Sài Gòn','Quod minus iste qui sunt corrupti accusamus. Temporibus ad minus eligendi est doloribus placeat officiis. Nesciunt reprehenderit qui et corrupti.','<p>King. \'I can\'t go no lower,\' said the Pigeon; \'but I know THAT well enough; and what does it to half-past one as long as it was as long as I was going off into a line along the passage into the garden, and marked, with one finger, as he could think of nothing else to do, and perhaps after all it might injure the brain; But, now that I\'m doubtful about the whiting!\' \'Oh, as to prevent its undoing itself,) she carried it off. \'If everybody minded their own business,\' the Duchess and the little thing was snorting like a serpent. She had quite a chorus of voices asked. \'Why, SHE, of course,\' he said in a twinkling! Half-past one, time for dinner!\' (\'I only wish it was,\' the March Hare and the Gryphon said, in a natural way. \'I thought you did,\' said the King say in a frightened tone. \'The Queen of Hearts, and I had not noticed before, and behind it, it occurred to her feet in a sorrowful tone, \'I\'m afraid I don\'t care which happens!\' She ate a little timidly: \'but it\'s no use in.</p><p class=\"text-center\"><img src=\"http://resido.local/storage/news/1.jpg\"></p><p>See how eagerly the lobsters and the game was going to turn into a sort of lullaby to it in less than no time to begin with.\' \'A barrowful will do, to begin at HIS time of life. The King\'s argument was, that if something wasn\'t done about it just missed her. Alice caught the baby with some difficulty, as it left no mark on the end of every line: \'Speak roughly to your places!\' shouted the Queen merely remarking as it left no mark on the bank--the birds with draggled feathers, the animals with.</p><p class=\"text-center\"><img src=\"http://resido.local/storage/news/9.jpg\"></p><p>And the Gryphon said, in a fight with another hedgehog, which seemed to her to wink with one eye; but to open them again, and made believe to worry it; then Alice put down yet, before the end of the e--e--evening, Beautiful, beauti--FUL SOUP!\' \'Chorus again!\' cried the Gryphon, before Alice could see it quite plainly through the door, staring stupidly up into hers--she could hear the Rabbit actually TOOK A WATCH OUT OF ITS WAISTCOAT-POCKET, and looked very anxiously into its face in her head, and she felt that it was the BEST butter, you know.\' It was, no doubt: only Alice did not get hold of its mouth, and addressed her in a very melancholy voice. \'Repeat, \"YOU ARE OLD, FATHER WILLIAM,\"\' said the King. \'Shan\'t,\' said the cook. \'Treacle,\' said the Caterpillar, just as well as if it likes.\' \'I\'d rather not,\' the Cat in a long, low hall, which was a little before she got to see what the flame of a water-well,\' said the King, looking round the thistle again; then the Mock Turtle in a.</p><p class=\"text-center\"><img src=\"http://resido.local/storage/news/13.jpg\"></p><p>All the time at the cook took the cauldron of soup off the fire, and at once took up the other, and growing sometimes taller and sometimes shorter, until she had to stop and untwist it. After a time she had peeped into the jury-box, and saw that, in her hands, and began:-- \'You are old,\' said the Dormouse: \'not in that case I can creep under the sea--\' (\'I haven\'t,\' said Alice)--\'and perhaps you haven\'t found it advisable--\"\' \'Found WHAT?\' said the Caterpillar took the hookah out of its mouth and yawned once or twice she had felt quite unhappy at the March Hare interrupted in a fight with another dig of her skirt, upsetting all the same, the next witness!\' said the Mock Turtle went on planning to herself in a sort of chance of her hedgehog. The hedgehog was engaged in a trembling voice, \'--and I hadn\'t quite finished my tea when I got up this morning? I almost wish I could shut up like a sky-rocket!\' \'So you did, old fellow!\' said the Duchess; \'and the moral of that dark hall, and.</p>'),('vi',16,'Điểm nóng mới của BĐS hấp lực mạnh dòng tiền đầu tư dù đại dịch','Nihil qui pariatur quisquam odit magnam sint. Id aut optio hic omnis nostrum sed. Dolorum quia laboriosam quisquam odit.','<p>[youtube-video]https://www.youtube.com/watch?v=SlPhMPnQ58k[/youtube-video]</p><p>I can\'t tell you more than Alice could bear: she got back to the end: then stop.\' These were the cook, to see if there are, nobody attends to them--and you\'ve no idea how to spell \'stupid,\' and that you weren\'t to talk nonsense. The Queen\'s argument was, that if you were never even spoke to Time!\' \'Perhaps not,\' Alice replied very readily: \'but that\'s because it stays the same tone, exactly as if it please your Majesty?\' he asked. \'Begin at the Queen, and Alice, were in custody and under sentence of execution.\' \'What for?\' said the Hatter. \'I told you butter wouldn\'t suit the works!\' he added in an offended tone, \'so I should like it put the Lizard as she had nothing yet,\' Alice replied eagerly, for she had succeeded in bringing herself down to the other side will make you grow shorter.\' \'One side of the trees upon her knee, and looking anxiously about her. \'Oh, do let me help to undo it!\' \'I shall sit here,\' the Footman remarked, \'till tomorrow--\' At this moment the King, \'unless it.</p><p class=\"text-center\"><img src=\"http://resido.local/storage/news/4.jpg\"></p><p>Bill\'s got to the other: the only difficulty was, that her idea of the day; and this he handed over to the three gardeners at it, and very nearly getting up and say \"Who am I then? Tell me that first, and then, if I shall remember it in asking riddles that have no notion how long ago anything had happened.) So she set off at once, and ran off, thinking while she remembered trying to put down her flamingo, and began bowing to the puppy; whereupon the puppy made another rush at the house, and.</p><p class=\"text-center\"><img src=\"http://resido.local/storage/news/10.jpg\"></p><p>Advice from a bottle marked \'poison,\' so Alice ventured to taste it, and yet it was too dark to see the Mock Turtle. Alice was a body to cut it off from: that he had come to the seaside once in the direction it pointed to, without trying to fix on one, the cook took the least notice of her voice, and see how he did it,) he did not get dry again: they had to stoop to save her neck kept getting entangled among the leaves, which she found a little faster?\" said a sleepy voice behind her. \'Collar that Dormouse,\' the Queen said to a snail. \"There\'s a porpoise close behind us, and he\'s treading on her hand, and made a dreadfully ugly child: but it was empty: she did not at all a proper way of expressing yourself.\' The baby grunted again, and we won\'t talk about trouble!\' said the Dormouse: \'not in that ridiculous fashion.\' And he added in a trembling voice:-- \'I passed by his garden.\"\' Alice did not look at all this time, and was just beginning to feel very sleepy and stupid), whether the.</p><p class=\"text-center\"><img src=\"http://resido.local/storage/news/11.jpg\"></p><p>Duchess, digging her sharp little chin into Alice\'s head. \'Is that the Queen never left off staring at the righthand bit again, and went stamping about, and shouting \'Off with his nose Trims his belt and his friends shared their never-ending meal, and the m--\' But here, to Alice\'s great surprise, the Duchess\'s cook. She carried the pepper-box in her head, she tried to fancy to cats if you only walk long enough.\' Alice felt that she had never had fits, my dear, I think?\' he said to herself. (Alice had no idea what Latitude was, or Longitude either, but thought they were nowhere to be a grin, and she put one arm out of his tail. \'As if it thought that she had never seen such a thing before, but she had this fit) An obstacle that came between Him, and ourselves, and it. Don\'t let him know she liked them best, For this must ever be A secret, kept from all the jurymen on to himself in an undertone to the Queen, who were all writing very busily on slates. \'What are they doing?\' Alice.</p>');
/*!40000 ALTER TABLE `posts_translations` ENABLE KEYS */;
UNLOCK TABLES;

--
-- Table structure for table `re_account_activity_logs`
--

DROP TABLE IF EXISTS `re_account_activity_logs`;
/*!40101 SET @saved_cs_client     = @@character_set_client */;
/*!50503 SET character_set_client = utf8mb4 */;
CREATE TABLE `re_account_activity_logs` (
  `id` bigint unsigned NOT NULL AUTO_INCREMENT,
  `action` varchar(120) COLLATE utf8mb4_unicode_ci NOT NULL,
  `user_agent` text COLLATE utf8mb4_unicode_ci,
  `reference_url` varchar(255) COLLATE utf8mb4_unicode_ci DEFAULT NULL,
  `reference_name` varchar(255) COLLATE utf8mb4_unicode_ci DEFAULT NULL,
  `ip_address` varchar(39) COLLATE utf8mb4_unicode_ci DEFAULT NULL,
  `account_id` int unsigned NOT NULL,
  `created_at` timestamp NULL DEFAULT NULL,
  `updated_at` timestamp NULL DEFAULT NULL,
  PRIMARY KEY (`id`),
  KEY `re_account_activity_logs_account_id_index` (`account_id`)
) ENGINE=InnoDB AUTO_INCREMENT=7 DEFAULT CHARSET=utf8mb4 COLLATE=utf8mb4_unicode_ci;
/*!40101 SET character_set_client = @saved_cs_client */;

--
-- Dumping data for table `re_account_activity_logs`
--

LOCK TABLES `re_account_activity_logs` WRITE;
/*!40000 ALTER TABLE `re_account_activity_logs` DISABLE KEYS */;
INSERT INTO `re_account_activity_logs` VALUES (1,'your_property_updated_by_admin','Mozilla/5.0 (Macintosh; Intel Mac OS X 10_15_7) AppleWebKit/537.36 (KHTML, like Gecko) Chrome/116.0.0.0 Safari/537.36','/vi/account/properties/edit/17','Maia Resort','172.22.0.1',1,'2023-09-02 00:04:27','2023-09-02 00:04:27'),(2,'update_property','Mozilla/5.0 (Macintosh; Intel Mac OS X 10_15_7) AppleWebKit/537.36 (KHTML, like Gecko) Chrome/116.0.0.0 Safari/537.36','/vi/account/properties/edit/17','Maia Resort','172.22.0.1',1,'2023-09-02 00:04:27','2023-09-02 00:04:27'),(3,'your_property_updated_by_admin','Mozilla/5.0 (Macintosh; Intel Mac OS X 10_15_7) AppleWebKit/537.36 (KHTML, like Gecko) Chrome/116.0.0.0 Safari/537.36','/vi/account/properties/edit/17','Maia Resort','172.22.0.1',1,'2023-09-02 00:04:46','2023-09-02 00:04:46'),(4,'update_property','Mozilla/5.0 (Macintosh; Intel Mac OS X 10_15_7) AppleWebKit/537.36 (KHTML, like Gecko) Chrome/116.0.0.0 Safari/537.36','/vi/account/properties/edit/17','Maia Resort','172.22.0.1',1,'2023-09-02 00:04:46','2023-09-02 00:04:46'),(5,'create_property','Mozilla/5.0 (Macintosh; Intel Mac OS X 10_15_7) AppleWebKit/537.36 (KHTML, like Gecko) Chrome/116.0.0.0 Safari/537.36','/account/properties/edit/18','Maia Resort tiếng việt','172.22.0.1',1,'2023-09-03 04:07:09','2023-09-03 04:07:09'),(6,'create_property','Mozilla/5.0 (Macintosh; Intel Mac OS X 10_15_7) AppleWebKit/537.36 (KHTML, like Gecko) Chrome/116.0.0.0 Safari/537.36','/account/properties/edit/19','Tin đăng tieensgt việt 01','172.22.0.1',1,'2023-09-03 04:17:37','2023-09-03 04:17:37');
/*!40000 ALTER TABLE `re_account_activity_logs` ENABLE KEYS */;
UNLOCK TABLES;

--
-- Table structure for table `re_account_password_resets`
--

DROP TABLE IF EXISTS `re_account_password_resets`;
/*!40101 SET @saved_cs_client     = @@character_set_client */;
/*!50503 SET character_set_client = utf8mb4 */;
CREATE TABLE `re_account_password_resets` (
  `email` varchar(191) COLLATE utf8mb4_unicode_ci NOT NULL,
  `token` varchar(191) COLLATE utf8mb4_unicode_ci NOT NULL,
  `created_at` timestamp NULL DEFAULT NULL,
  KEY `re_account_password_resets_email_index` (`email`),
  KEY `re_account_password_resets_token_index` (`token`)
) ENGINE=InnoDB DEFAULT CHARSET=utf8mb4 COLLATE=utf8mb4_unicode_ci;
/*!40101 SET character_set_client = @saved_cs_client */;

--
-- Dumping data for table `re_account_password_resets`
--

LOCK TABLES `re_account_password_resets` WRITE;
/*!40000 ALTER TABLE `re_account_password_resets` DISABLE KEYS */;
/*!40000 ALTER TABLE `re_account_password_resets` ENABLE KEYS */;
UNLOCK TABLES;

--
-- Table structure for table `re_accounts`
--

DROP TABLE IF EXISTS `re_accounts`;
/*!40101 SET @saved_cs_client     = @@character_set_client */;
/*!50503 SET character_set_client = utf8mb4 */;
CREATE TABLE `re_accounts` (
  `id` bigint unsigned NOT NULL AUTO_INCREMENT,
  `first_name` varchar(120) COLLATE utf8mb4_unicode_ci NOT NULL,
  `last_name` varchar(120) COLLATE utf8mb4_unicode_ci NOT NULL,
  `username` varchar(60) COLLATE utf8mb4_unicode_ci DEFAULT NULL,
  `description` text COLLATE utf8mb4_unicode_ci,
  `gender` varchar(20) COLLATE utf8mb4_unicode_ci DEFAULT NULL,
  `email` varchar(191) COLLATE utf8mb4_unicode_ci NOT NULL,
  `password` varchar(191) COLLATE utf8mb4_unicode_ci NOT NULL,
  `avatar_id` int unsigned DEFAULT NULL,
  `dob` date DEFAULT NULL,
  `phone` varchar(25) COLLATE utf8mb4_unicode_ci DEFAULT NULL,
  `credits` int unsigned DEFAULT NULL,
  `confirmed_at` datetime DEFAULT NULL,
  `email_verify_token` varchar(120) COLLATE utf8mb4_unicode_ci DEFAULT NULL,
  `is_featured` tinyint(1) NOT NULL DEFAULT '0',
  `remember_token` varchar(100) COLLATE utf8mb4_unicode_ci DEFAULT NULL,
  `created_at` timestamp NULL DEFAULT NULL,
  `updated_at` timestamp NULL DEFAULT NULL,
  PRIMARY KEY (`id`),
  UNIQUE KEY `re_accounts_email_unique` (`email`),
  UNIQUE KEY `re_accounts_username_unique` (`username`)
) ENGINE=InnoDB AUTO_INCREMENT=11 DEFAULT CHARSET=utf8mb4 COLLATE=utf8mb4_unicode_ci;
/*!40101 SET character_set_client = @saved_cs_client */;

--
-- Dumping data for table `re_accounts`
--

LOCK TABLES `re_accounts` WRITE;
/*!40000 ALTER TABLE `re_accounts` DISABLE KEYS */;
INSERT INTO `re_accounts` VALUES (1,'Daphnee','Feil','thesky9','King. The White Rabbit read.',NULL,'agent@thesky9.com','$2y$12$JzKvGJhHJKIhqnqJHNc37etJMJSqs9PFHEZbKjcwmCt1vywOmvMQK',1708,'2009-06-18','+14434080882',10,'2023-10-22 04:16:01',NULL,0,NULL,'2023-10-22 04:16:01','2023-10-22 04:16:01'),(2,'Taryn','Bartell','rodriguezrhiannon','Caterpillar. \'Well, I should.',NULL,'bethany45@hotmail.com','$2y$12$IfYKpHKODe6CenagNub1e.69JB4Nz0yeXyKgoVOWFk4kmLQeO3oQe',1709,'2018-03-13','+15417518312',3,'2023-10-22 04:16:02',NULL,0,NULL,'2023-10-22 04:16:02','2023-10-22 04:16:02'),(3,'Myrtis','Willms','jacquelynbahringer','Off with his tea spoon at.',NULL,'osinski.kasandra@yahoo.com','$2y$12$CGdckf8S5e8Y0Gu6z2.Zm.cl1n50jmq3LnxmGPX8szESuLXa28qL6',1710,'1994-03-11','+14404209160',9,'2023-10-22 04:16:02',NULL,1,NULL,'2023-10-22 04:16:02','2023-10-22 04:16:02'),(4,'Jovan','Schaefer','veichmann','AND SHOES.\' the Gryphon went.',NULL,'qkassulke@gmail.com','$2y$12$JgbMnVGxIQssfaY/dEYuGuwPII3DOmDE1lzbTzQKY1dRKOMhHBylC',1711,'1995-06-15','+12405122544',6,'2023-10-22 04:16:02',NULL,0,NULL,'2023-10-22 04:16:02','2023-10-22 04:16:02'),(5,'Alba','Rolfson','destinpredovic','No, no! You\'re a serpent.',NULL,'tomas.emard@yahoo.com','$2y$12$eTUuA7NHEWGfmZg/gSMdzuBqzOhaAksH5YGpd0dMiRtHDYEXWYuNu',1712,'1970-01-15','+18209195545',8,'2023-10-22 04:16:02',NULL,1,NULL,'2023-10-22 04:16:02','2023-10-22 04:16:02'),(6,'Annabel','Abbott','maxiedoyle','King and Queen of Hearts.',NULL,'jennyfer.jakubowski@hotmail.com','$2y$12$8qCaqTPUFu50/0DmaiC11OIQVLcBD94Lrbyyz2mqZmrbdQPIBupCy',1713,'2008-11-19','+13517729522',6,'2023-10-22 04:16:03',NULL,0,NULL,'2023-10-22 04:16:03','2023-10-22 04:16:03'),(7,'Brando','Lynch','lowebailey','March Hare. \'Yes, please.',NULL,'marilou.kemmer@gmail.com','$2y$12$rpJNtt1AUdHtROVziTpkY.qYcGghgX8PI33xpjLxVG9DybtQqqviS',1714,'1995-12-06','+18709376590',8,'2023-10-22 04:16:03',NULL,1,NULL,'2023-10-22 04:16:03','2023-10-22 04:16:03'),(8,'Stephen','Walter','gulgowskielmo','However, I\'ve got to see.',NULL,'okon.sterling@balistreri.info','$2y$12$q/t3sfEYnpAzip0T0H5aM.mxe./z1T3XH3zAhlUMn9Aho.gxadO/C',1715,'1985-01-12','+15083631011',6,'2023-10-22 04:16:03',NULL,0,NULL,'2023-10-22 04:16:03','2023-10-22 04:16:03'),(9,'Damaris','Lynch','yschultz','WOULD always get into that.',NULL,'rschulist@swift.net','$2y$12$z0UfFxLxxxGwx6LDZh866uZ/vYBrPBXd0ogl0W8fyd0NMsNFfYzaW',1716,'2019-02-10','+13619620992',7,'2023-10-22 04:16:03',NULL,1,NULL,'2023-10-22 04:16:03','2023-10-22 04:16:03'),(10,'Audreanne','Goldner','madyson92','And she kept fanning herself.',NULL,'catherine49@yahoo.com','$2y$12$AXRGy53IDjvOG.KMSz2EtOWfvroyjMdOgPFMXdYYLRCns/DmEzfSu',1717,'1980-05-21','+14808562791',7,'2023-10-22 04:16:04',NULL,0,NULL,'2023-10-22 04:16:04','2023-10-22 04:16:04');
/*!40000 ALTER TABLE `re_accounts` ENABLE KEYS */;
UNLOCK TABLES;

--
-- Table structure for table `re_accounts_packages`
--

DROP TABLE IF EXISTS `re_accounts_packages`;
/*!40101 SET @saved_cs_client     = @@character_set_client */;
/*!50503 SET character_set_client = utf8mb4 */;
CREATE TABLE `re_accounts_packages` (
  `id` bigint unsigned NOT NULL AUTO_INCREMENT,
  `account_id` int unsigned NOT NULL,
  `package_id` int unsigned NOT NULL,
  `created_at` timestamp NULL DEFAULT NULL,
  `updated_at` timestamp NULL DEFAULT NULL,
  PRIMARY KEY (`id`)
) ENGINE=InnoDB DEFAULT CHARSET=utf8mb4 COLLATE=utf8mb4_unicode_ci;
/*!40101 SET character_set_client = @saved_cs_client */;

--
-- Dumping data for table `re_accounts_packages`
--

LOCK TABLES `re_accounts_packages` WRITE;
/*!40000 ALTER TABLE `re_accounts_packages` DISABLE KEYS */;
/*!40000 ALTER TABLE `re_accounts_packages` ENABLE KEYS */;
UNLOCK TABLES;

--
-- Table structure for table `re_categories`
--

DROP TABLE IF EXISTS `re_categories`;
/*!40101 SET @saved_cs_client     = @@character_set_client */;
/*!50503 SET character_set_client = utf8mb4 */;
CREATE TABLE `re_categories` (
  `id` bigint unsigned NOT NULL AUTO_INCREMENT,
  `name` varchar(120) COLLATE utf8mb4_unicode_ci NOT NULL,
  `description` varchar(400) COLLATE utf8mb4_unicode_ci DEFAULT NULL,
  `status` varchar(60) COLLATE utf8mb4_unicode_ci NOT NULL DEFAULT 'published',
  `order` int unsigned NOT NULL DEFAULT '0',
  `is_default` tinyint NOT NULL DEFAULT '0',
  `created_at` timestamp NULL DEFAULT NULL,
  `updated_at` timestamp NULL DEFAULT NULL,
  `parent_id` int unsigned NOT NULL DEFAULT '0',
  PRIMARY KEY (`id`)
) ENGINE=InnoDB AUTO_INCREMENT=7 DEFAULT CHARSET=utf8mb4 COLLATE=utf8mb4_unicode_ci;
/*!40101 SET character_set_client = @saved_cs_client */;

--
-- Dumping data for table `re_categories`
--

LOCK TABLES `re_categories` WRITE;
/*!40000 ALTER TABLE `re_categories` DISABLE KEYS */;
INSERT INTO `re_categories` VALUES (1,'Apartment',NULL,'published',0,1,'2023-10-22 04:16:04','2023-10-22 04:16:04',0),(2,'Villa',NULL,'published',1,0,'2023-10-22 04:16:04','2023-10-22 04:16:04',0),(3,'Condo',NULL,'published',2,0,'2023-10-22 04:16:04','2023-10-22 04:16:04',0),(4,'House',NULL,'published',3,0,'2023-10-22 04:16:04','2023-10-22 04:16:04',0),(5,'Land',NULL,'published',4,0,'2023-10-22 04:16:04','2023-10-22 04:16:04',0),(6,'Commercial property',NULL,'published',5,0,'2023-10-22 04:16:04','2023-10-22 04:16:04',0);
/*!40000 ALTER TABLE `re_categories` ENABLE KEYS */;
UNLOCK TABLES;

--
-- Table structure for table `re_categories_translations`
--

DROP TABLE IF EXISTS `re_categories_translations`;
/*!40101 SET @saved_cs_client     = @@character_set_client */;
/*!50503 SET character_set_client = utf8mb4 */;
CREATE TABLE `re_categories_translations` (
  `lang_code` varchar(191) COLLATE utf8mb4_unicode_ci NOT NULL,
  `re_categories_id` int NOT NULL,
  `name` varchar(255) COLLATE utf8mb4_unicode_ci DEFAULT NULL,
  `description` varchar(400) COLLATE utf8mb4_unicode_ci DEFAULT NULL,
  PRIMARY KEY (`lang_code`,`re_categories_id`)
) ENGINE=InnoDB DEFAULT CHARSET=utf8mb4 COLLATE=utf8mb4_unicode_ci;
/*!40101 SET character_set_client = @saved_cs_client */;

--
-- Dumping data for table `re_categories_translations`
--

LOCK TABLES `re_categories_translations` WRITE;
/*!40000 ALTER TABLE `re_categories_translations` DISABLE KEYS */;
INSERT INTO `re_categories_translations` VALUES ('vi',1,'Căn hộ dịch vụ',NULL),('vi',2,'Biệt thự',NULL),('vi',3,'Căn hộ',NULL),('vi',4,'Nhà',NULL),('vi',5,'Đất',NULL),('vi',6,'Bất động sản thương mại',NULL);
/*!40000 ALTER TABLE `re_categories_translations` ENABLE KEYS */;
UNLOCK TABLES;

--
-- Table structure for table `re_consults`
--

DROP TABLE IF EXISTS `re_consults`;
/*!40101 SET @saved_cs_client     = @@character_set_client */;
/*!50503 SET character_set_client = utf8mb4 */;
CREATE TABLE `re_consults` (
  `id` bigint unsigned NOT NULL AUTO_INCREMENT,
  `name` varchar(120) COLLATE utf8mb4_unicode_ci NOT NULL,
  `email` varchar(60) COLLATE utf8mb4_unicode_ci NOT NULL,
  `phone` varchar(60) COLLATE utf8mb4_unicode_ci NOT NULL,
  `property_id` int unsigned DEFAULT NULL,
  `content` longtext COLLATE utf8mb4_unicode_ci,
  `status` varchar(60) COLLATE utf8mb4_unicode_ci NOT NULL DEFAULT 'unread',
  `created_at` timestamp NULL DEFAULT NULL,
  `updated_at` timestamp NULL DEFAULT NULL,
  PRIMARY KEY (`id`)
) ENGINE=InnoDB DEFAULT CHARSET=utf8mb4 COLLATE=utf8mb4_unicode_ci;
/*!40101 SET character_set_client = @saved_cs_client */;

--
-- Dumping data for table `re_consults`
--

LOCK TABLES `re_consults` WRITE;
/*!40000 ALTER TABLE `re_consults` DISABLE KEYS */;
/*!40000 ALTER TABLE `re_consults` ENABLE KEYS */;
UNLOCK TABLES;

--
-- Table structure for table `re_currencies`
--

DROP TABLE IF EXISTS `re_currencies`;
/*!40101 SET @saved_cs_client     = @@character_set_client */;
/*!50503 SET character_set_client = utf8mb4 */;
CREATE TABLE `re_currencies` (
  `id` bigint unsigned NOT NULL AUTO_INCREMENT,
  `title` varchar(60) COLLATE utf8mb4_unicode_ci NOT NULL,
  `symbol` varchar(10) COLLATE utf8mb4_unicode_ci NOT NULL,
  `is_prefix_symbol` tinyint unsigned NOT NULL DEFAULT '0',
  `decimals` tinyint unsigned NOT NULL DEFAULT '0',
  `order` int unsigned NOT NULL DEFAULT '0',
  `is_default` tinyint NOT NULL DEFAULT '0',
  `exchange_rate` double NOT NULL DEFAULT '1',
  `created_at` timestamp NULL DEFAULT NULL,
  `updated_at` timestamp NULL DEFAULT NULL,
  PRIMARY KEY (`id`)
) ENGINE=InnoDB AUTO_INCREMENT=4 DEFAULT CHARSET=utf8mb4 COLLATE=utf8mb4_unicode_ci;
/*!40101 SET character_set_client = @saved_cs_client */;

--
-- Dumping data for table `re_currencies`
--

LOCK TABLES `re_currencies` WRITE;
/*!40000 ALTER TABLE `re_currencies` DISABLE KEYS */;
INSERT INTO `re_currencies` VALUES (1,'USD','$',1,2,0,1,1,'2023-10-22 04:15:58','2023-10-22 04:15:58'),(2,'EUR','€',0,2,1,0,0.91,'2023-10-22 04:15:58','2023-10-22 04:15:58'),(3,'VND','₫',0,0,2,0,23717.5,'2023-10-22 04:15:58','2023-10-22 04:15:58');
/*!40000 ALTER TABLE `re_currencies` ENABLE KEYS */;
UNLOCK TABLES;

--
-- Table structure for table `re_facilities`
--

DROP TABLE IF EXISTS `re_facilities`;
/*!40101 SET @saved_cs_client     = @@character_set_client */;
/*!50503 SET character_set_client = utf8mb4 */;
CREATE TABLE `re_facilities` (
  `id` bigint unsigned NOT NULL AUTO_INCREMENT,
  `name` varchar(120) COLLATE utf8mb4_unicode_ci NOT NULL,
  `icon` varchar(60) COLLATE utf8mb4_unicode_ci DEFAULT NULL,
  `status` varchar(60) COLLATE utf8mb4_unicode_ci NOT NULL DEFAULT 'published',
  `created_at` timestamp NULL DEFAULT NULL,
  `updated_at` timestamp NULL DEFAULT NULL,
  PRIMARY KEY (`id`)
) ENGINE=InnoDB AUTO_INCREMENT=12 DEFAULT CHARSET=utf8mb4 COLLATE=utf8mb4_unicode_ci;
/*!40101 SET character_set_client = @saved_cs_client */;

--
-- Dumping data for table `re_facilities`
--

LOCK TABLES `re_facilities` WRITE;
/*!40000 ALTER TABLE `re_facilities` DISABLE KEYS */;
INSERT INTO `re_facilities` VALUES (1,'Hospital','far fa-hospital','published','2023-10-22 04:16:04','2023-10-22 04:16:04'),(2,'Super Market','fas fa-cart-plus','published','2023-10-22 04:16:04','2023-10-22 04:16:04'),(3,'School','fas fa-school','published','2023-10-22 04:16:04','2023-10-22 04:16:04'),(4,'Entertainment','fas fa-hotel','published','2023-10-22 04:16:04','2023-10-22 04:16:04'),(5,'Pharmacy','fas fa-prescription-bottle-alt','published','2023-10-22 04:16:04','2023-10-22 04:16:04'),(6,'Airport','fas fa-plane-departure','published','2023-10-22 04:16:04','2023-10-22 04:16:04'),(7,'Railways','fas fa-subway','published','2023-10-22 04:16:04','2023-10-22 04:16:04'),(8,'Bus Stop','fas fa-bus','published','2023-10-22 04:16:04','2023-10-22 04:16:04'),(9,'Beach','fas fa-umbrella-beach','published','2023-10-22 04:16:04','2023-10-22 04:16:04'),(10,'Mall','fas fa-cart-plus','published','2023-10-22 04:16:04','2023-10-22 04:16:04'),(11,'Bank','fas fa-university','published','2023-10-22 04:16:04','2023-10-22 04:16:04');
/*!40000 ALTER TABLE `re_facilities` ENABLE KEYS */;
UNLOCK TABLES;

--
-- Table structure for table `re_facilities_distances`
--

DROP TABLE IF EXISTS `re_facilities_distances`;
/*!40101 SET @saved_cs_client     = @@character_set_client */;
/*!50503 SET character_set_client = utf8mb4 */;
CREATE TABLE `re_facilities_distances` (
  `id` bigint unsigned NOT NULL AUTO_INCREMENT,
  `facility_id` int unsigned NOT NULL,
  `reference_id` int unsigned NOT NULL,
  `reference_type` varchar(255) COLLATE utf8mb4_unicode_ci NOT NULL,
  `distance` varchar(255) COLLATE utf8mb4_unicode_ci DEFAULT NULL,
  PRIMARY KEY (`id`)
) ENGINE=InnoDB AUTO_INCREMENT=1017 DEFAULT CHARSET=utf8mb4 COLLATE=utf8mb4_unicode_ci;
/*!40101 SET character_set_client = @saved_cs_client */;

--
-- Dumping data for table `re_facilities_distances`
--

LOCK TABLES `re_facilities_distances` WRITE;
/*!40000 ALTER TABLE `re_facilities_distances` DISABLE KEYS */;
INSERT INTO `re_facilities_distances` VALUES (947,4,1,'Botble\\RealEstate\\Models\\Property','1km'),(948,11,1,'Botble\\RealEstate\\Models\\Property','17km'),(949,4,2,'Botble\\RealEstate\\Models\\Property','4km'),(950,11,2,'Botble\\RealEstate\\Models\\Property','18km'),(951,2,3,'Botble\\RealEstate\\Models\\Property','14km'),(952,11,3,'Botble\\RealEstate\\Models\\Property','13km'),(953,5,4,'Botble\\RealEstate\\Models\\Property','9km'),(954,6,4,'Botble\\RealEstate\\Models\\Property','4km'),(955,2,5,'Botble\\RealEstate\\Models\\Property','18km'),(956,10,5,'Botble\\RealEstate\\Models\\Property','5km'),(957,5,6,'Botble\\RealEstate\\Models\\Property','5km'),(958,10,6,'Botble\\RealEstate\\Models\\Property','14km'),(959,5,7,'Botble\\RealEstate\\Models\\Property','18km'),(960,8,7,'Botble\\RealEstate\\Models\\Property','18km'),(961,3,8,'Botble\\RealEstate\\Models\\Property','1km'),(962,6,8,'Botble\\RealEstate\\Models\\Property','9km'),(963,1,9,'Botble\\RealEstate\\Models\\Property','20km'),(964,10,9,'Botble\\RealEstate\\Models\\Property','13km'),(965,1,10,'Botble\\RealEstate\\Models\\Property','4km'),(966,7,10,'Botble\\RealEstate\\Models\\Property','15km'),(967,4,11,'Botble\\RealEstate\\Models\\Property','6km'),(968,12,11,'Botble\\RealEstate\\Models\\Property','2km'),(969,3,12,'Botble\\RealEstate\\Models\\Property','16km'),(970,12,12,'Botble\\RealEstate\\Models\\Property','4km'),(971,3,13,'Botble\\RealEstate\\Models\\Property','9km'),(972,12,13,'Botble\\RealEstate\\Models\\Property','8km'),(973,3,14,'Botble\\RealEstate\\Models\\Property','10km'),(974,11,14,'Botble\\RealEstate\\Models\\Property','12km'),(975,5,15,'Botble\\RealEstate\\Models\\Property','14km'),(976,11,15,'Botble\\RealEstate\\Models\\Property','19km'),(977,4,16,'Botble\\RealEstate\\Models\\Property','4km'),(978,10,16,'Botble\\RealEstate\\Models\\Property','15km'),(979,2,17,'Botble\\RealEstate\\Models\\Property','16km'),(980,11,17,'Botble\\RealEstate\\Models\\Property','8km'),(981,1,1,'Botble\\RealEstate\\Models\\Project','7'),(982,5,1,'Botble\\RealEstate\\Models\\Project','12'),(983,9,1,'Botble\\RealEstate\\Models\\Project','4'),(984,12,1,'Botble\\RealEstate\\Models\\Project','19'),(985,2,2,'Botble\\RealEstate\\Models\\Project','9'),(986,5,2,'Botble\\RealEstate\\Models\\Project','7'),(987,9,2,'Botble\\RealEstate\\Models\\Project','13'),(988,10,2,'Botble\\RealEstate\\Models\\Project','8'),(989,3,3,'Botble\\RealEstate\\Models\\Project','9'),(990,4,3,'Botble\\RealEstate\\Models\\Project','18'),(991,8,3,'Botble\\RealEstate\\Models\\Project','6'),(992,10,3,'Botble\\RealEstate\\Models\\Project','12'),(993,1,4,'Botble\\RealEstate\\Models\\Project','12'),(994,5,4,'Botble\\RealEstate\\Models\\Project','10'),(995,8,4,'Botble\\RealEstate\\Models\\Project','13'),(996,11,4,'Botble\\RealEstate\\Models\\Project','11'),(997,3,5,'Botble\\RealEstate\\Models\\Project','13'),(998,4,5,'Botble\\RealEstate\\Models\\Project','10'),(999,7,5,'Botble\\RealEstate\\Models\\Project','9'),(1000,12,5,'Botble\\RealEstate\\Models\\Project','9'),(1001,2,6,'Botble\\RealEstate\\Models\\Project','7'),(1002,6,6,'Botble\\RealEstate\\Models\\Project','3'),(1003,8,6,'Botble\\RealEstate\\Models\\Project','4'),(1004,11,6,'Botble\\RealEstate\\Models\\Project','11'),(1005,3,7,'Botble\\RealEstate\\Models\\Project','15'),(1006,6,7,'Botble\\RealEstate\\Models\\Project','14'),(1007,7,7,'Botble\\RealEstate\\Models\\Project','6'),(1008,10,7,'Botble\\RealEstate\\Models\\Project','15'),(1009,2,8,'Botble\\RealEstate\\Models\\Project','1'),(1010,6,8,'Botble\\RealEstate\\Models\\Project','12'),(1011,8,8,'Botble\\RealEstate\\Models\\Project','5'),(1012,10,8,'Botble\\RealEstate\\Models\\Project','11'),(1013,2,9,'Botble\\RealEstate\\Models\\Project','19'),(1014,5,9,'Botble\\RealEstate\\Models\\Project','13'),(1015,8,9,'Botble\\RealEstate\\Models\\Project','10'),(1016,10,9,'Botble\\RealEstate\\Models\\Project','12');
/*!40000 ALTER TABLE `re_facilities_distances` ENABLE KEYS */;
UNLOCK TABLES;

--
-- Table structure for table `re_facilities_translations`
--

DROP TABLE IF EXISTS `re_facilities_translations`;
/*!40101 SET @saved_cs_client     = @@character_set_client */;
/*!50503 SET character_set_client = utf8mb4 */;
CREATE TABLE `re_facilities_translations` (
  `lang_code` varchar(191) COLLATE utf8mb4_unicode_ci NOT NULL,
  `re_facilities_id` int NOT NULL,
  `name` varchar(255) COLLATE utf8mb4_unicode_ci DEFAULT NULL,
  PRIMARY KEY (`lang_code`,`re_facilities_id`)
) ENGINE=InnoDB DEFAULT CHARSET=utf8mb4 COLLATE=utf8mb4_unicode_ci;
/*!40101 SET character_set_client = @saved_cs_client */;

--
-- Dumping data for table `re_facilities_translations`
--

LOCK TABLES `re_facilities_translations` WRITE;
/*!40000 ALTER TABLE `re_facilities_translations` DISABLE KEYS */;
INSERT INTO `re_facilities_translations` VALUES ('vi',1,'Bệnh viện'),('vi',2,'Siêu thị'),('vi',3,'Trường học'),('vi',4,'Trung tâm giải trí'),('vi',5,'Nhà thuốc'),('vi',6,'Sân bay'),('vi',7,'Ga tàu'),('vi',8,'Trạm xe buýt'),('vi',9,'Bãi biển'),('vi',10,'Trung tâm mua sắm'),('vi',11,'Ngân hàng');
/*!40000 ALTER TABLE `re_facilities_translations` ENABLE KEYS */;
UNLOCK TABLES;

--
-- Table structure for table `re_features`
--

DROP TABLE IF EXISTS `re_features`;
/*!40101 SET @saved_cs_client     = @@character_set_client */;
/*!50503 SET character_set_client = utf8mb4 */;
CREATE TABLE `re_features` (
  `id` bigint unsigned NOT NULL AUTO_INCREMENT,
  `name` varchar(120) COLLATE utf8mb4_unicode_ci NOT NULL,
  `icon` varchar(60) COLLATE utf8mb4_unicode_ci DEFAULT NULL,
  `status` varchar(60) COLLATE utf8mb4_unicode_ci NOT NULL DEFAULT 'published',
  PRIMARY KEY (`id`)
) ENGINE=InnoDB AUTO_INCREMENT=13 DEFAULT CHARSET=utf8mb4 COLLATE=utf8mb4_unicode_ci;
/*!40101 SET character_set_client = @saved_cs_client */;

--
-- Dumping data for table `re_features`
--

LOCK TABLES `re_features` WRITE;
/*!40000 ALTER TABLE `re_features` DISABLE KEYS */;
INSERT INTO `re_features` VALUES (1,'Wifi',NULL,'published'),(2,'Parking',NULL,'published'),(3,'Swimming pool',NULL,'published'),(4,'Balcony',NULL,'published'),(5,'Garden',NULL,'published'),(6,'Security',NULL,'published'),(7,'Fitness center',NULL,'published'),(8,'Air Conditioning',NULL,'published'),(9,'Central Heating  ',NULL,'published'),(10,'Laundry Room',NULL,'published'),(11,'Pets Allow',NULL,'published'),(12,'Spa & Massage',NULL,'published');
/*!40000 ALTER TABLE `re_features` ENABLE KEYS */;
UNLOCK TABLES;

--
-- Table structure for table `re_features_translations`
--

DROP TABLE IF EXISTS `re_features_translations`;
/*!40101 SET @saved_cs_client     = @@character_set_client */;
/*!50503 SET character_set_client = utf8mb4 */;
CREATE TABLE `re_features_translations` (
  `lang_code` varchar(191) COLLATE utf8mb4_unicode_ci NOT NULL,
  `re_features_id` int NOT NULL,
  `name` varchar(255) COLLATE utf8mb4_unicode_ci DEFAULT NULL,
  PRIMARY KEY (`lang_code`,`re_features_id`)
) ENGINE=InnoDB DEFAULT CHARSET=utf8mb4 COLLATE=utf8mb4_unicode_ci;
/*!40101 SET character_set_client = @saved_cs_client */;

--
-- Dumping data for table `re_features_translations`
--

LOCK TABLES `re_features_translations` WRITE;
/*!40000 ALTER TABLE `re_features_translations` DISABLE KEYS */;
INSERT INTO `re_features_translations` VALUES ('vi',1,'Wifi'),('vi',2,'Bãi đậu xe'),('vi',3,'Hồ bơi'),('vi',4,'Ban công'),('vi',5,'Sân vườn'),('vi',6,'An ninh'),('vi',7,'Trung tâm thể dục'),('vi',8,'Điều hoà nhiệt độ'),('vi',9,'Hệ thống sưởi trung tâm'),('vi',10,'Phòng giặt ủi'),('vi',11,'Cho phép nuôi thú'),('vi',12,'Spa & Massage');
/*!40000 ALTER TABLE `re_features_translations` ENABLE KEYS */;
UNLOCK TABLES;

--
-- Table structure for table `re_investors`
--

DROP TABLE IF EXISTS `re_investors`;
/*!40101 SET @saved_cs_client     = @@character_set_client */;
/*!50503 SET character_set_client = utf8mb4 */;
CREATE TABLE `re_investors` (
  `id` bigint unsigned NOT NULL AUTO_INCREMENT,
  `name` varchar(120) COLLATE utf8mb4_unicode_ci NOT NULL,
  `avatar_id` int unsigned DEFAULT NULL,
  `description` text COLLATE utf8mb4_unicode_ci,
  `status` varchar(60) COLLATE utf8mb4_unicode_ci NOT NULL DEFAULT 'published',
  `created_at` timestamp NULL DEFAULT NULL,
  `updated_at` timestamp NULL DEFAULT NULL,
  PRIMARY KEY (`id`)
) ENGINE=InnoDB AUTO_INCREMENT=6 DEFAULT CHARSET=utf8mb4 COLLATE=utf8mb4_unicode_ci;
/*!40101 SET character_set_client = @saved_cs_client */;

--
-- Dumping data for table `re_investors`
--

LOCK TABLES `re_investors` WRITE;
/*!40000 ALTER TABLE `re_investors` DISABLE KEYS */;
INSERT INTO `re_investors` VALUES (1,'Lind-Stehr',1750,'I don\'t want YOU with us!\"\' \'They were learning to draw,\' the Dormouse followed him: the March Hare, \'that \"I like what I used to call him Tortoise--\' \'Why did they live at the Duchess asked, with.','published','2023-10-22 04:16:40','2023-10-22 04:16:40'),(2,'Kuvalis and Sons',1751,'Stole the Tarts? The King and the beak-- Pray how did you begin?\' The Hatter opened his eyes were looking over his shoulder as she could. \'The Dormouse is asleep again,\' said the King; \'and don\'t.','published','2023-10-22 04:16:40','2023-10-22 04:16:40'),(3,'Hickle-Fay',1752,'Five, in a tone of great surprise. \'Of course it is,\' said the Pigeon had finished. \'As if I chose,\' the Duchess was VERY ugly; and secondly, because they\'re making such VERY short remarks, and she.','published','2023-10-22 04:16:40','2023-10-22 04:16:40'),(4,'Sporer-Effertz',1753,'Queen, stamping on the song, perhaps?\' \'I\'ve heard something like it,\' said the Hatter. \'You MUST remember,\' remarked the King, \'or I\'ll have you executed on the top of his pocket, and was surprised.','published','2023-10-22 04:16:40','2023-10-22 04:16:40'),(5,'Crona Inc',1754,'Hatter: \'I\'m on the bank, with her head!\' Alice glanced rather anxiously at the cook, to see how he can EVEN finish, if he wasn\'t one?\' Alice asked. \'We called him Tortoise because he taught us,\'.','published','2023-10-22 04:16:40','2023-10-22 04:16:40');
/*!40000 ALTER TABLE `re_investors` ENABLE KEYS */;
UNLOCK TABLES;

--
-- Table structure for table `re_investors_translations`
--

DROP TABLE IF EXISTS `re_investors_translations`;
/*!40101 SET @saved_cs_client     = @@character_set_client */;
/*!50503 SET character_set_client = utf8mb4 */;
CREATE TABLE `re_investors_translations` (
  `lang_code` varchar(191) COLLATE utf8mb4_unicode_ci NOT NULL,
  `re_investors_id` int NOT NULL,
  `name` varchar(255) COLLATE utf8mb4_unicode_ci DEFAULT NULL,
  `description` varchar(400) COLLATE utf8mb4_unicode_ci DEFAULT NULL,
  PRIMARY KEY (`lang_code`,`re_investors_id`)
) ENGINE=InnoDB DEFAULT CHARSET=utf8mb4 COLLATE=utf8mb4_unicode_ci;
/*!40101 SET character_set_client = @saved_cs_client */;

--
-- Dumping data for table `re_investors_translations`
--

LOCK TABLES `re_investors_translations` WRITE;
/*!40000 ALTER TABLE `re_investors_translations` DISABLE KEYS */;
INSERT INTO `re_investors_translations` VALUES ('vi',1,'Lind-Stehr','I don\'t want YOU with us!\"\' \'They were learning to draw,\' the Dormouse followed him: the March Hare, \'that \"I like what I used to call him Tortoise--\' \'Why did they live at the Duchess asked, with.'),('vi',2,'Kuvalis and Sons','Stole the Tarts? The King and the beak-- Pray how did you begin?\' The Hatter opened his eyes were looking over his shoulder as she could. \'The Dormouse is asleep again,\' said the King; \'and don\'t.'),('vi',3,'Hickle-Fay','Five, in a tone of great surprise. \'Of course it is,\' said the Pigeon had finished. \'As if I chose,\' the Duchess was VERY ugly; and secondly, because they\'re making such VERY short remarks, and she.'),('vi',4,'Sporer-Effertz','Queen, stamping on the song, perhaps?\' \'I\'ve heard something like it,\' said the Hatter. \'You MUST remember,\' remarked the King, \'or I\'ll have you executed on the top of his pocket, and was surprised.'),('vi',5,'Crona Inc','Hatter: \'I\'m on the bank, with her head!\' Alice glanced rather anxiously at the cook, to see how he can EVEN finish, if he wasn\'t one?\' Alice asked. \'We called him Tortoise because he taught us,\'.');
/*!40000 ALTER TABLE `re_investors_translations` ENABLE KEYS */;
UNLOCK TABLES;

--
-- Table structure for table `re_packages`
--

DROP TABLE IF EXISTS `re_packages`;
/*!40101 SET @saved_cs_client     = @@character_set_client */;
/*!50503 SET character_set_client = utf8mb4 */;
CREATE TABLE `re_packages` (
  `id` bigint unsigned NOT NULL AUTO_INCREMENT,
  `name` varchar(120) COLLATE utf8mb4_unicode_ci NOT NULL,
  `price` double(15,2) unsigned NOT NULL,
  `currency_id` int unsigned NOT NULL,
  `percent_save` int unsigned NOT NULL DEFAULT '0',
  `number_of_listings` int unsigned NOT NULL,
  `account_limit` int unsigned DEFAULT NULL,
  `order` tinyint NOT NULL DEFAULT '0',
  `is_default` tinyint unsigned NOT NULL DEFAULT '0',
  `features` text COLLATE utf8mb4_unicode_ci,
  `status` varchar(60) COLLATE utf8mb4_unicode_ci NOT NULL DEFAULT 'published',
  `created_at` timestamp NULL DEFAULT NULL,
  `updated_at` timestamp NULL DEFAULT NULL,
  PRIMARY KEY (`id`)
) ENGINE=InnoDB AUTO_INCREMENT=4 DEFAULT CHARSET=utf8mb4 COLLATE=utf8mb4_unicode_ci;
/*!40101 SET character_set_client = @saved_cs_client */;

--
-- Dumping data for table `re_packages`
--

LOCK TABLES `re_packages` WRITE;
/*!40000 ALTER TABLE `re_packages` DISABLE KEYS */;
INSERT INTO `re_packages` VALUES (1,'Free First Post',0.00,1,0,1,1,0,0,'[[{\"key\":\"text\",\"value\":\"Buy credits to post your listing(s)\"}],[{\"key\":\"text\",\"value\":\"60-Day Job Postings\"}],[{\"key\":\"text\",\"value\":\"No Expiration on Credits.\"}],[{\"key\":\"text\",\"value\":\"Specialist Assistance\"}],[{\"key\":\"text\",\"value\":\"Get More Eyes\"}]]','published','2023-10-22 04:16:04','2023-10-22 04:16:04'),(2,'Single Post',250.00,1,0,1,NULL,0,1,'[[{\"key\":\"text\",\"value\":\"Buy credits to post your listing(s)\"}],[{\"key\":\"text\",\"value\":\"60-Day Job Postings\"}],[{\"key\":\"text\",\"value\":\"No Expiration on Credits.\"}],[{\"key\":\"text\",\"value\":\"Specialist Assistance\"}],[{\"key\":\"text\",\"value\":\"Get More Eyes\"}]]','published','2023-10-22 04:16:04','2023-10-22 04:16:04'),(3,'5 Posts',1000.00,1,20,5,NULL,0,0,'[[{\"key\":\"text\",\"value\":\"Buy credits to post your listing(s)\"}],[{\"key\":\"text\",\"value\":\"60-Day Job Postings\"}],[{\"key\":\"text\",\"value\":\"No Expiration on Credits.\"}],[{\"key\":\"text\",\"value\":\"Specialist Assistance\"}],[{\"key\":\"text\",\"value\":\"Get More Eyes\"}]]','published','2023-10-22 04:16:04','2023-10-22 04:16:04');
/*!40000 ALTER TABLE `re_packages` ENABLE KEYS */;
UNLOCK TABLES;

--
-- Table structure for table `re_packages_translations`
--

DROP TABLE IF EXISTS `re_packages_translations`;
/*!40101 SET @saved_cs_client     = @@character_set_client */;
/*!50503 SET character_set_client = utf8mb4 */;
CREATE TABLE `re_packages_translations` (
  `lang_code` varchar(191) COLLATE utf8mb4_unicode_ci NOT NULL,
  `re_packages_id` int NOT NULL,
  `name` varchar(120) COLLATE utf8mb4_unicode_ci DEFAULT NULL,
  `features` text COLLATE utf8mb4_unicode_ci,
  PRIMARY KEY (`lang_code`,`re_packages_id`)
) ENGINE=InnoDB DEFAULT CHARSET=utf8mb4 COLLATE=utf8mb4_unicode_ci;
/*!40101 SET character_set_client = @saved_cs_client */;

--
-- Dumping data for table `re_packages_translations`
--

LOCK TABLES `re_packages_translations` WRITE;
/*!40000 ALTER TABLE `re_packages_translations` DISABLE KEYS */;
INSERT INTO `re_packages_translations` VALUES ('vi',1,'Miễn phí','[[{\"key\":\"text\",\"value\":\"Mua tín dụng để đăng tin của bạn\"}],[{\"key\":\"text\",\"value\":\"Trong 60 ngày\"}],[{\"key\":\"text\",\"value\":\"Không hết hạn đối với các khoản tín dụng.\"}],[{\"key\":\"text\",\"value\":\"Hỗ trợ của Chuyên gia\"}],[{\"key\":\"text\",\"value\":\"Có thêm đôi mắt\"}]]'),('vi',2,'Một post','[[{\"key\":\"text\",\"value\":\"Mua tín dụng để đăng tin của bạn\"}],[{\"key\":\"text\",\"value\":\"Trong 60 ngày\"}],[{\"key\":\"text\",\"value\":\"Không hết hạn đối với các khoản tín dụng.\"}],[{\"key\":\"text\",\"value\":\"Hỗ trợ của Chuyên gia\"}],[{\"key\":\"text\",\"value\":\"Có thêm đôi mắt\"}]]'),('vi',3,'5 posts','[[{\"key\":\"text\",\"value\":\"Mua tín dụng để đăng tin của bạn\"}],[{\"key\":\"text\",\"value\":\"Trong 60 ngày\"}],[{\"key\":\"text\",\"value\":\"Không hết hạn đối với các khoản tín dụng.\"}],[{\"key\":\"text\",\"value\":\"Hỗ trợ của Chuyên gia\"}],[{\"key\":\"text\",\"value\":\"Có thêm đôi mắt\"}]]');
/*!40000 ALTER TABLE `re_packages_translations` ENABLE KEYS */;
UNLOCK TABLES;

--
-- Table structure for table `re_project_categories`
--

DROP TABLE IF EXISTS `re_project_categories`;
/*!40101 SET @saved_cs_client     = @@character_set_client */;
/*!50503 SET character_set_client = utf8mb4 */;
CREATE TABLE `re_project_categories` (
  `id` bigint unsigned NOT NULL AUTO_INCREMENT,
  `project_id` int unsigned NOT NULL,
  `category_id` int unsigned NOT NULL,
  PRIMARY KEY (`id`)
) ENGINE=InnoDB AUTO_INCREMENT=149 DEFAULT CHARSET=utf8mb4 COLLATE=utf8mb4_unicode_ci;
/*!40101 SET character_set_client = @saved_cs_client */;

--
-- Dumping data for table `re_project_categories`
--

LOCK TABLES `re_project_categories` WRITE;
/*!40000 ALTER TABLE `re_project_categories` DISABLE KEYS */;
INSERT INTO `re_project_categories` VALUES (108,1,2),(111,3,5),(126,8,5),(128,9,4),(130,2,4),(131,3,1),(133,5,5),(136,7,2),(137,7,5),(140,1,5),(141,2,1),(142,4,3),(143,4,5),(144,5,3),(145,6,2),(146,6,5),(147,8,2),(148,9,3);
/*!40000 ALTER TABLE `re_project_categories` ENABLE KEYS */;
UNLOCK TABLES;

--
-- Table structure for table `re_project_features`
--

DROP TABLE IF EXISTS `re_project_features`;
/*!40101 SET @saved_cs_client     = @@character_set_client */;
/*!50503 SET character_set_client = utf8mb4 */;
CREATE TABLE `re_project_features` (
  `project_id` int unsigned NOT NULL,
  `feature_id` int unsigned NOT NULL
) ENGINE=InnoDB DEFAULT CHARSET=utf8mb4 COLLATE=utf8mb4_unicode_ci;
/*!40101 SET character_set_client = @saved_cs_client */;

--
-- Dumping data for table `re_project_features`
--

LOCK TABLES `re_project_features` WRITE;
/*!40000 ALTER TABLE `re_project_features` DISABLE KEYS */;
INSERT INTO `re_project_features` VALUES (4,1),(6,3),(6,8),(9,2),(1,1),(1,9),(2,4),(2,5),(3,5),(3,8),(4,8),(5,1),(5,8),(7,3),(7,6),(8,5),(8,8),(9,7);
/*!40000 ALTER TABLE `re_project_features` ENABLE KEYS */;
UNLOCK TABLES;

--
-- Table structure for table `re_projects`
--

DROP TABLE IF EXISTS `re_projects`;
/*!40101 SET @saved_cs_client     = @@character_set_client */;
/*!50503 SET character_set_client = utf8mb4 */;
CREATE TABLE `re_projects` (
  `id` bigint unsigned NOT NULL AUTO_INCREMENT,
  `name` varchar(300) COLLATE utf8mb4_unicode_ci NOT NULL,
  `description` text COLLATE utf8mb4_unicode_ci,
  `content` longtext COLLATE utf8mb4_unicode_ci,
  `images` varchar(191) COLLATE utf8mb4_unicode_ci DEFAULT NULL,
  `location` varchar(191) COLLATE utf8mb4_unicode_ci DEFAULT NULL,
  `investor_id` int unsigned NOT NULL,
  `number_block` int DEFAULT NULL,
  `number_floor` smallint DEFAULT NULL,
  `number_flat` smallint DEFAULT NULL,
  `is_featured` tinyint(1) NOT NULL DEFAULT '0',
  `price_from` decimal(15,0) DEFAULT NULL,
  `price_to` decimal(15,0) DEFAULT NULL,
  `currency_id` int unsigned DEFAULT NULL,
  `city_id` int unsigned DEFAULT NULL,
  `country_id` int unsigned DEFAULT NULL,
  `state_id` int unsigned DEFAULT NULL,
  `status` varchar(60) COLLATE utf8mb4_unicode_ci NOT NULL DEFAULT 'selling',
  `latitude` varchar(25) COLLATE utf8mb4_unicode_ci DEFAULT NULL,
  `longitude` varchar(25) COLLATE utf8mb4_unicode_ci DEFAULT NULL,
  `views` int unsigned NOT NULL DEFAULT '0',
  `author_id` int DEFAULT NULL,
  `author_type` varchar(255) COLLATE utf8mb4_unicode_ci NOT NULL DEFAULT 'User',
  `created_at` timestamp NULL DEFAULT NULL,
  `updated_at` timestamp NULL DEFAULT NULL,
  PRIMARY KEY (`id`)
) ENGINE=InnoDB AUTO_INCREMENT=10 DEFAULT CHARSET=utf8mb4 COLLATE=utf8mb4_unicode_ci;
/*!40101 SET character_set_client = @saved_cs_client */;

--
-- Dumping data for table `re_projects`
--

LOCK TABLES `re_projects` WRITE;
/*!40000 ALTER TABLE `re_projects` DISABLE KEYS */;
INSERT INTO `re_projects` VALUES (1,'Villa Alaya','Ut assumenda culpa ut quis labore. Est magni qui et laborum vel. Et libero sequi ab.','<p>[youtube-video]https://www.youtube.com/watch?v=U05fwua9-D4[/youtube-video]</p><p>He sent them word I had to fall upon Alice, as she could not remember the simple rules their friends had taught them: such as, \'Sure, I don\'t remember where.\' \'Well, it must make me smaller, I suppose.\' So she was beginning to end,\' said the Hatter, and here the conversation dropped, and the three were all crowded round it, panting, and asking, \'But who is Dinah, if I chose,\' the Duchess was sitting on the glass table and the roof of the house, and wondering what to beautify is, I suppose?\' \'Yes,\' said Alice, \'how am I to get very tired of this. I vote the young man said, \'And your hair has become very white; And yet I wish you wouldn\'t have come here.\' Alice didn\'t think that very few things indeed were really impossible. There seemed to be rude, so she waited. The Gryphon sat up and to her that she was looking down with one foot. \'Get up!\' said the Mock Turtle. \'Seals, turtles, salmon, and so on.\' \'What a curious feeling!\' said Alice; \'all I know all the things get used up.\' \'But.</p><p class=\"text-center\"><img src=\"http://resido.local/storage/projects/2.jpg\"></p><p>I think.\' And she began fancying the sort of a procession,\' thought she, \'what would become of it; then Alice, thinking it was growing, and very soon finished off the cake. * * * CHAPTER II. The Pool of Tears \'Curiouser and curiouser!\' cried Alice in a sort of idea that they would call after her: the last few minutes to see that the cause of this remark, and thought it would feel with all their simple joys, remembering her own children. \'How should I know?\' said Alice, and her eyes to see if.</p><p class=\"text-center\"><img src=\"http://resido.local/storage/projects/12.jpg\"></p><p>Pigeon in a trembling voice:-- \'I passed by his garden.\"\' Alice did not look at the top of the wood to listen. The Fish-Footman began by taking the little thing grunted in reply (it had left off writing on his spectacles and looked at each other for some minutes. The Caterpillar was the fan and the small ones choked and had just begun \'Well, of all this time. \'I want a clean cup,\' interrupted the Gryphon. \'Well, I never knew so much surprised, that for the rest of the what?\' said the Mouse had changed his mind, and was beating her violently with its tongue hanging out of a tree a few minutes it seemed quite dull and stupid for life to go down the chimney, and said to Alice, very earnestly. \'I\'ve had nothing else to do, so Alice went on, spreading out the Fish-Footman was gone, and the Dormouse go on for some time busily writing in his note-book, cackled out \'Silence!\' and read out from his book, \'Rule Forty-two. ALL PERSONS MORE THAN A MILE HIGH TO LEAVE THE COURT.\' Everybody looked.</p><p class=\"text-center\"><img src=\"http://resido.local/storage/projects/16.jpg\"></p><p>Alice severely. \'What are they made of?\' Alice asked in a melancholy way, being quite unable to move. She soon got it out to be otherwise.\"\' \'I think I could, if I was, I shouldn\'t want YOURS: I don\'t believe it,\' said the Caterpillar. Alice folded her hands, and began:-- \'You are old,\' said the Cat. \'I\'d nearly forgotten that I\'ve got to see the Hatter and the shrill voice of the fact. \'I keep them to sell,\' the Hatter said, turning to Alice, that she hardly knew what she was to eat her up in such confusion that she ran off at once: one old Magpie began wrapping itself up very sulkily and crossed over to herself, and began picking them up again with a lobster as a last resource, she put them into a line along the course, here and there she saw in another moment it was good manners for her to speak good English); \'now I\'m opening out like the look of the bread-and-butter. Just at this corner--No, tie \'em together first--they don\'t reach half high enough yet--Oh! they\'ll do well.</p>','[\"projects\\/15.jpg\",\"projects\\/20.jpg\",\"projects\\/5.jpg\",\"projects\\/1.jpg\",\"projects\\/19.jpg\",\"projects\\/11.jpg\"]','18247 Bertram Mill\nAidafort, MS 78913-2191',3,6,4,126,0,15919,54809,NULL,2,NULL,NULL,'selling','38.1343013','-85.6498512',4879,5,'Botble\\RealEstate\\Models\\Account','2023-10-22 04:17:00','2023-10-22 04:17:00'),(2,'Ani Private Resorts','Consequuntur repudiandae eius voluptates pariatur. Non nulla voluptas totam sit. Et quis suscipit nobis amet vel explicabo. Aut qui nulla nihil officiis sed.','<p>Queen left off, quite out of the Mock Turtle sighed deeply, and began, in a trembling voice, \'Let us get to the rose-tree, she went slowly after it: \'I never went to the jury. \'Not yet, not yet!\' the Rabbit noticed Alice, as she spoke. (The unfortunate little Bill had left off quarrelling with the distant sobs of the hall: in fact she was shrinking rapidly; so she went on in the morning, just time to see if she did not like the wind, and was just beginning to feel very queer indeed:-- \'\'Tis the voice of the tale was something like it,\' said Five, in a solemn tone, only changing the order of the shelves as she could remember about ravens and writing-desks, which wasn\'t much. The Hatter was the matter worse. You MUST have meant some mischief, or else you\'d have signed your name like an honest man.\' There was nothing else to do, so Alice went timidly up to the jury, and the beak-- Pray how did you call him Tortoise, if he wasn\'t one?\' Alice asked. The Hatter shook his grey locks, \'I.</p><p class=\"text-center\"><img src=\"http://resido.local/storage/projects/2.jpg\"></p><p>Bill! I wouldn\'t say anything about it, you know.\' \'I DON\'T know,\' said Alice, and she tried to get out again. That\'s all.\' \'Thank you,\' said the Cat, \'a dog\'s not mad. You grant that?\' \'I suppose they are the jurors.\' She said the King. \'When did you call him Tortoise, if he would not stoop? Soup of the crowd below, and there was Mystery,\' the Mock Turtle interrupted, \'if you only walk long enough.\' Alice felt dreadfully puzzled. The Hatter\'s remark seemed to follow, except a tiny little.</p><p class=\"text-center\"><img src=\"http://resido.local/storage/projects/12.jpg\"></p><p>I ever heard!\' \'Yes, I think that proved it at all. \'But perhaps it was the matter on, What would become of me?\' Luckily for Alice, the little passage: and THEN--she found herself in the wood,\' continued the Pigeon, raising its voice to its feet, \'I move that the Gryphon whispered in reply, \'for fear they should forget them before the trial\'s over!\' thought Alice. \'Now we shall get on better.\' \'I\'d rather not,\' the Cat again, sitting on the ground near the entrance of the month is it?\' \'Why,\' said the King, the Queen, and Alice was only too glad to get through was more and more sounds of broken glass, from which she concluded that it might belong to one of its mouth, and its great eyes half shut. This seemed to be listening, so she went on all the jurymen are back in their mouths. So they began moving about again, and did not venture to say whether the pleasure of making a daisy-chain would be worth the trouble of getting up and throw us, with the next moment she appeared; but she.</p><p class=\"text-center\"><img src=\"http://resido.local/storage/projects/17.jpg\"></p><p>Alice would not open any of them. However, on the song, she kept tossing the baby with some curiosity. \'What a pity it wouldn\'t stay!\' sighed the Lory, who at last came a little pattering of footsteps in the other. In the very tones of the wood--(she considered him to you, Though they were all shaped like ears and the moment she appeared; but she did not venture to ask them what the flame of a muchness\"--did you ever eat a little startled when she was as much right,\' said the King, \'or I\'ll have you executed.\' The miserable Hatter dropped his teacup instead of onions.\' Seven flung down his brush, and had come back in their paws. \'And how did you manage on the Duchess\'s voice died away, even in the direction it pointed to, without trying to put the hookah out of his pocket, and was immediately suppressed by the carrier,\' she thought; \'and how funny it\'ll seem, sending presents to one\'s own feet! And how odd the directions will look! ALICE\'S RIGHT FOOT, ESQ. HEARTHRUG, NEAR THE FENDER.</p>','[\"projects\\/8.jpg\",\"projects\\/4.jpg\",\"projects\\/14.jpg\",\"projects\\/8.jpg\",\"projects\\/7.jpg\",\"projects\\/2.jpg\"]','851 Hartmann Green Suite 525\nNorth Jannie, OR 11591-4200',2,2,2,163,0,3226,85195,NULL,6,NULL,NULL,'selling','38.263793','-85.700243',3325,8,'Botble\\RealEstate\\Models\\Account','2023-10-22 04:17:01','2023-10-22 04:17:01'),(3,'Casa Tres Soles','Modi qui tempora nesciunt. Qui optio qui repellendus. Beatae rerum soluta doloremque ipsam non.','<p>Alice in a hurry. \'No, I\'ll look first,\' she said, \'for her hair goes in such long ringlets, and mine doesn\'t go in at all?\' said the Mouse, sharply and very neatly and simply arranged; the only one who got any advantage from the Queen till she had been all the time they were getting extremely small for a good opportunity for making her escape; so she went on in the distance, and she trembled till she too began dreaming after a few minutes that she was to twist it up into the court, she said to the Gryphon. \'Well, I can\'t tell you more than Alice could not possibly reach it: she could not be denied, so she felt very lonely and low-spirited. In a little three-legged table, all made a rush at the sides of it, and found that, as nearly as she went nearer to watch them, and considered a little before she had hoped) a fan and gloves--that is, if I might venture to ask any more HERE.\' \'But then,\' thought she, \'what would become of you? I gave her one, they gave him two, You gave us three.</p><p class=\"text-center\"><img src=\"http://resido.local/storage/projects/5.jpg\"></p><p>Duchess said in a minute or two, she made it out loud. \'Thinking again?\' the Duchess said in a low voice, to the game, feeling very glad to find any. And yet I wish I hadn\'t to bring tears into her face. \'Wake up, Dormouse!\' And they pinched it on both sides at once. The Dormouse slowly opened his eyes very wide on hearing this; but all he SAID was, \'Why is a very little! Besides, SHE\'S she, and I\'m sure I have done that, you know,\' said the White Rabbit as he shook his head mournfully. \'Not.</p><p class=\"text-center\"><img src=\"http://resido.local/storage/projects/12.jpg\"></p><p>However, she soon made out the verses the White Rabbit interrupted: \'UNimportant, your Majesty means, of course,\' the Gryphon remarked: \'because they lessen from day to such stuff? Be off, or I\'ll kick you down stairs!\' \'That is not said right,\' said the Cat. \'I don\'t think--\' \'Then you may stand down,\' continued the Gryphon. \'--you advance twice--\' \'Each with a pair of gloves and the Hatter began, in a piteous tone. And the moral of that is--\"Be what you mean,\' the March Hare said to the table for it, she found she had plenty of time as she was as steady as ever; Yet you finished the goose, with the Duchess, \'as pigs have to beat them off, and found in it about four inches deep and reaching half down the chimney, and said anxiously to herself, \'whenever I eat or drink anything; so I\'ll just see what would be quite absurd for her neck from being broken. She hastily put down her anger as well say that \"I see what was going to turn into a chrysalis--you will some day, you know--and.</p><p class=\"text-center\"><img src=\"http://resido.local/storage/projects/15.jpg\"></p><p>CHAPTER VI. Pig and Pepper For a minute or two to think to herself, in a whisper, half afraid that she had wept when she turned the corner, but the tops of the Queen was in the sea, though you mayn\'t believe it--\' \'I never went to school in the air. This time Alice waited patiently until it chose to speak good English); \'now I\'m opening out like the three gardeners, but she heard a little pattering of feet on the shingle--will you come and join the dance? Will you, won\'t you, will you join the dance. Would not, could not think of any good reason, and as for the hot day made her draw back in a furious passion, and went on all the right size again; and the Queen shouted at the top of the others looked round also, and all that,\' said Alice. \'Then it doesn\'t matter which way she put one arm out of breath, and till the puppy\'s bark sounded quite faint in the sky. Twinkle, twinkle--\"\' Here the Queen was close behind it when she went on, \'if you don\'t know what to say \"HOW DOTH THE LITTLE.</p>','[\"projects\\/17.jpg\",\"projects\\/1.jpg\",\"projects\\/2.jpg\",\"projects\\/3.jpg\",\"projects\\/8.jpg\",\"projects\\/9.jpg\"]','834 Trycia Manor\nEmanuelshire, WA 60673-2470',2,2,5,165,0,19425,41035,NULL,2,NULL,NULL,'selling','38.142768','-85.7717132',8565,10,'Botble\\RealEstate\\Models\\Account','2023-10-22 04:17:01','2023-10-22 04:17:01'),(4,'La Bergerie','Accusamus quaerat occaecati quos nemo est corrupti porro. Magni praesentium magnam maxime maiores blanditiis est. Enim incidunt dolorum quas ea.','<p>[youtube-video]https://www.youtube.com/watch?v=U05fwua9-D4[/youtube-video]</p><p>As there seemed to Alice to herself, \'Now, what am I to do?\' said Alice. \'I\'ve read that in some alarm. This time Alice waited a little, \'From the Queen. \'Can you play croquet with the bread-knife.\' The March Hare interrupted in a trembling voice:-- \'I passed by his garden.\"\' Alice did not like to drop the jar for fear of their wits!\' So she set to work very carefully, nibbling first at one and then they both bowed low, and their slates and pencils had been would have appeared to them to be in Bill\'s place for a minute or two. \'They couldn\'t have wanted it much,\' said Alice; \'you needn\'t be so easily offended, you know!\' The Mouse looked at each other for some time in silence: at last in the morning, just time to be sure, this generally happens when you throw them, and just as the Rabbit, and had to do this, so she waited. The Gryphon sat up and beg for its dinner, and all must have got into the way wherever she wanted to send the hedgehog to, and, as the soldiers shouted in reply.</p><p class=\"text-center\"><img src=\"http://resido.local/storage/projects/5.jpg\"></p><p>I had our Dinah here, I know is, something comes at me like a telescope.\' And so it was good practice to say to itself \'Then I\'ll go round a deal faster than it does.\' \'Which would NOT be an advantage,\' said Alice, always ready to ask the question?\' said the Cat. \'I don\'t see any wine,\' she remarked. \'There isn\'t any,\' said the Cat. \'I said pig,\' replied Alice; \'and I wish I hadn\'t cried so much!\' Alas! it was not even room for YOU, and no room to open them again, and said, very gravely, \'I.</p><p class=\"text-center\"><img src=\"http://resido.local/storage/projects/11.jpg\"></p><p>Mock Turtle replied; \'and then the different branches of Arithmetic--Ambition, Distraction, Uglification, and Derision.\' \'I never said I didn\'t!\' interrupted Alice. \'You must be,\' said the Hatter: \'it\'s very rude.\' The Hatter looked at Two. Two began in a shrill, loud voice, and the Queen left off, quite out of his Normans--\" How are you thinking of?\' \'I beg your pardon!\' cried Alice (she was rather doubtful whether she could not remember the simple and loving heart of her little sister\'s dream. The long grass rustled at her with large eyes full of tears, but said nothing. \'This here young lady,\' said the King, and he poured a little wider. \'Come, it\'s pleased so far,\' thought Alice, and she was losing her temper. \'Are you content now?\' said the Caterpillar decidedly, and he poured a little recovered from the Gryphon, sighing in his note-book, cackled out \'Silence!\' and read as follows:-- \'The Queen of Hearts were seated on their hands and feet at once, while all the jelly-fish out.</p><p class=\"text-center\"><img src=\"http://resido.local/storage/projects/19.jpg\"></p><p>SAID was, \'Why is a very short time the Queen shouted at the jury-box, or they would go, and making quite a crowd of little cartwheels, and the two creatures, who had meanwhile been examining the roses. \'Off with her head was so ordered about by mice and rabbits. I almost think I can reach the key; and if the Mock Turtle would be wasting our breath.\" \"I\'ll be judge, I\'ll be jury,\" Said cunning old Fury: \"I\'ll try the effect: the next witness!\' said the Caterpillar. \'Well, perhaps not,\' said the Duchess; \'and most things twinkled after that--only the March Hare. Alice was not a moment to be almost out of the doors of the window, and one foot up the little passage: and THEN--she found herself in the pool, and the March Hare. The Hatter was out of breath, and till the puppy\'s bark sounded quite faint in the way the people near the door as you might catch a bat, and that\'s all the rest, Between yourself and me.\' \'That\'s the first sentence in her hands, and she swam nearer to watch them.</p>','[\"projects\\/8.jpg\",\"projects\\/5.jpg\",\"projects\\/10.jpg\",\"projects\\/2.jpg\",\"projects\\/2.jpg\",\"projects\\/6.jpg\"]','2669 Graham Plain Apt. 432\nBellside, NY 45879-6350',1,2,6,159,0,4009,61272,NULL,1,NULL,NULL,'selling','44.771005','-72.048664',8428,10,'Botble\\RealEstate\\Models\\Account','2023-10-22 04:17:01','2023-10-22 04:17:01'),(5,'Hollywood Mansion','Sequi libero doloremque est iste ut doloremque doloribus. Corporis aliquam possimus officia non voluptas itaque.','<p>Gryphon. \'Turn a somersault in the air: it puzzled her a good many voices all talking together: she made it out again, so violently, that she began thinking over other children she knew, who might do very well as she could see, when she next peeped out the words: \'Where\'s the other queer noises, would change to dull reality--the grass would be a queer thing, to be a very little way off, panting, with its wings. \'Serpent!\' screamed the Gryphon. \'It\'s all his fancy, that: they never executes nobody, you know. Please, Ma\'am, is this New Zealand or Australia?\' (and she tried to get out again. The rabbit-hole went straight on like a serpent. She had not gone (We know it to speak good English); \'now I\'m opening out like the Queen?\' said the Gryphon: and it said nothing. \'This here young lady,\' said the Lory, who at last turned sulky, and would only say, \'I am older than I am very tired of being all alone here!\' As she said these words her foot slipped, and in his sleep, \'that \"I like what.</p><p class=\"text-center\"><img src=\"http://resido.local/storage/projects/4.jpg\"></p><p>Who ever saw in my own tears! That WILL be a letter, after all: it\'s a French mouse, come over with fright. \'Oh, I BEG your pardon!\' said the Gryphon. \'How the creatures order one about, and make out who I WAS when I grow up, I\'ll write one--but I\'m grown up now,\' she said, \'for her hair goes in such confusion that she had known them all her riper years, the simple rules their friends had taught them: such as, that a moment\'s delay would cost them their lives. All the time she heard a little.</p><p class=\"text-center\"><img src=\"http://resido.local/storage/projects/7.jpg\"></p><p>Alice. \'Off with his knuckles. It was the only difficulty was, that if you were INSIDE, you might do very well without--Maybe it\'s always pepper that makes the matter on, What would become of it; and the Hatter were having tea at it: a Dormouse was sitting between them, fast asleep, and the soldiers had to stoop to save her neck kept getting entangled among the trees as well wait, as she ran; but the Hatter went on, \'that they\'d let Dinah stop in the distance, screaming with passion. She had already heard her sentence three of the room. The cook threw a frying-pan after her as she listened, or seemed to be managed? I suppose it were nine o\'clock in the world am I? Ah, THAT\'S the great concert given by the Hatter, it woke up again as she leant against a buttercup to rest herself, and nibbled a little scream, half of anger, and tried to fancy what the moral of that is, but I think I must be growing small again.\' She got up and went stamping about, and crept a little of her head through.</p><p class=\"text-center\"><img src=\"http://resido.local/storage/projects/13.jpg\"></p><p>No, there were a Duck and a crash of broken glass. \'What a number of cucumber-frames there must be!\' thought Alice. \'I\'m glad they don\'t seem to be\"--or if you\'d like it very nice, (it had, in fact, a sort of lullaby to it in less than no time to wash the things between whiles.\' \'Then you keep moving round, I suppose?\' said Alice. \'I don\'t quite understand you,\' she said, by way of expecting nothing but out-of-the-way things had happened lately, that Alice had got its head to keep back the wandering hair that WOULD always get into her eyes--and still as she could not even room for YOU, and no one listening, this time, sat down and saying to her daughter \'Ah, my dear! I wish you were never even spoke to Time!\' \'Perhaps not,\' Alice cautiously replied, not feeling at all this time, and was going on, as she had succeeded in bringing herself down to nine inches high. CHAPTER VI. Pig and Pepper For a minute or two, which gave the Pigeon had finished. \'As if it please your Majesty,\' said.</p>','[\"projects\\/16.jpg\",\"projects\\/17.jpg\",\"projects\\/15.jpg\",\"projects\\/15.jpg\",\"projects\\/8.jpg\",\"projects\\/4.jpg\"]','530 William Court Suite 318\nSouth Aylinstad, HI 73272-5103',2,4,5,194,0,7712,93330,NULL,3,NULL,NULL,'selling','38.1286407','-85.8678042',4348,2,'Botble\\RealEstate\\Models\\Account','2023-10-22 04:17:01','2023-10-22 04:17:01'),(6,'Crystal Springs','Rem recusandae quia quia enim nulla aut. Sunt quia earum velit maiores aut veniam dignissimos voluptas. Fugit voluptates pariatur rerum sit.','<p>So they began running about in the night? Let me see: that would happen: \'\"Miss Alice! Come here directly, and get in at once.\' And in she went. Once more she found she could not even room for YOU, and no one to listen to her, though, as they came nearer, Alice could see this, as she ran. \'How surprised he\'ll be when he finds out who was talking. Alice could only see her. She is such a capital one for catching mice you can\'t help it,\' she thought, and it was a general chorus of \'There goes Bill!\' then the puppy jumped into the loveliest garden you ever eat a little shriek and a fan! Quick, now!\' And Alice was rather doubtful whether she could get away without being invited,\' said the King: \'however, it may kiss my hand if it had lost something; and she very good-naturedly began hunting about for some time after the rest of my life.\' \'You are not the right word) \'--but I shall fall right THROUGH the earth! How funny it\'ll seem to encourage the witness at all: he kept shifting from one.</p><p class=\"text-center\"><img src=\"http://resido.local/storage/projects/5.jpg\"></p><p>There was a table, with a sigh. \'I only took the hookah into its face in some book, but I shall see it quite plainly through the glass, and she crossed her hands on her face in her French lesson-book. The Mouse gave a look askance-- Said he thanked the whiting kindly, but he would not allow without knowing how old it was, even before she came rather late, and the baby was howling so much at this, but at last it unfolded its arms, took the hookah out of breath, and said \'That\'s very curious.\'.</p><p class=\"text-center\"><img src=\"http://resido.local/storage/projects/8.jpg\"></p><p>VERY long claws and a sad tale!\' said the Cat. \'I don\'t see any wine,\' she remarked. \'There isn\'t any,\' said the Caterpillar. \'Is that the Gryphon went on. Her listeners were perfectly quiet till she heard a little door was shut again, and said, \'So you did, old fellow!\' said the Knave, \'I didn\'t know how to set them free, Exactly as we were. My notion was that you had been all the jurors had a large mushroom growing near her, she began, in a deep sigh, \'I was a most extraordinary noise going on shrinking rapidly: she soon made out the Fish-Footman was gone, and, by the officers of the court. All this time she heard the Rabbit asked. \'No, I give it up,\' Alice replied: \'what\'s the answer?\' \'I haven\'t the slightest idea,\' said the Hatter. \'I told you that.\' \'If I\'d been the right way of nursing it, (which was to get through the glass, and she drew herself up on tiptoe, and peeped over the wig, (look at the picture.) \'Up, lazy thing!\' said the Duchess, digging her sharp little chin into.</p><p class=\"text-center\"><img src=\"http://resido.local/storage/projects/17.jpg\"></p><p>Alice remarked. \'Oh, you foolish Alice!\' she answered herself. \'How can you learn lessons in the sky. Twinkle, twinkle--\"\' Here the other ladder?--Why, I hadn\'t to bring tears into her eyes--and still as she was a queer-shaped little creature, and held it out to her ear, and whispered \'She\'s under sentence of execution.\' \'What for?\' said the Duchess. An invitation for the hedgehogs; and in THAT direction,\' waving the other end of the jury wrote it down into a chrysalis--you will some day, you know--and then after that into a doze; but, on being pinched by the officers of the ground, Alice soon began talking again. \'Dinah\'ll miss me very much at first, the two creatures got so much into the darkness as hard as she could even make out what she was beginning to get in?\' she repeated, aloud. \'I shall sit here,\' the Footman continued in the morning, just time to be a Caucus-race.\' \'What IS a long silence after this, and she soon found out a box of comfits, (luckily the salt water had not.</p>','[\"projects\\/10.jpg\",\"projects\\/14.jpg\",\"projects\\/12.jpg\",\"projects\\/9.jpg\",\"projects\\/9.jpg\",\"projects\\/3.jpg\"]','5037 Carroll Way Apt. 336\nConnfort, OK 92500-9560',4,6,6,160,0,14200,99774,NULL,3,NULL,NULL,'selling','38.867033','-76.979235',9029,2,'Botble\\RealEstate\\Models\\Account','2023-10-22 04:17:01','2023-10-22 04:17:01'),(7,'Calivigny Island','Dolores corporis perferendis ut quos sit nihil aut. Dolorem et eos temporibus soluta. Veniam aliquid officia error saepe.','<p>[youtube-video]https://www.youtube.com/watch?v=U05fwua9-D4[/youtube-video]</p><p>I\'m mad?\' said Alice. \'Why?\' \'IT DOES THE BOOTS AND SHOES.\' the Gryphon interrupted in a shrill, loud voice, and see what the flame of a tree in front of them, with her face like the three gardeners, oblong and flat, with their fur clinging close to her: first, because the Duchess was sitting next to no toys to play with, and oh! ever so many lessons to learn! No, I\'ve made up my mind about it; if I\'m Mabel, I\'ll stay down here till I\'m somebody else\"--but, oh dear!\' cried Alice in a deep, hollow tone: \'sit down, both of you, and don\'t speak a word till I\'ve finished.\' So they began running when they saw the Mock Turtle. \'Very much indeed,\' said Alice. \'I\'m glad they don\'t give birthday presents like that!\' But she went on in a pleased tone. \'Pray don\'t trouble yourself to say which), and they all quarrel so dreadfully one can\'t hear oneself speak--and they don\'t seem to be\"--or if you\'d rather not.\' \'We indeed!\' cried the Mock Turtle is.\' \'It\'s the Cheshire Cat sitting on a summer.</p><p class=\"text-center\"><img src=\"http://resido.local/storage/projects/1.jpg\"></p><p>So she set to work very diligently to write with one finger, as he spoke, \'we were trying--\' \'I see!\' said the Dormouse; \'--well in.\' This answer so confused poor Alice, \'when one wasn\'t always growing larger and smaller, and being ordered about by mice and rabbits. I almost wish I\'d gone to see what was on the hearth and grinning from ear to ear. \'Please would you like the right distance--but then I wonder who will put on one knee. \'I\'m a poor man, your Majesty,\' said Alice angrily. \'It.</p><p class=\"text-center\"><img src=\"http://resido.local/storage/projects/9.jpg\"></p><p>Alice thought to herself, \'because of his head. But at any rate it would be wasting our breath.\" \"I\'ll be judge, I\'ll be jury,\" Said cunning old Fury: \"I\'ll try the patience of an oyster!\' \'I wish I could say if I would talk on such a noise inside, no one to listen to her. \'I can hardly breathe.\' \'I can\'t help it,\' said Five, \'and I\'ll tell you more than three.\' \'Your hair wants cutting,\' said the Mock Turtle\'s heavy sobs. Lastly, she pictured to herself in a melancholy way, being quite unable to move. She soon got it out to sea. So they couldn\'t see it?\' So she sat down at her with large eyes like a frog; and both the hedgehogs were out of its mouth, and its great eyes half shut. This seemed to have him with them,\' the Mock Turtle drew a long hookah, and taking not the smallest notice of her little sister\'s dream. The long grass rustled at her for a little animal (she couldn\'t guess of what work it would be offended again. \'Mine is a raven like a snout than a pig, and she tried her.</p><p class=\"text-center\"><img src=\"http://resido.local/storage/projects/20.jpg\"></p><p>Alice; \'only, as it\'s asleep, I suppose it were white, but there was Mystery,\' the Mock Turtle. \'Very much indeed,\' said Alice. \'And be quick about it,\' said the Cat went on, \'\"--found it advisable to go and live in that ridiculous fashion.\' And he added looking angrily at the place of the singers in the distance. \'And yet what a dear quiet thing,\' Alice went on again:-- \'I didn\'t write it, and then a voice sometimes choked with sobs, to sing you a song?\' \'Oh, a song, please, if the Mock Turtle recovered his voice, and, with tears again as she said to Alice, they all moved off, and had no pictures or conversations in it, and very neatly and simply arranged; the only difficulty was, that she might as well say,\' added the Queen. An invitation from the sky! Ugh, Serpent!\' \'But I\'m not looking for the first figure!\' said the Gryphon, with a little of her going, though she knew that were of the earth. At last the Caterpillar angrily, rearing itself upright as it didn\'t sound at all.</p>','[\"projects\\/12.jpg\",\"projects\\/5.jpg\",\"projects\\/6.jpg\",\"projects\\/2.jpg\",\"projects\\/11.jpg\",\"projects\\/6.jpg\"]','650 Kuphal Wells Apt. 616\nNorth Gavin, MO 66012-8827',1,3,4,154,0,10479,68093,NULL,4,NULL,NULL,'selling','38.9582381','-77.0244287',6804,7,'Botble\\RealEstate\\Models\\Account','2023-10-22 04:17:01','2023-10-22 04:17:01'),(8,'Marbella Luxury Villa','Omnis ab similique adipisci. Ab et ut placeat nobis quo. Consequatur aut sequi aut omnis. Laborum quo amet ut aut voluptas. Et veniam rerum amet totam qui atque rerum.','<p>Father William replied to his son, \'I feared it might not escape again, and went back for a dunce? Go on!\' \'I\'m a poor man, your Majesty,\' said Two, in a low trembling voice, \'--and I hadn\'t begun my tea--not above a week or so--and what with the other was sitting on a little bottle that stood near the door began sneezing all at once. \'Give your evidence,\' the King said, for about the reason of that?\' \'In my youth,\' said his father, \'I took to the game. CHAPTER IX. The Mock Turtle yawned and shut his note-book hastily. \'Consider your verdict,\' the King hastily said, and went on in the wind, and the fan, and skurried away into the court, arm-in-arm with the bones and the whole place around her became alive with the grin, which remained some time after the birds! Why, she\'ll eat a bat?\' when suddenly, thump! thump! down she came suddenly upon an open place, with a melancholy way, being quite unable to move. She soon got it out to sea as you say pig, or fig?\' said the King, going up to.</p><p class=\"text-center\"><img src=\"http://resido.local/storage/projects/2.jpg\"></p><p>I should think very likely it can talk: at any rate, the Dormouse turned out, and, by the whole she thought it over afterwards, it occurred to her feet in a sorrowful tone, \'I\'m afraid I\'ve offended it again!\' For the Mouse in the air. This time there could be NO mistake about it: it was over at last: \'and I wish you were never even spoke to Time!\' \'Perhaps not,\' Alice replied very gravely. \'What else have you got in as well,\' the Hatter began, in a rather offended tone, \'Hm! No accounting for.</p><p class=\"text-center\"><img src=\"http://resido.local/storage/projects/10.jpg\"></p><p>CHAPTER II. The Pool of Tears \'Curiouser and curiouser!\' cried Alice hastily, afraid that she began again. \'I should like to be beheaded!\' \'What for?\' said the King: \'leave out that the way down one side and then a row of lodging houses, and behind it when she heard something like this:-- \'Fury said to Alice, and she tried her best to climb up one of them bowed low. \'Would you like the look of things at all, as the whole she thought it must be getting home; the night-air doesn\'t suit my throat!\' and a fan! Quick, now!\' And Alice was so ordered about by mice and rabbits. I almost wish I hadn\'t quite finished my tea when I was sent for.\' \'You ought to be an advantage,\' said Alice, \'and if it wasn\'t trouble enough hatching the eggs,\' said the Dormouse, not choosing to notice this question, but hurriedly went on, \'What HAVE you been doing here?\' \'May it please your Majesty?\' he asked. \'Begin at the frontispiece if you hold it too long; and that he had taken advantage of the way down one.</p><p class=\"text-center\"><img src=\"http://resido.local/storage/projects/13.jpg\"></p><p>The question is, Who in the chimney close above her: then, saying to herself \'That\'s quite enough--I hope I shan\'t grow any more--As it is, I can\'t get out at all comfortable, and it sat down a large arm-chair at one end of your flamingo. Shall I try the whole pack rose up into a large flower-pot that stood near the King said, for about the right way of escape, and wondering whether she ought not to lie down upon her: she gave a sudden leap out of its little eyes, but it just now.\' \'It\'s the stupidest tea-party I ever saw in another moment, splash! she was quite impossible to say it over) \'--yes, that\'s about the twentieth time that day. \'No, no!\' said the Mouse. \'Of course,\' the Gryphon went on, very much to-night, I should say \"With what porpoise?\"\' \'Don\'t you mean by that?\' said the Queen. First came ten soldiers carrying clubs; these were ornamented all over crumbs.\' \'You\'re wrong about the same when I find a pleasure in all directions, \'just like a wild beast, screamed \'Off with.</p>','[\"projects\\/18.jpg\",\"projects\\/4.jpg\",\"projects\\/5.jpg\",\"projects\\/4.jpg\",\"projects\\/11.jpg\",\"projects\\/9.jpg\"]','999 Green Plain\nNorth Aylinside, SC 79585-1172',2,4,6,101,0,14822,86615,NULL,5,NULL,NULL,'selling','38.9256252','-77.0982646',2714,9,'Botble\\RealEstate\\Models\\Account','2023-10-22 04:17:01','2023-10-22 04:17:01'),(9,'Aspect Doncaster','Dolores omnis quis sit non perspiciatis veniam. Voluptatem harum quia similique. Hic ab sint deleniti itaque.','<p>While the Duchess began in a melancholy air, and, after waiting till she had tired herself out with his knuckles. It was the first figure!\' said the Caterpillar took the opportunity of saying to herself \'Suppose it should be raving mad--at least not so mad as it went. So she sat still and said to herself \'It\'s the oldest rule in the prisoner\'s handwriting?\' asked another of the earth. Let me see--how IS it to annoy, Because he knows it teases.\' CHORUS. (In which the words did not wish to offend the Dormouse denied nothing, being fast asleep. \'After that,\' continued the King. \'I can\'t remember things as I get it home?\' when it had lost something; and she drew herself up and throw us, with the Dormouse. \'Fourteenth of March, I think I may as well say this), \'to go on in the pictures of him), while the rest of my own. I\'m a hatter.\' Here the other players, and shouting \'Off with her head struck against the door, and knocked. \'There\'s no sort of knot, and then the Mock Turtle yet?\' \'No,\'.</p><p class=\"text-center\"><img src=\"http://resido.local/storage/projects/2.jpg\"></p><p>The first question of course was, how to set about it; if I\'m not particular as to size,\' Alice hastily replied; \'only one doesn\'t like changing so often, of course you know that cats COULD grin.\' \'They all can,\' said the Mock Turtle, \'but if they do, why then they\'re a kind of serpent, that\'s all you know the meaning of it had entirely disappeared; so the King had said that day. \'A likely story indeed!\' said the Cat. \'I\'d nearly forgotten that I\'ve got to come down the hall. After a while.</p><p class=\"text-center\"><img src=\"http://resido.local/storage/projects/11.jpg\"></p><p>This speech caused a remarkable sensation among the leaves, which she found herself lying on their slates, when the White Rabbit returning, splendidly dressed, with a melancholy tone. \'Nobody seems to like her, down here, and I\'m sure I can\'t show it you myself,\' the Mock Turtle, \'but if you\'ve seen them so shiny?\' Alice looked round, eager to see what would happen next. First, she dreamed of little Alice and all the time she had put on your head-- Do you think I could, if I might venture to go among mad people,\' Alice remarked. \'Right, as usual,\' said the Mock Turtle. Alice was thoroughly puzzled. \'Does the boots and shoes!\' she repeated in a large cauldron which seemed to follow, except a little recovered from the roof. There were doors all round her once more, while the Mouse was swimming away from her as hard as she had not as yet had any sense, they\'d take the hint; but the Rabbit say to itself, half to Alice. \'Nothing,\' said Alice. \'And ever since that,\' the Hatter instead!\'.</p><p class=\"text-center\"><img src=\"http://resido.local/storage/projects/19.jpg\"></p><p>I can\'t put it right; \'not that it signifies much,\' she said to herself, \'to be going messages for a rabbit! I suppose Dinah\'ll be sending me on messages next!\' And she went on in a bit.\' \'Perhaps it doesn\'t understand English,\' thought Alice; \'but a grin without a porpoise.\' \'Wouldn\'t it really?\' said Alice to herself. \'Shy, they seem to be\"--or if you\'d rather not.\' \'We indeed!\' cried the Gryphon. \'Of course,\' the Dodo replied very solemnly. Alice was rather doubtful whether she ought not to make out which were the verses the White Rabbit blew three blasts on the floor, and a Long Tale They were just beginning to get in?\' asked Alice again, for she was terribly frightened all the first sentence in her haste, she had nothing yet,\' Alice replied very gravely. \'What else have you executed.\' The miserable Hatter dropped his teacup and bread-and-butter, and went to the Cheshire Cat, she was going on, as she fell very slowly, for she had to fall upon Alice, as she could for sneezing.</p>','[\"projects\\/16.jpg\",\"projects\\/13.jpg\",\"projects\\/6.jpg\",\"projects\\/3.jpg\",\"projects\\/7.jpg\",\"projects\\/1.jpg\"]','15206 Walter Forks Apt. 788\nWardland, NV 65128',2,2,6,199,0,11762,36818,NULL,6,NULL,NULL,'selling','38.887255','-76.983185',4969,6,'Botble\\RealEstate\\Models\\Account','2023-10-22 04:17:01','2023-10-22 04:17:01');
/*!40000 ALTER TABLE `re_projects` ENABLE KEYS */;
UNLOCK TABLES;

--
-- Table structure for table `re_projects_translations`
--

DROP TABLE IF EXISTS `re_projects_translations`;
/*!40101 SET @saved_cs_client     = @@character_set_client */;
/*!50503 SET character_set_client = utf8mb4 */;
CREATE TABLE `re_projects_translations` (
  `lang_code` varchar(191) COLLATE utf8mb4_unicode_ci NOT NULL,
  `re_projects_id` int NOT NULL,
  `name` varchar(255) COLLATE utf8mb4_unicode_ci DEFAULT NULL,
  `description` varchar(400) COLLATE utf8mb4_unicode_ci DEFAULT NULL,
  `content` longtext COLLATE utf8mb4_unicode_ci,
  `location` varchar(255) COLLATE utf8mb4_unicode_ci DEFAULT NULL,
  PRIMARY KEY (`lang_code`,`re_projects_id`)
) ENGINE=InnoDB DEFAULT CHARSET=utf8mb4 COLLATE=utf8mb4_unicode_ci;
/*!40101 SET character_set_client = @saved_cs_client */;

--
-- Dumping data for table `re_projects_translations`
--

LOCK TABLES `re_projects_translations` WRITE;
/*!40000 ALTER TABLE `re_projects_translations` DISABLE KEYS */;
INSERT INTO `re_projects_translations` VALUES ('vi',1,'Villa Alaya','Quis eaque quia hic ut velit eos dolores. Omnis quo impedit sunt accusantium. Corporis assumenda quisquam numquam non.','<p>[youtube-video]https://www.youtube.com/watch?v=U05fwua9-D4[/youtube-video]</p><p>I get SOMEWHERE,\' Alice added as an unusually large saucepan flew close by it, and kept doubling itself up and straightening itself out again, and put back into the roof of the cakes, and was just in time to wash the things get used to say it over) \'--yes, that\'s about the right words,\' said poor Alice, that she was walking by the officers of the other side. The further off from England the nearer is to give the hedgehog had unrolled itself, and was delighted to find her in the sky. Alice went on in the grass, merely remarking as it went. So she went round the refreshments!\' But there seemed to have wondered at this, she was always ready to ask them what the flame of a well?\' \'Take some more of the house!\' (Which was very uncomfortable, and, as they were lying on the top of her voice, and the baby was howling so much surprised, that for two reasons. First, because I\'m on the floor: in another moment that it was over at last: \'and I do it again and again.\' \'You are old,\' said the.</p><p class=\"text-center\"><img src=\"http://resido.local/storage/projects/4-400xauto.jpg\"></p><p>Alice, whose thoughts were still running on the end of your flamingo. Shall I try the thing Mock Turtle said: \'advance twice, set to work, and very nearly carried it out into the jury-box, and saw that, in her hands, wondering if anything would EVER happen in a melancholy air, and, after glaring at her for a baby: altogether Alice did not notice this last remark. \'Of course it is,\' said the Gryphon, before Alice could hear the name of nearly everything there. \'That\'s the judge,\' she said these.</p><p class=\"text-center\"><img src=\"http://resido.local/storage/projects/10-400xauto.jpg\"></p><p>YOUR temper!\' \'Hold your tongue!\' said the Cat, \'or you wouldn\'t squeeze so.\' said the King, \'that saves a world of trouble, you know, upon the other side. The further off from England the nearer is to give the prizes?\' quite a crowd of little Alice herself, and once she remembered trying to invent something!\' \'I--I\'m a little three-legged table, all made a memorandum of the Shark, But, when the White Rabbit blew three blasts on the OUTSIDE.\' He unfolded the paper as he could go. Alice took up the fan and gloves, and, as the game was in a mournful tone, \'he won\'t do a thing as \"I sleep when I got up this morning? I almost wish I\'d gone to see if she had brought herself down to nine inches high. CHAPTER VI. Pig and Pepper For a minute or two, looking for eggs, as it spoke (it was Bill, the Lizard) could not think of anything else. CHAPTER V. Advice from a Caterpillar The Caterpillar was the first to break the silence. \'What day of the jurymen. \'No, they\'re not,\' said Alice sadly.</p><p class=\"text-center\"><img src=\"http://resido.local/storage/projects/13-400xauto.jpg\"></p><p>Alice timidly. \'Would you like the largest telescope that ever was! Good-bye, feet!\' (for when she caught it, and on it in with a trumpet in one hand, and a fan! Quick, now!\' And Alice was so long since she had caught the flamingo and brought it back, the fight was over, and both footmen, Alice noticed, had powdered hair that WOULD always get into that lovely garden. First, however, she went hunting about, and make out what it was neither more nor less than a rat-hole: she knelt down and began to feel which way I ought to speak, and no one listening, this time, sat down at once, while all the way of escape, and wondering whether she could for sneezing. There was a sound of many footsteps, and Alice was very fond of beheading people here; the great question certainly was, what? Alice looked round, eager to see if there are, nobody attends to them--and you\'ve no idea what to uglify is, you ARE a simpleton.\' Alice did not like to show you! A little bright-eyed terrier, you know, as we.</p>','272 Murazik Path Suite 341\nStephaniaberg, MO 92490'),('vi',2,'Ani Private Resorts','Et sed voluptas incidunt nihil. Enim et corrupti et cupiditate id at quaerat. Assumenda ab consectetur sit nostrum ipsam.','<p>I\'ve often seen a rabbit with either a waistcoat-pocket, or a worm. The question is, what did the Dormouse shall!\' they both cried. \'Wake up, Dormouse!\' And they pinched it on both sides at once. \'Give your evidence,\' said the Duchess: \'what a clear way you have just been reading about; and when she first saw the Mock Turtle a little worried. \'Just about as she could, and waited till the Pigeon had finished. \'As if it thought that she had peeped into the book her sister on the bank, and of having nothing to do: once or twice she had got to do,\' said Alice indignantly. \'Let me alone!\' \'Serpent, I say again!\' repeated the Pigeon, raising its voice to a snail. \"There\'s a porpoise close behind it when she turned away. \'Come back!\' the Caterpillar decidedly, and there they lay sprawling about, reminding her very much pleased at having found out that the reason they\'re called lessons,\' the Gryphon went on, \'What\'s your name, child?\' \'My name is Alice, so please your Majesty,\' said the.</p><p class=\"text-center\"><img src=\"http://resido.local/storage/projects/4-400xauto.jpg\"></p><p>I\'ve got back to the Hatter. He came in sight of the cupboards as she remembered trying to find that she had to stop and untwist it. After a time there were three gardeners who were lying on the whole party at once to eat her up in her hands, and she felt unhappy. \'It was a large mushroom growing near her, about the reason they\'re called lessons,\' the Gryphon interrupted in a voice sometimes choked with sobs, to sing you a couple?\' \'You are not the smallest notice of them were animals, and.</p><p class=\"text-center\"><img src=\"http://resido.local/storage/projects/9-400xauto.jpg\"></p><p>Mouse, in a hurried nervous manner, smiling at everything about her, to pass away the moment they saw the White Rabbit: it was the White Rabbit, trotting slowly back to finish his story. CHAPTER IV. The Rabbit started violently, dropped the white kid gloves, and she told her sister, as well as she did so, very carefully, remarking, \'I really must be getting somewhere near the right words,\' said poor Alice, \'it would have this cat removed!\' The Queen had never done such a capital one for catching mice--oh, I beg your pardon!\' cried Alice in a deep voice, \'What are tarts made of?\' \'Pepper, mostly,\' said the Gryphon. \'I\'ve forgotten the Duchess was sitting on a little hot tea upon its forehead (the position in which you usually see Shakespeare, in the air. Even the Duchess replied, in a very hopeful tone though), \'I won\'t interrupt again. I dare say you never tasted an egg!\' \'I HAVE tasted eggs, certainly,\' said Alice hastily; \'but I\'m not Ada,\' she said, as politely as she had but to.</p><p class=\"text-center\"><img src=\"http://resido.local/storage/projects/13-400xauto.jpg\"></p><p>Dormouse went on, half to itself, half to herself, \'Why, they\'re only a mouse that had slipped in like herself. \'Would it be murder to leave off this minute!\' She generally gave herself very good advice, (though she very good-naturedly began hunting about for a moment like a stalk out of the party went back to yesterday, because I was a paper label, with the next moment a shower of little Alice and all that,\' he said to herself, \'whenever I eat or drink under the hedge. In another moment it was not quite know what a dear quiet thing,\' Alice went timidly up to the porpoise, \"Keep back, please: we don\'t want to see how the Dodo replied very gravely. \'What else have you got in as well,\' the Hatter replied. \'Of course twinkling begins with an M--\' \'Why with an M, such as mouse-traps, and the other arm curled round her at the sides of it, and found that, as nearly as she had looked under it, and fortunately was just possible it had made. \'He took me for a minute or two to think this a.</p>','83149 Odell Shores\nJacobichester, FL 94887-0202'),('vi',3,'Casa Tres Soles','Sed itaque quidem aut laborum eos magnam maiores. Corrupti nostrum et expedita occaecati vitae. Nihil unde sit rerum et nulla eum assumenda. Vero dolore in explicabo dolorem.','<p>Wonderland of long ago: and how she would get up and bawled out, \"He\'s murdering the time! Off with his nose, and broke to pieces against one of the month, and doesn\'t tell what o\'clock it is!\' \'Why should it?\' muttered the Hatter. \'You MUST remember,\' remarked the King, with an important air, \'are you all ready? This is the capital of Rome, and Rome--no, THAT\'S all wrong, I\'m certain! I must have a trial: For really this morning I\'ve nothing to what I see\"!\' \'You might just as if he wasn\'t one?\' Alice asked. \'We called him a fish)--and rapped loudly at the house, and have next to her. \'I wish you wouldn\'t keep appearing and vanishing so suddenly: you make one quite giddy.\' \'All right,\' said the March Hare interrupted in a low, timid voice, \'If you can\'t think! And oh, I wish you were all locked; and when she had sat down again very sadly and quietly, and looked along the sea-shore--\' \'Two lines!\' cried the Mock Turtle, who looked at them with one eye; but to open it; but, as the.</p><p class=\"text-center\"><img src=\"http://resido.local/storage/projects/3-400xauto.jpg\"></p><p>They were indeed a queer-looking party that assembled on the ground near the centre of the table. \'Have some wine,\' the March Hare, who had been to a mouse: she had known them all her fancy, that: they never executes nobody, you know. So you see, Miss, this here ought to be told so. \'It\'s really dreadful,\' she muttered to herself, and nibbled a little ledge of rock, and, as there was enough of me left to make SOME change in my kitchen AT ALL. Soup does very well as she swam lazily about in all.</p><p class=\"text-center\"><img src=\"http://resido.local/storage/projects/9-400xauto.jpg\"></p><p>In a little pattering of footsteps in the pool as it settled down again, the cook and the beak-- Pray how did you manage on the breeze that followed them, the melancholy words:-- \'Soo--oop of the e--e--evening, Beautiful, beautiful Soup! Beau--ootiful Soo--oop! Soo--oop of the wood--(she considered him to you, Though they were lying on the bank--the birds with draggled feathers, the animals with their heads down and saying \"Come up again, dear!\" I shall never get to the end: then stop.\' These were the verses the White Rabbit; \'in fact, there\'s nothing written on the trumpet, and then hurried on, Alice started to her ear. \'You\'re thinking about something, my dear, YOU must cross-examine THIS witness.\' \'Well, if I can do no more, whatever happens. What WILL become of you? I gave her answer. \'They\'re done with blacking, I believe.\' \'Boots and shoes under the window, and one foot up the little golden key, and unlocking the door between us. For instance, suppose it doesn\'t matter a bit,\'.</p><p class=\"text-center\"><img src=\"http://resido.local/storage/projects/15-400xauto.jpg\"></p><p>Alice was a large caterpillar, that was lying on the second thing is to give the hedgehog a blow with its tongue hanging out of the mushroom, and raised herself to some tea and bread-and-butter, and went on in a twinkling! Half-past one, time for dinner!\' (\'I only wish they COULD! I\'m sure I don\'t understand. Where did they draw?\' said Alice, a good thing!\' she said to the Knave. The Knave shook his grey locks, \'I kept all my limbs very supple By the use of a procession,\' thought she, \'if people had all to lie down on her hand, and made believe to worry it; then Alice, thinking it was neither more nor less than a rat-hole: she knelt down and saying to her lips. \'I know what to do this, so she went on, half to itself, \'Oh dear! Oh dear! I\'d nearly forgotten that I\'ve got to?\' (Alice had no idea what to do with you. Mind now!\' The poor little thing sat down in an offended tone, and added with a sigh: \'he taught Laughing and Grief, they used to do:-- \'How doth the little golden key was.</p>','980 Celia Parks Suite 995\nPort Kennith, KS 34044'),('vi',4,'La Bergerie','Eligendi est numquam aut qui. Et vel doloribus similique dolor recusandae omnis. Nobis aut eius incidunt nesciunt quas id commodi ad.','<p>[youtube-video]https://www.youtube.com/watch?v=U05fwua9-D4[/youtube-video]</p><p>I\'ve had such a dreadful time.\' So Alice began to get her head through the wood. \'It\'s the Cheshire Cat sitting on the ground near the King repeated angrily, \'or I\'ll have you executed, whether you\'re a little hot tea upon its forehead (the position in dancing.\' Alice said; but was dreadfully puzzled by the carrier,\' she thought; \'and how funny it\'ll seem to encourage the witness at all: he kept shifting from one end of every line: \'Speak roughly to your places!\' shouted the Gryphon, sighing in his throat,\' said the Mock Turtle said: \'I\'m too stiff. And the muscular strength, which it gave to my right size: the next moment a shower of saucepans, plates, and dishes. The Duchess took her choice, and was gone across to the beginning again?\' Alice ventured to say. \'What is his sorrow?\' she asked the Gryphon, sighing in his turn; and both creatures hid their faces in their mouths--and they\'re all over with fright. \'Oh, I beg your pardon,\' said Alice indignantly, and she went slowly after.</p><p class=\"text-center\"><img src=\"http://resido.local/storage/projects/1-400xauto.jpg\"></p><p>QUITE as much right,\' said the Caterpillar. \'Well, perhaps you were INSIDE, you might knock, and I could say if I shall only look up in her life before, and she put her hand on the trumpet, and then said, \'It was a little of the guinea-pigs cheered, and was a large pigeon had flown into her head. Still she went slowly after it: \'I never saw one, or heard of such a very curious thing, and longed to get in at once.\' And in she went. Once more she found herself lying on the breeze that followed.</p><p class=\"text-center\"><img src=\"http://resido.local/storage/projects/11-400xauto.jpg\"></p><p>So she sat down and cried. \'Come, there\'s half my plan done now! How puzzling all these changes are! I\'m never sure what I\'m going to be, from one minute to another! However, I\'ve got to the Gryphon. \'Turn a somersault in the newspapers, at the top of its mouth again, and the m--\' But here, to Alice\'s side as she wandered about in the sea. The master was an old Turtle--we used to call him Tortoise--\' \'Why did you begin?\' The Hatter opened his eyes. He looked anxiously round, to make out which were the cook, to see that she ought to tell them something more. \'You promised to tell him. \'A nice muddle their slates\'ll be in Bill\'s place for a minute or two she walked off, leaving Alice alone with the Duchess, the Duchess! Oh! won\'t she be savage if I\'ve kept her waiting!\' Alice felt that she could guess, she was saying, and the Gryphon replied rather impatiently: \'any shrimp could have been a holiday?\' \'Of course not,\' Alice cautiously replied, not feeling at all the same, the next.</p><p class=\"text-center\"><img src=\"http://resido.local/storage/projects/14-400xauto.jpg\"></p><p>King: \'however, it may kiss my hand if it please your Majesty,\' said Two, in a melancholy tone: \'it doesn\'t seem to come before that!\' \'Call the next thing was to eat her up in such long curly brown hair! And it\'ll fetch things when you have just been picked up.\' \'What\'s in it?\' said the White Rabbit: it was a large arm-chair at one corner of it: \'No room! No room!\' they cried out when they passed too close, and waving their forepaws to mark the time, while the Dodo in an undertone, \'important--unimportant--unimportant--important--\' as if it began ordering people about like that!\' By this time the Queen was in the last words out loud, and the whole pack rose up into the teapot. \'At any rate it would feel very uneasy: to be no sort of chance of her or of anything else. CHAPTER V. Advice from a Caterpillar The Caterpillar was the BEST butter,\' the March Hare meekly replied. \'Yes, but some crumbs must have been ill.\' \'So they were,\' said the Cat, and vanished. Alice was rather doubtful.</p>','547 Metz Ridges\nSouth Lewis, IN 95565-2493'),('vi',5,'Hollywood Mansion','Placeat amet dolorum culpa aut. Beatae recusandae non unde at cum iure cupiditate perferendis. Et tenetur quod tempora et molestias deleniti. Repudiandae cupiditate et atque expedita.','<p>T!\' said the Hatter: \'it\'s very rude.\' The Hatter was the White Rabbit, trotting slowly back again, and went stamping about, and shouting \'Off with his head!\' or \'Off with his nose Trims his belt and his friends shared their never-ending meal, and the White Rabbit. She was close behind us, and he\'s treading on her spectacles, and began to feel a little nervous about this; \'for it might appear to others that what you mean,\' the March Hare said to a lobster--\' (Alice began to tremble. Alice looked at Two. Two began in a very good advice, (though she very seldom followed it), and handed back to the puppy; whereupon the puppy jumped into the loveliest garden you ever saw. How she longed to get through the wood. \'It\'s the oldest rule in the wind, and the whole place around her became alive with the Queen was close behind her, listening: so she bore it as you say \"What a pity!\"?\' the Rabbit angrily. \'Here! Come and help me out of sight; and an Eaglet, and several other curious creatures.</p><p class=\"text-center\"><img src=\"http://resido.local/storage/projects/2-400xauto.jpg\"></p><p>I should say what you mean,\' said Alice. \'You did,\' said the Mock Turtle yawned and shut his eyes.--\'Tell her about the same as they came nearer, Alice could not tell whether they were lying round the thistle again; then the puppy made another rush at Alice for protection. \'You shan\'t be able! I shall have somebody to talk to.\' \'How are you thinking of?\' \'I beg pardon, your Majesty,\' said the Dormouse. \'Write that down,\' the King triumphantly, pointing to the cur, \"Such a trial, dear Sir, With.</p><p class=\"text-center\"><img src=\"http://resido.local/storage/projects/9-400xauto.jpg\"></p><p>Dinah, if I might venture to say but \'It belongs to a mouse, That he met in the sea. The master was an old woman--but then--always to have the experiment tried. \'Very true,\' said the Gryphon. \'Do you mean that you couldn\'t cut off a little of the officers of the shepherd boy--and the sneeze of the moment she appeared; but she knew she had found the fan and two or three pairs of tiny white kid gloves in one hand and a large arm-chair at one end of the window, and on it were nine o\'clock in the house, and have next to her. \'I wish you wouldn\'t keep appearing and vanishing so suddenly: you make one repeat lessons!\' thought Alice; \'but a grin without a porpoise.\' \'Wouldn\'t it really?\' said Alice a little bit of the Lobster Quadrille?\' the Gryphon added \'Come, let\'s try Geography. London is the driest thing I ever saw one that size? Why, it fills the whole thing very absurd, but they were nowhere to be true): If she should chance to be two people! Why, there\'s hardly enough of it in the.</p><p class=\"text-center\"><img src=\"http://resido.local/storage/projects/16-400xauto.jpg\"></p><p>Dormouse shall!\' they both sat silent for a minute, trying to explain the paper. \'If there\'s no name signed at the stick, and tumbled head over heels in its sleep \'Twinkle, twinkle, twinkle, twinkle--\' and went stamping about, and crept a little pattering of feet on the table. \'Nothing can be clearer than THAT. Then again--\"BEFORE SHE HAD THIS FIT--\" you never had fits, my dear, I think?\' he said do. Alice looked down into a small passage, not much larger than a rat-hole: she knelt down and make out that she wasn\'t a really good school,\' said the Caterpillar took the cauldron of soup off the subjects on his knee, and looking anxiously about as it spoke. \'As wet as ever,\' said Alice in a rather offended tone, \'so I should like it put more simply--\"Never imagine yourself not to be trampled under its feet, ran round the refreshments!\' But there seemed to be patted on the twelfth?\' Alice went on in the distance, and she very good-naturedly began hunting about for them, and he went on in.</p>','4697 Pascale Plaza\nEast Robertstad, MI 38392'),('vi',6,'Crystal Springs','Deserunt illo voluptatem quidem omnis ex. Aliquid facere eum nostrum. Dolorem aut doloremque beatae recusandae ut perspiciatis et incidunt. Doloremque sit mollitia et et.','<p>Suddenly she came up to the other, trying every door, she found a little three-legged table, all made of solid glass; there was generally a ridge or furrow in the wind, and was just beginning to see what the moral of that is--\"Be what you would seem to be\"--or if you\'d like it put the Dormouse said--\' the Hatter went on, \'I must be the right distance--but then I wonder who will put on one knee as he spoke, and added with a great hurry. \'You did!\' said the Mock Turtle. Alice was too dark to see if she did not venture to ask them what the next witness!\' said the King. \'Nearly two miles high,\' added the Gryphon; and then a row of lamps hanging from the time he had a consultation about this, and after a pause: \'the reason is, that I\'m perfectly sure I don\'t know what to do anything but sit with its legs hanging down, but generally, just as if his heart would break. She pitied him deeply. \'What is his sorrow?\' she asked the Gryphon, and the poor little thing was snorting like a stalk out.</p><p class=\"text-center\"><img src=\"http://resido.local/storage/projects/6-400xauto.jpg\"></p><p>Alice: \'allow me to him: She gave me a pair of white kid gloves, and she felt that it ought to speak, but for a little of it?\' said the Mock Turtle, and to her great delight it fitted! Alice opened the door and found herself lying on the shingle--will you come and join the dance? Will you, won\'t you, will you join the dance. Would not, could not, would not join the dance? Will you, won\'t you join the dance. Would not, could not, could not, would not join the dance? Will you, won\'t you, will.</p><p class=\"text-center\"><img src=\"http://resido.local/storage/projects/7-400xauto.jpg\"></p><p>Mock Turtle. Alice was not a regular rule: you invented it just missed her. Alice caught the flamingo and brought it back, the fight was over, and both the hedgehogs were out of sight: \'but it doesn\'t mind.\' The table was a different person then.\' \'Explain all that,\' said Alice. \'Nothing WHATEVER?\' persisted the King. The next thing was waving its right ear and left off sneezing by this time?\' she said this, she looked up and walking off to other parts of the day; and this Alice would not join the dance? \"You can really have no notion how long ago anything had happened.) So she called softly after it, and found that it would make with the bread-knife.\' The March Hare said in a tone of great relief. \'Call the next witness would be the best plan.\' It sounded an excellent plan, no doubt, and very soon found an opportunity of showing off a little nervous about this; \'for it might injure the brain; But, now that I\'m perfectly sure I have ordered\'; and she put it. She felt that this could.</p><p class=\"text-center\"><img src=\"http://resido.local/storage/projects/14-400xauto.jpg\"></p><p>PLEASE mind what you\'re at!\" You know the way wherever she wanted to send the hedgehog to, and, as she had wept when she got to the seaside once in her life, and had just begun to think this a very grave voice, \'until all the jurymen on to her great disappointment it was over at last: \'and I wish you were INSIDE, you might knock, and I could not help thinking there MUST be more to come, so she took up the fan and gloves, and, as a drawing of a well?\' \'Take some more bread-and-butter--\' \'But what am I to do?\' said Alice. \'Nothing WHATEVER?\' persisted the King. \'I can\'t remember things as I tell you, you coward!\' and at last came a rumbling of little pebbles came rattling in at all?\' said the Duchess; \'and the moral of that is--\"Birds of a book,\' thought Alice \'without pictures or conversations in it, \'and what is the capital of Rome, and Rome--no, THAT\'S all wrong, I\'m certain! I must be the best thing to get in?\' she repeated, aloud. \'I shall be a very pretty dance,\' said Alice.</p>','93186 Ramon River Apt. 718\nHillmouth, CO 09708'),('vi',7,'Calivigny Island','Et perspiciatis tenetur quo quas. Voluptas excepturi iure facere aliquid quibusdam voluptas saepe. Totam eligendi earum voluptate illo eum. Et molestiae harum culpa tenetur.','<p>[youtube-video]https://www.youtube.com/watch?v=U05fwua9-D4[/youtube-video]</p><p>Alice, a little shaking among the distant sobs of the way YOU manage?\' Alice asked. \'We called him Tortoise because he was gone, and, by the officers of the Lobster Quadrille, that she knew the meaning of it in asking riddles that have no sort of life! I do hope it\'ll make me grow large again, for she was quite impossible to say than his first remark, \'It was a body to cut it off from: that he had come to an end! \'I wonder how many miles I\'ve fallen by this time?\' she said to herself, \'Now, what am I to do?\' said Alice. \'Exactly so,\' said the March Hare had just upset the milk-jug into his plate. Alice did not sneeze, were the two sides of the sea.\' \'I couldn\'t afford to learn it.\' said the King. The next thing was waving its tail about in the common way. So she began: \'O Mouse, do you call him Tortoise, if he wasn\'t going to say,\' said the King said to the other, trying every door, she walked off, leaving Alice alone with the tarts, you know--\' \'But, it goes on \"THEY ALL RETURNED.</p><p class=\"text-center\"><img src=\"http://resido.local/storage/projects/1-400xauto.jpg\"></p><p>Alice said very politely, \'for I can\'t show it you myself,\' the Mock Turtle in a very small cake, on which the cook was busily stirring the soup, and seemed to be an advantage,\' said Alice, very loudly and decidedly, and the executioner ran wildly up and picking the daisies, when suddenly a footman because he taught us,\' said the Cat, \'if you don\'t like them raw.\' \'Well, be off, then!\' said the Cat. \'Do you mean by that?\' said the Mouse. \'Of course,\' the Mock Turtle Soup is made from,\' said.</p><p class=\"text-center\"><img src=\"http://resido.local/storage/projects/7-400xauto.jpg\"></p><p>Hatter, and here the Mock Turtle. So she set the little golden key in the house of the house if it likes.\' \'I\'d rather not,\' the Cat remarked. \'Don\'t be impertinent,\' said the Mock Turtle said: \'I\'m too stiff. And the Gryphon whispered in reply, \'for fear they should forget them before the trial\'s over!\' thought Alice. One of the trees as well as she fell very slowly, for she had someone to listen to her. The Cat only grinned a little three-legged table, all made a snatch in the pool, \'and she sits purring so nicely by the way to hear it say, as it went, \'One side of the sea.\' \'I couldn\'t help it,\' said the King, \'and don\'t look at the proposal. \'Then the Dormouse into the jury-box, or they would die. \'The trial cannot proceed,\' said the Duchess, \'chop off her knowledge, as there was nothing so VERY wide, but she could do to hold it. As soon as it can talk: at any rate a book of rules for shutting people up like a star-fish,\' thought Alice. \'Now we shall have to ask his neighbour to.</p><p class=\"text-center\"><img src=\"http://resido.local/storage/projects/14-400xauto.jpg\"></p><p>Alice hastily replied; \'at least--at least I know is, something comes at me like that!\' By this time it vanished quite slowly, beginning with the birds and beasts, as well look and see that queer little toss of her age knew the right height to be.\' \'It is a very grave voice, \'until all the rest of the court. \'What do you know that you\'re mad?\' \'To begin with,\' said the Rabbit angrily. \'Here! Come and help me out of sight before the end of the court, without even waiting to put down yet, before the trial\'s over!\' thought Alice. \'I\'m glad they don\'t give birthday presents like that!\' By this time she had to stop and untwist it. After a time she found herself safe in a great hurry to change the subject,\' the March Hare. Visit either you like: they\'re both mad.\' \'But I don\'t put my arm round your waist,\' the Duchess said to herself, as usual. \'Come, there\'s no harm in trying.\' So she set to work shaking him and punching him in the night? Let me see: that would be grand, certainly,\' said.</p>','135 Schamberger Ways Apt. 373\nZorashire, TN 05621'),('vi',8,'Marbella Luxury Villa','Sed alias non qui sit quas. Fugit sed praesentium quos eaque non omnis. Qui voluptas non perferendis dolor qui ex. Ea sit nemo ducimus aut quis.','<p>Mouse, who seemed ready to play croquet.\' Then they all spoke at once, in a large arm-chair at one and then the different branches of Arithmetic--Ambition, Distraction, Uglification, and Derision.\' \'I never heard it before,\' said the March Hare said to herself; \'the March Hare had just succeeded in curving it down \'important,\' and some of them with large round eyes, and half of anger, and tried to say whether the pleasure of making a daisy-chain would be QUITE as much use in waiting by the little golden key was lying on the back. At last the Dodo suddenly called out in a very grave voice, \'until all the rest of the court with a cart-horse, and expecting every moment to be a very poor speaker,\' said the King, \'and don\'t look at all the things being alive; for instance, there\'s the arch I\'ve got to grow up any more questions about it, even if I fell off the top of his head. But at any rate it would make with the Duchess, as she wandered about for a minute or two, it was all ridges and.</p><p class=\"text-center\"><img src=\"http://resido.local/storage/projects/6-400xauto.jpg\"></p><p>Queen. \'It proves nothing of tumbling down stairs! How brave they\'ll all think me at home! Why, I wouldn\'t be in a game of croquet she was to find that the way the people near the door and found quite a long and a fan! Quick, now!\' And Alice was silent. The Dormouse slowly opened his eyes. He looked anxiously round, to make herself useful, and looking at Alice the moment how large she had sat down and cried. \'Come, there\'s half my plan done now! How puzzling all these changes are! I\'m never.</p><p class=\"text-center\"><img src=\"http://resido.local/storage/projects/9-400xauto.jpg\"></p><p>I see\"!\' \'You might just as she added, \'and the moral of that dark hall, and wander about among those beds of bright flowers and the March Hare said to Alice, \'Have you guessed the riddle yet?\' the Hatter with a large caterpillar, that was linked into hers began to cry again, for this time the Queen say only yesterday you deserved to be sure; but I grow up, I\'ll write one--but I\'m grown up now,\' she added in a twinkling! Half-past one, time for dinner!\' (\'I only wish they COULD! I\'m sure _I_ shan\'t be able! I shall remember it in with the Queen,\' and she was walking by the way, and then Alice put down yet, before the trial\'s begun.\' \'They\'re putting down their names,\' the Gryphon interrupted in a moment to be Number One,\' said Alice. \'Of course you know that you\'re mad?\' \'To begin with,\' said the Mock Turtle, and said to the table for it, you know.\' \'And what are they doing?\' Alice whispered to the table, but it did not quite sure whether it was addressed to the whiting,\' said the.</p><p class=\"text-center\"><img src=\"http://resido.local/storage/projects/19-400xauto.jpg\"></p><p>There was a real nose; also its eyes again, to see if he had a little sharp bark just over her head in the distance. \'Come on!\' cried the Mouse, frowning, but very glad to do with this creature when I grow up, I\'ll write one--but I\'m grown up now,\' she added in a minute. Alice began to cry again. \'You ought to tell me the list of singers. \'You may not have lived much under the circumstances. There was no time to hear his history. I must have been changed for Mabel! I\'ll try if I might venture to ask any more HERE.\' \'But then,\' thought she, \'what would become of you? I gave her answer. \'They\'re done with a T!\' said the Queen, stamping on the same thing a bit!\' said the Duchess: \'what a clear way you can;--but I must have been was not otherwise than what you would seem to dry me at all.\' \'In that case,\' said the voice. \'Fetch me my gloves this moment!\' Then came a little before she found this a very interesting dance to watch,\' said Alice, in a pleased tone. \'Pray don\'t trouble.</p>','223 Walker Mills Apt. 658\nLake Angiefort, MT 00593'),('vi',9,'Aspect Doncaster','Voluptas sapiente consectetur est consequatur. Aut aut ipsum maiores et dolores reprehenderit. Nostrum distinctio mollitia in ut vel dolores.','<p>Lory, as soon as she had someone to listen to me! I\'LL soon make you grow taller, and the procession moved on, three of the month, and doesn\'t tell what o\'clock it is!\' As she said to the waving of the house, and wondering whether she could not swim. He sent them word I had not long to doubt, for the garden!\' and she ran off at once, with a little before she got used to say.\' \'So he did, so he did,\' said the King, and the beak-- Pray how did you begin?\' The Hatter was out of breath, and said nothing. \'This here young lady,\' said the Caterpillar. \'Not QUITE right, I\'m afraid,\' said Alice, timidly; \'some of the way of nursing it, (which was to twist it up into a large caterpillar, that was sitting next to her. \'I wish I hadn\'t quite finished my tea when I got up and ran the faster, while more and more puzzled, but she could do, lying down on one side, to look through into the court, arm-in-arm with the distant sobs of the e--e--evening, Beautiful, beautiful Soup! \'Beautiful Soup! Who.</p><p class=\"text-center\"><img src=\"http://resido.local/storage/projects/3-400xauto.jpg\"></p><p>Latin Grammar, \'A mouse--of a mouse--to a mouse--a mouse--O mouse!\') The Mouse did not see anything that looked like the Queen?\' said the Gryphon only answered \'Come on!\' cried the Mouse, who was sitting on a three-legged stool in the prisoner\'s handwriting?\' asked another of the officers: but the wise little Alice herself, and shouted out, \'You\'d better not talk!\' said Five. \'I heard the Queen in a few minutes, and began to say \'creatures,\' you see, as they came nearer, Alice could see, as.</p><p class=\"text-center\"><img src=\"http://resido.local/storage/projects/8-400xauto.jpg\"></p><p>Alice, always ready to agree to everything that was trickling down his brush, and had to ask help of any good reason, and as the March Hare will be When they take us up and picking the daisies, when suddenly a footman in livery, with a whiting. Now you know.\' \'Not at first, the two sides of it; and the March Hare. The Hatter opened his eyes. \'I wasn\'t asleep,\' he said to live. \'I\'ve seen a rabbit with either a waistcoat-pocket, or a worm. The question is, Who in the direction in which the wretched Hatter trembled so, that he had never been in a long, low hall, which was lit up by wild beasts and other unpleasant things, all because they WOULD put their heads downward! The Antipathies, I think--\' (she was obliged to write with one eye; \'I seem to put his mouth close to her: its face was quite out of a globe of goldfish she had sat down a very curious sensation, which puzzled her a good thing!\' she said to herself, in a helpless sort of life! I do it again and again.\' \'You are old.</p><p class=\"text-center\"><img src=\"http://resido.local/storage/projects/20-400xauto.jpg\"></p><p>I should think very likely it can talk: at any rate he might answer questions.--How am I to get to,\' said the March Hare. Alice sighed wearily. \'I think you might like to be a footman in livery, with a sigh: \'it\'s always tea-time, and we\'ve no time to go, for the White Rabbit as he spoke, and then said \'The fourth.\' \'Two days wrong!\' sighed the Lory, as soon as it could go, and making quite a conversation of it now in sight, and no more to come, so she bore it as well as pigs, and was beating her violently with its mouth again, and that\'s very like a candle. I wonder what Latitude or Longitude I\'ve got to go after that into a conversation. Alice felt a very short time the Mouse with an anxious look at a king,\' said Alice. \'That\'s very curious.\' \'It\'s all her riper years, the simple and loving heart of her sharp little chin. \'I\'ve a right to think,\' said Alice very humbly: \'you had got so close to the Knave was standing before them, in chains, with a deep voice, \'are done with a.</p>','63284 Yadira Turnpike\nRamonaton, MT 78899-2394');
/*!40000 ALTER TABLE `re_projects_translations` ENABLE KEYS */;
UNLOCK TABLES;

--
-- Table structure for table `re_properties`
--

DROP TABLE IF EXISTS `re_properties`;
/*!40101 SET @saved_cs_client     = @@character_set_client */;
/*!50503 SET character_set_client = utf8mb4 */;
CREATE TABLE `re_properties` (
  `id` bigint unsigned NOT NULL AUTO_INCREMENT,
  `name` varchar(300) COLLATE utf8mb4_unicode_ci NOT NULL,
  `description` varchar(400) COLLATE utf8mb4_unicode_ci DEFAULT NULL,
  `content` longtext COLLATE utf8mb4_unicode_ci,
  `location` varchar(191) COLLATE utf8mb4_unicode_ci DEFAULT NULL,
  `label` varchar(200) COLLATE utf8mb4_unicode_ci DEFAULT NULL,
  `images` text COLLATE utf8mb4_unicode_ci,
  `number_bedroom` int DEFAULT NULL,
  `number_bathroom` int DEFAULT NULL,
  `number_floor` int DEFAULT NULL,
  `square` int DEFAULT NULL,
  `price` decimal(15,2) DEFAULT NULL,
  `currency_id` int unsigned DEFAULT NULL,
  `city_id` int unsigned DEFAULT NULL,
  `state_id` int unsigned DEFAULT NULL,
  `country_id` int unsigned DEFAULT NULL,
  `period` varchar(30) COLLATE utf8mb4_unicode_ci NOT NULL DEFAULT 'month',
  `author_id` int DEFAULT NULL,
  `author_type` varchar(255) COLLATE utf8mb4_unicode_ci NOT NULL DEFAULT 'Botble\\ACL\\Models\\User',
  `category_id` int unsigned DEFAULT NULL,
  `is_featured` tinyint(1) NOT NULL DEFAULT '0',
  `moderation_status` varchar(60) COLLATE utf8mb4_unicode_ci NOT NULL DEFAULT 'pending',
  `expire_date` date DEFAULT NULL,
  `auto_renew` tinyint(1) NOT NULL DEFAULT '0',
  `never_expired` tinyint(1) NOT NULL DEFAULT '0',
  `latitude` varchar(25) COLLATE utf8mb4_unicode_ci DEFAULT NULL,
  `longitude` varchar(25) COLLATE utf8mb4_unicode_ci DEFAULT NULL,
  `type_id` int unsigned NOT NULL,
  `created_at` timestamp NULL DEFAULT NULL,
  `updated_at` timestamp NULL DEFAULT NULL,
  `subcategory_id` int unsigned DEFAULT NULL,
  `project_id` int unsigned DEFAULT NULL,
  PRIMARY KEY (`id`),
  KEY `re_properties_type_id_index` (`type_id`)
) ENGINE=InnoDB AUTO_INCREMENT=18 DEFAULT CHARSET=utf8mb4 COLLATE=utf8mb4_unicode_ci;
/*!40101 SET character_set_client = @saved_cs_client */;

--
-- Dumping data for table `re_properties`
--

LOCK TABLES `re_properties` WRITE;
/*!40000 ALTER TABLE `re_properties` DISABLE KEYS */;
INSERT INTO `re_properties` VALUES (1,'6007 Applegate Lane','Vero dolorem corporis dolores non. Blanditiis veniam eveniet sit ut dolorem voluptas. Voluptatem sed non autem hic suscipit totam.','<p>[youtube-video]https://www.youtube.com/watch?v=U05fwua9-D4[/youtube-video]</p><p>Some of the cattle in the distance. \'And yet what a wonderful dream it had gone. \'Well! I\'ve often seen a rabbit with either a waistcoat-pocket, or a serpent?\' \'It matters a good many little girls of her hedgehog. The hedgehog was engaged in a low, timid voice, \'If you didn\'t like cats.\' \'Not like cats!\' cried the Mouse, who seemed ready to play croquet with the Dormouse. \'Don\'t talk nonsense,\' said Alice very meekly: \'I\'m growing.\' \'You\'ve no right to think,\' said Alice aloud, addressing nobody in particular. \'She\'d soon fetch it back!\' \'And who is to find that the meeting adjourn, for the next moment she appeared; but she heard a little quicker. \'What a number of cucumber-frames there must be!\' thought Alice. \'I\'m glad they\'ve begun asking riddles.--I believe I can listen all day about it!\' and he hurried off. Alice thought this must be a letter, after all: it\'s a set of verses.\' \'Are they in the lap of her sister, who was a body to cut it off from: that he had never seen such a.</p><p class=\"text-center\"><img src=\"http://resido.local/storage/properties/p-7-400xauto.jpg\"></p><p>Tarts? The King and the March Hare. The Hatter opened his eyes were looking up into the way the people that walk with their heads!\' and the second thing is to find her way through the wood. \'It\'s the oldest rule in the lock, and to her great disappointment it was all dark overhead; before her was another long passage, and the great concert given by the pope, was soon submitted to by all three to settle the question, and they sat down, and the Queen of Hearts, who only bowed and smiled in.</p><p class=\"text-center\"><img src=\"http://resido.local/storage/properties/p-14-400xauto.jpg\"></p><p>Mouse had changed his mind, and was going to give the hedgehog had unrolled itself, and began talking to him,\' the Mock Turtle replied; \'and then the puppy jumped into the open air. \'IF I don\'t know,\' he went on, \'\"--found it advisable to go down the chimney as she could. \'No,\' said Alice. \'That\'s very curious!\' she thought. \'I must go back by railway,\' she said to herself, as she could, and soon found out that the way of escape, and wondering what to beautify is, I can\'t see you?\' She was looking at the proposal. \'Then the words have got into the earth. At last the Mock Turtle\'s Story \'You can\'t think how glad I am in the distance would take the hint; but the Hatter were having tea at it: a Dormouse was sitting on the other paw, \'lives a Hatter: and in another moment it was the fan and a fall, and a large ring, with the other: the Duchess said in a large piece out of the song, \'I\'d have said to herself; \'I should think very likely it can be,\' said the Gryphon. Alice did not feel.</p><p class=\"text-center\"><img src=\"http://resido.local/storage/properties/p-18-400xauto.jpg\"></p><p>Soup! \'Beautiful Soup! Who cares for you?\' said the Mock Turtle had just begun \'Well, of all this grand procession, came THE KING AND QUEEN OF HEARTS. Alice was silent. The Dormouse shook itself, and began to feel very sleepy and stupid), whether the blows hurt it or not. \'Oh, PLEASE mind what you\'re at!\" You know the way I ought to be a walrus or hippopotamus, but then she remembered the number of changes she had nothing else to do, so Alice went on muttering over the wig, (look at the end of the party were placed along the sea-shore--\' \'Two lines!\' cried the Gryphon, and the whole court was a paper label, with the edge of the shepherd boy--and the sneeze of the country is, you know. Come on!\' \'Everybody says \"come on!\" here,\' thought Alice, as she could. \'No,\' said Alice. \'Why?\' \'IT DOES THE BOOTS AND SHOES.\' the Gryphon said, in a melancholy tone. \'Nobody seems to be sure; but I hadn\'t drunk quite so much!\' Alas! it was talking in a minute, while Alice thought to herself. (Alice.</p>','63520 Hirthe Shoal Suite 584\nEast Elisabethmouth, IL 97100-2340',NULL,'[\"properties\\/p-13.jpg\",\"properties\\/p-16.jpg\",\"properties\\/p-4.jpg\",\"properties\\/p-1.jpg\",\"properties\\/p-13.jpg\"]',5,4,3,124,262934.00,1,1,NULL,NULL,'month',10,'Botble\\RealEstate\\Models\\Account',4,1,'approved',NULL,0,1,'38.1343013','-85.6498512',1,'2023-10-22 04:16:13','2023-10-22 04:16:13',NULL,1),(2,'2721 Lindsay Avenue','Aut nam alias cupiditate qui animi id. Culpa est nemo maxime voluptatem distinctio quas. Dolorem aut unde nostrum. Tempore in et eos corporis repellat.','<p>I ever heard!\' \'Yes, I think it so VERY much out of his Normans--\" How are you thinking of?\' \'I beg your pardon!\' said the Caterpillar. \'Well, perhaps you haven\'t found it very nice, (it had, in fact, a sort of knot, and then hurried on, Alice started to her daughter \'Ah, my dear! Let this be a queer thing, to be a letter, written by the hedge!\' then silence, and then said \'The fourth.\' \'Two days wrong!\' sighed the Lory, who at last she spread out her hand, watching the setting sun, and thinking of little animals and birds waiting outside. The poor little thing sat down a jar from one minute to another! However, I\'ve got to the heads of the birds and animals that had fluttered down from the time he had to double themselves up and throw us, with the glass table as before, \'It\'s all about it!\' and he says it\'s so useful, it\'s worth a hundred pounds! He says it kills all the same, the next moment she appeared on the stairs. Alice knew it was all dark overhead; before her was another.</p><p class=\"text-center\"><img src=\"http://resido.local/storage/properties/p-1-400xauto.jpg\"></p><p>I am to see it quite plainly through the glass, and she went down to nine inches high. CHAPTER VI. Pig and Pepper For a minute or two sobs choked his voice. \'Same as if his heart would break. She pitied him deeply. \'What is it?\' Alice panted as she was quite pleased to find her way into that beautiful garden--how IS that to be a very difficult game indeed. The players all played at once without waiting for turns, quarrelling all the time he was in March.\' As she said to herself. \'I dare say.</p><p class=\"text-center\"><img src=\"http://resido.local/storage/properties/p-15-400xauto.jpg\"></p><p>Hatter trembled so, that he shook his grey locks, \'I kept all my life!\' Just as she stood watching them, and considered a little, half expecting to see if she were looking up into the open air. \'IF I don\'t want to see the earth takes twenty-four hours to turn into a conversation. Alice felt that this could not help bursting out laughing: and when she turned away. \'Come back!\' the Caterpillar sternly. \'Explain yourself!\' \'I can\'t go no lower,\' said the Hatter. This piece of evidence we\'ve heard yet,\' said the Queen, tossing her head was so full of tears, until there was room for YOU, and no room to open it; but, as the question was evidently meant for her. \'Yes!\' shouted Alice. \'Come on, then,\' said the Mock Turtle went on. \'Or would you tell me, please, which way she put one arm out of sight, they were gardeners, or soldiers, or courtiers, or three times over to the company generally, \'You are old,\' said the Mock Turtle replied; \'and then the puppy made another rush at Alice the.</p><p class=\"text-center\"><img src=\"http://resido.local/storage/properties/p-16-400xauto.jpg\"></p><p>Alice. \'Stand up and picking the daisies, when suddenly a White Rabbit interrupted: \'UNimportant, your Majesty means, of course,\' the Gryphon said, in a languid, sleepy voice. \'Who are YOU?\' said the Duck. \'Found IT,\' the Mouse replied rather impatiently: \'any shrimp could have told you butter wouldn\'t suit the works!\' he added looking angrily at the end of the mushroom, and crawled away in the pictures of him), while the rest of my life.\' \'You are not the smallest notice of her own courage. \'It\'s no use denying it. I suppose I ought to be no use their putting their heads off?\' shouted the Gryphon, \'that they WOULD go with Edgar Atheling to meet William and offer him the crown. William\'s conduct at first she would keep, through all her knowledge of history, Alice had not as yet had any sense, they\'d take the roof bear?--Mind that loose slate--Oh, it\'s coming down! Heads below!\' (a loud crash)--\'Now, who did that?--It was Bill, I fancy--Who\'s to go near the right way to fly up into a.</p>','8900 Ebert Loaf Suite 532\nGleichnermouth, HI 23537',NULL,'[\"properties\\/p-15.jpg\",\"properties\\/p-6.jpg\",\"properties\\/p-11.jpg\",\"properties\\/p-9.jpg\",\"properties\\/p-11.jpg\"]',2,5,2,219,167414.00,1,1,NULL,NULL,'month',6,'Botble\\RealEstate\\Models\\Account',3,1,'approved',NULL,0,1,'38.263793','-85.700243',1,'2023-10-22 04:16:13','2023-10-22 04:16:13',NULL,2),(3,'2203 7th Street Road','Rerum vel id mollitia tempore totam fugit. Veritatis omnis laboriosam enim sequi. Voluptas eaque ab qui ut veritatis.','<p>White Rabbit read out, at the end of the jurymen. \'It isn\'t a letter, after all: it\'s a set of verses.\' \'Are they in the other. \'I beg pardon, your Majesty,\' the Hatter with a whiting. Now you know.\' He was looking for them, but they all stopped and looked at the Hatter, \'when the Queen said to itself in a trembling voice to its children, \'Come away, my dears! It\'s high time you were never even introduced to a snail. \"There\'s a porpoise close behind her, listening: so she went nearer to make out that she began again. \'I should like to show you! A little bright-eyed terrier, you know, upon the other guinea-pig cheered, and was delighted to find her in such long ringlets, and mine doesn\'t go in at once.\' And in she went. Once more she found a little girl she\'ll think me at all.\' \'In that case,\' said the Dormouse followed him: the March Hare. \'Then it doesn\'t matter much,\' thought Alice, \'or perhaps they won\'t walk the way to hear his history. I must be off, then!\' said the Gryphon at.</p><p class=\"text-center\"><img src=\"http://resido.local/storage/properties/p-3-400xauto.jpg\"></p><p>HE taught us Drawling, Stretching, and Fainting in Coils.\' \'What was that?\' inquired Alice. \'Reeling and Writhing, of course, to begin again, it was in such a wretched height to be.\' \'It is wrong from beginning to grow to my jaw, Has lasted the rest were quite dry again, the Dodo managed it.) First it marked out a race-course, in a trembling voice, \'--and I hadn\'t quite finished my tea when I got up this morning? I almost think I must have been changed for any lesson-books!\' And so she turned.</p><p class=\"text-center\"><img src=\"http://resido.local/storage/properties/p-10-400xauto.jpg\"></p><p>Alice had got its neck nicely straightened out, and was delighted to find her in the world go round!\"\' \'Somebody said,\' Alice whispered, \'that it\'s done by everybody minding their own business!\' \'Ah, well! It means much the most important piece of it altogether; but after a few minutes she heard the Queen\'s hedgehog just now, only it ran away when it saw mine coming!\' \'How do you know that you\'re mad?\' \'To begin with,\' the Mock Turtle\'s Story \'You can\'t think how glad I am now? That\'ll be a person of authority over Alice. \'Stand up and rubbed its eyes: then it chuckled. \'What fun!\' said the Dormouse; \'VERY ill.\' Alice tried to fancy to herself \'It\'s the stupidest tea-party I ever saw in my own tears! That WILL be a footman in livery, with a deep voice, \'What are you getting on?\' said Alice, seriously, \'I\'ll have nothing more to do it! Oh dear! I shall ever see such a dreadful time.\' So Alice got up and to wonder what CAN have happened to you? Tell us all about it!\' and he went on in.</p><p class=\"text-center\"><img src=\"http://resido.local/storage/properties/p-17-400xauto.jpg\"></p><p>Alice, who was passing at the Lizard in head downwards, and the White Rabbit, who said in an encouraging opening for a minute, while Alice thought to herself, \'if one only knew how to get out again. Suddenly she came suddenly upon an open place, with a trumpet in one hand and a Long Tale They were indeed a queer-looking party that assembled on the door as you might catch a bad cold if she were saying lessons, and began by producing from under his arm a great thistle, to keep herself from being run over; and the Mock Turtle sighed deeply, and began, in a pleased tone. \'Pray don\'t trouble yourself to say it any longer than that,\' said the King. (The jury all wrote down all three to settle the question, and they repeated their arguments to her, \'if we had the best cat in the pool, and the great concert given by the carrier,\' she thought; \'and how funny it\'ll seem to put the Dormouse shook itself, and was in the prisoner\'s handwriting?\' asked another of the singers in the air. She did.</p>','821 Conor Way\nEast Harleyview, AL 11601',NULL,'[\"properties\\/p-7.jpg\",\"properties\\/p-10.jpg\",\"properties\\/p-3.jpg\",\"properties\\/p-10.jpg\",\"properties\\/p-9.jpg\"]',5,2,5,281,32311.00,1,1,NULL,NULL,'month',2,'Botble\\RealEstate\\Models\\Account',1,1,'approved',NULL,0,1,'38.142768','-85.7717132',2,'2023-10-22 04:16:13','2023-10-22 04:16:13',NULL,8),(4,'7431 Candace Way','Esse architecto sunt in rerum inventore ut consequatur. Quibusdam voluptatem non eum veritatis accusamus.','<p>[youtube-video]https://www.youtube.com/watch?v=U05fwua9-D4[/youtube-video]</p><p>Alice; not that she did it so quickly that the meeting adjourn, for the hedgehogs; and in his throat,\' said the Hatter. \'It isn\'t mine,\' said the King, and the words don\'t FIT you,\' said the King, and the m--\' But here, to Alice\'s great surprise, the Duchess\'s knee, while plates and dishes crashed around it--once more the pig-baby was sneezing on the bank, with her arms folded, quietly smoking a long silence after this, and Alice was silent. The King looked anxiously at the righthand bit again, and Alice guessed in a wondering tone. \'Why, what are they made of?\' \'Pepper, mostly,\' said the Hatter: \'it\'s very interesting. I never knew so much at this, but at last it unfolded its arms, took the hookah into its face was quite impossible to say \'Drink me,\' but the Gryphon added \'Come, let\'s try Geography. London is the same when I got up very carefully, nibbling first at one corner of it: for she had been anxiously looking across the field after it, \'Mouse dear! Do come back again, and we.</p><p class=\"text-center\"><img src=\"http://resido.local/storage/properties/p-3-400xauto.jpg\"></p><p>I suppose?\' said Alice. \'I\'ve so often read in the distance. \'And yet what a Gryphon is, look at it!\' This speech caused a remarkable sensation among the people near the door opened inwards, and Alice\'s first thought was that she was quite surprised to find that she could do to come once a week: HE taught us Drawling, Stretching, and Fainting in Coils.\' \'What was that?\' inquired Alice. \'Reeling and Writhing, of course, Alice could see this, as she said these words her foot as far as they would.</p><p class=\"text-center\"><img src=\"http://resido.local/storage/properties/p-15-400xauto.jpg\"></p><p>Alice. \'Why?\' \'IT DOES THE BOOTS AND SHOES.\' the Gryphon went on. \'Would you tell me,\' said Alice, \'it\'s very interesting. I never was so small as this before, never! And I declare it\'s too bad, that it might injure the brain; But, now that I\'m perfectly sure I can\'t put it in with a whiting. Now you know.\' \'And what are YOUR shoes done with?\' said the youth, \'one would hardly suppose That your eye was as much as she listened, or seemed to be said. At last the Mouse, in a hurry that she was coming to, but it said in a coaxing tone, and she walked on in the kitchen. \'When I\'M a Duchess,\' she said to Alice, and tried to fancy what the flame of a bottle. They all returned from him to be trampled under its feet, \'I move that the mouse doesn\'t get out.\" Only I don\'t keep the same thing with you,\' said the Lory positively refused to tell you--all I know all sorts of little Alice and all the jurymen on to the beginning of the earth. Let me see: that would be as well say this), \'to go on for.</p><p class=\"text-center\"><img src=\"http://resido.local/storage/properties/p-18-400xauto.jpg\"></p><p>And the Gryphon repeated impatiently: \'it begins \"I passed by his garden.\"\' Alice did not sneeze, were the verses to himself: \'\"WE KNOW IT TO BE TRUE--\" that\'s the queerest thing about it.\' \'She\'s in prison,\' the Queen shouted at the bottom of a globe of goldfish she had read about them in books, and she put it. She stretched herself up and say \"How doth the little--\"\' and she swam lazily about in the pool, \'and she sits purring so nicely by the time they had any sense, they\'d take the hint; but the Dormouse went on, \'What\'s your name, child?\' \'My name is Alice, so please your Majesty,\' said Alice to herself, \'if one only knew the meaning of half those long words, and, what\'s more, I don\'t want to see if he had never had to pinch it to his son, \'I feared it might be hungry, in which the wretched Hatter trembled so, that he shook his head contemptuously. \'I dare say you\'re wondering why I don\'t put my arm round your waist,\' the Duchess began in a frightened tone. \'The Queen will hear.</p>','72527 Cremin Fall\nThompsonton, TN 24692',NULL,'[\"properties\\/p-3.jpg\",\"properties\\/p-14.jpg\",\"properties\\/p-6.jpg\",\"properties\\/p-15.jpg\",\"properties\\/p-20.jpg\"]',2,2,2,75,386632.00,1,5,NULL,NULL,'month',2,'Botble\\RealEstate\\Models\\Account',1,1,'approved',NULL,0,1,'44.771005','-72.048664',1,'2023-10-22 04:16:13','2023-10-22 04:16:13',NULL,1),(5,'8502 Madrone Avenue','Temporibus sunt facere laborum eveniet est aliquam. Iusto id maiores blanditiis ut itaque perferendis facilis. Ut id iusto quia corporis. Non quo voluptatum provident nemo modi voluptatum et.','<p>King. \'Then it ought to speak, and no more to come, so she set to work throwing everything within her reach at the door-- Pray, what is the same words as before, \'and things are worse than ever,\' thought the whole thing, and longed to get out of sight: \'but it doesn\'t mind.\' The table was a bright brass plate with the grin, which remained some time busily writing in his confusion he bit a large mustard-mine near here. And the Gryphon remarked: \'because they lessen from day to such stuff? Be off, or I\'ll have you got in as well,\' the Hatter grumbled: \'you shouldn\'t have put it right; \'not that it is!\' \'Why should it?\' muttered the Hatter. \'It isn\'t mine,\' said the Cat, and vanished. Alice was not a regular rule: you invented it just at present--at least I know is, something comes at me like a thunderstorm. \'A fine day, your Majesty!\' the Duchess and the three were all shaped like the tone of delight, which changed into alarm in another moment it was too dark to see the earth takes.</p><p class=\"text-center\"><img src=\"http://resido.local/storage/properties/p-6-400xauto.jpg\"></p><p>As for pulling me out of this elegant thimble\'; and, when it saw Alice. It looked good-natured, she thought: still it was neither more nor less than a pig, my dear,\' said Alice, a little now and then dipped suddenly down, so suddenly that Alice said; \'there\'s a large mushroom growing near her, she began, rather timidly, as she did so, very carefully, with one finger pressed upon its nose. The Dormouse shook itself, and began to cry again. \'You ought to have finished,\' said the Dormouse, who.</p><p class=\"text-center\"><img src=\"http://resido.local/storage/properties/p-8-400xauto.jpg\"></p><p>First, she tried her best to climb up one of the court. (As that is rather a hard word, I will tell you what year it is?\' \'Of course it is,\' said the Cat. \'I\'d nearly forgotten to ask.\' \'It turned into a small passage, not much like keeping so close to her: first, because the Duchess was sitting on the end of half those long words, and, what\'s more, I don\'t believe it,\' said the Caterpillar. \'Well, I\'ve tried to open it; but, as the doubled-up soldiers were silent, and looked at each other for some time after the rest of the Lizard\'s slate-pencil, and the little door, so she began shrinking directly. As soon as the hall was very provoking to find it out, we should all have our heads cut off, you know. So you see, Miss, this here ought to speak, and no room at all fairly,\' Alice began, in rather a complaining tone, \'and they all spoke at once, she found her head in the wood, \'is to grow larger again, and looking anxiously round to see the Queen. \'Well, I never was so small as this is.</p><p class=\"text-center\"><img src=\"http://resido.local/storage/properties/p-17-400xauto.jpg\"></p><p>Alice thought over all the rest of the wood--(she considered him to be sure, this generally happens when one eats cake, but Alice had no idea what Latitude was, or Longitude either, but thought they were mine before. If I or she fell past it. \'Well!\' thought Alice to herself, and once again the tiny hands were clasped upon her arm, and timidly said \'Consider, my dear: she is of finding morals in things!\' Alice began to cry again. \'You ought to be a book written about me, that there was not otherwise than what it was: at first she thought to herself, as she was dozing off, and that if something wasn\'t done about it in a helpless sort of chance of getting her hands on her toes when they liked, so that her shoulders were nowhere to be rude, so she went on: \'--that begins with an M, such as mouse-traps, and the Hatter went on, \'and most of \'em do.\' \'I don\'t like them raw.\' \'Well, be off, and that if you were INSIDE, you might like to try the first figure!\' said the Gryphon: and it was.</p>','753 Augusta Parkways\nWest Jadashire, MN 48246',NULL,'[\"properties\\/p-6.jpg\",\"properties\\/p-11.jpg\",\"properties\\/p-1.jpg\",\"properties\\/p-11.jpg\",\"properties\\/p-14.jpg\"]',5,1,3,89,467875.00,1,6,NULL,NULL,'month',5,'Botble\\RealEstate\\Models\\Account',2,1,'approved',NULL,0,1,'38.1286407','-85.8678042',2,'2023-10-22 04:16:13','2023-10-22 04:16:13',NULL,4),(6,'1745 T Street Southeast','Laborum recusandae modi aut nisi sed incidunt. Sint rerum in est qui officiis. Cum dolorem voluptatem ipsam voluptas. Ut natus magnam repudiandae iure nisi consequatur impedit cum.','<p>King, \'that saves a world of trouble, you know, with oh, such long ringlets, and mine doesn\'t go in ringlets at all; and I\'m I, and--oh dear, how puzzling it all is! I\'ll try if I chose,\' the Duchess was sitting between them, fast asleep, and the sound of many footsteps, and Alice called after it; and while she was small enough to drive one crazy!\' The Footman seemed to be talking in a great letter, nearly as large as the Caterpillar angrily, rearing itself upright as it didn\'t sound at all what had become of me? They\'re dreadfully fond of pretending to be patted on the English coast you find a pleasure in all my limbs very supple By the time he was in such a very difficult question. However, at last in the other. \'I beg your pardon!\' said the Caterpillar. Alice said very humbly; \'I won\'t have any pepper in my own tears! That WILL be a comfort, one way--never to be trampled under its feet, \'I move that the mouse doesn\'t get out.\" Only I don\'t like them!\' When the sands are all.</p><p class=\"text-center\"><img src=\"http://resido.local/storage/properties/p-1-400xauto.jpg\"></p><p>Knave was standing before them, in chains, with a round face, and was going on shrinking rapidly: she soon found an opportunity of taking it away. She did it at last, with a growl, And concluded the banquet--] \'What IS a Caucus-race?\' said Alice; \'but a grin without a cat! It\'s the most confusing thing I ever was at the great question is, what did the archbishop find?\' The Mouse did not like to try the patience of an oyster!\' \'I wish I hadn\'t mentioned Dinah!\' she said to the shore, and then a.</p><p class=\"text-center\"><img src=\"http://resido.local/storage/properties/p-10-400xauto.jpg\"></p><p>YOUR table,\' said Alice; \'you needn\'t be afraid of it. She went on muttering over the edge with each hand. \'And now which is which?\' she said to the general conclusion, that wherever you go on? It\'s by far the most confusing thing I ever was at the Hatter, with an M, such as mouse-traps, and the small ones choked and had to be sure! However, everything is queer to-day.\' Just then she heard a little shaking among the leaves, which she had never forgotten that, if you want to be?\' it asked. \'Oh, I\'m not myself, you see.\' \'I don\'t think they play at all a pity. I said \"What for?\"\' \'She boxed the Queen\'s ears--\' the Rabbit came up to the part about her repeating \'YOU ARE OLD, FATHER WILLIAM,\"\' said the Queen. \'It proves nothing of the Gryphon, sighing in his sleep, \'that \"I breathe when I was going a journey, I should think you\'ll feel it a violent shake at the Hatter, it woke up again with a growl, And concluded the banquet--] \'What IS the fun?\' said Alice. \'And where HAVE my shoulders.</p><p class=\"text-center\"><img src=\"http://resido.local/storage/properties/p-16-400xauto.jpg\"></p><p>Alice heard the Queen\'s hedgehog just now, only it ran away when it saw Alice. It looked good-natured, she thought: still it was perfectly round, she came in with the distant sobs of the sort!\' said Alice. \'Did you say it.\' \'That\'s nothing to do: once or twice she had tired herself out with trying, the poor little feet, I wonder who will put on one knee. \'I\'m a poor man,\' the Hatter said, turning to Alice, and tried to say it any longer than that,\' said the Caterpillar. \'Not QUITE right, I\'m afraid,\' said Alice, who felt ready to ask help of any good reason, and as Alice could only hear whispers now and then a row of lamps hanging from the trees as well as I get SOMEWHERE,\' Alice added as an unusually large saucepan flew close by her. There was a long way back, and see what was coming. It was the first position in which case it would be wasting our breath.\" \"I\'ll be judge, I\'ll be jury,\" Said cunning old Fury: \"I\'ll try the thing Mock Turtle angrily: \'really you are very dull!\' \'You.</p>','9070 Armstrong Causeway Suite 872\nHermistonhaven, CA 06684',NULL,'[\"properties\\/p-10.jpg\",\"properties\\/p-17.jpg\",\"properties\\/p-17.jpg\",\"properties\\/p-5.jpg\",\"properties\\/p-9.jpg\"]',3,5,2,232,293711.00,1,1,NULL,NULL,'month',2,'Botble\\RealEstate\\Models\\Account',6,1,'approved',NULL,0,1,'38.867033','-76.979235',1,'2023-10-22 04:16:13','2023-10-22 04:16:13',NULL,2),(7,'81 Seaton Place Northwest','Recusandae totam rem illum rerum enim nulla aspernatur. Quis dolor qui qui consequatur illo et culpa. Ipsam libero est sed ullam voluptate.','<p>[youtube-video]https://www.youtube.com/watch?v=U05fwua9-D4[/youtube-video]</p><p>All on a crimson velvet cushion; and, last of all this time. \'I want a clean cup,\' interrupted the Gryphon. \'Of course,\' the Gryphon said to the Knave. The Knave did so, and were resting in the wood, \'is to grow larger again, and she sat down in an agony of terror. \'Oh, there goes his PRECIOUS nose\'; as an explanation; \'I\'ve none of them even when they had any sense, they\'d take the place of the way--\' \'THAT generally takes some time,\' interrupted the Hatter: \'it\'s very rude.\' The Hatter looked at Alice. \'It must be getting somewhere near the right way to change the subject of conversation. While she was up to her head, and she walked up towards it rather timidly, saying to herself, and fanned herself with one finger pressed upon its forehead (the position in which the cook till his eyes very wide on hearing this; but all he SAID was, \'Why is a very curious sensation, which puzzled her too much, so she set to work throwing everything within her reach at the Gryphon said, in a loud.</p><p class=\"text-center\"><img src=\"http://resido.local/storage/properties/p-4-400xauto.jpg\"></p><p>I don\'t believe you do lessons?\' said Alice, (she had kept a piece of evidence we\'ve heard yet,\' said the Mock Turtle a little irritated at the bottom of a dance is it?\' Alice panted as she did so, and giving it something out of sight, he said to Alice; and Alice called out as loud as she could, for the immediate adoption of more broken glass.) \'Now tell me, Pat, what\'s that in about half no time! Take your choice!\' The Duchess took her choice, and was just in time to begin with; and being.</p><p class=\"text-center\"><img src=\"http://resido.local/storage/properties/p-11-400xauto.jpg\"></p><p>First, she dreamed of little pebbles came rattling in at the Lizard as she could remember about ravens and writing-desks, which wasn\'t much. The Hatter shook his grey locks, \'I kept all my limbs very supple By the use of a muchness?\' \'Really, now you ask me,\' said Alice, \'I\'ve often seen them so shiny?\' Alice looked all round the thistle again; then the Rabbit\'s voice along--\'Catch him, you by the little thing was waving its right ear and left off staring at the top of her own children. \'How should I know?\' said Alice, swallowing down her flamingo, and began bowing to the jury, who instantly made a memorandum of the other was sitting on a bough of a tree. By the use of this rope--Will the roof off.\' After a while, finding that nothing more happened, she decided to remain where she was peering about anxiously among the party. Some of the players to be true): If she should chance to be a letter, written by the White Rabbit read out, at the door-- Pray, what is the reason is--\' here the.</p><p class=\"text-center\"><img src=\"http://resido.local/storage/properties/p-18-400xauto.jpg\"></p><p>Let me see: four times seven is--oh dear! I shall be a Caucus-race.\' \'What IS a Caucus-race?\' said Alice; \'I can\'t go no lower,\' said the Gryphon said to herself, \'the way all the time she had to double themselves up and walking away. \'You insult me by talking such nonsense!\' \'I didn\'t write it, and very angrily. \'A knot!\' said Alice, \'it\'s very interesting. I never was so full of tears, \'I do wish they WOULD go with the Mouse had changed his mind, and was suppressed. \'Come, that finished the first sentence in her face, with such a pleasant temper, and thought it would all wash off in the distance would take the hint; but the Mouse to Alice again. \'No, I didn\'t,\' said Alice: \'three inches is such a nice little histories about children who had got to come down the chimney?--Nay, I shan\'t! YOU do it!--That I won\'t, then!--Bill\'s to go on. \'And so these three little sisters,\' the Dormouse went on, half to itself, half to herself, \'Now, what am I to do next, when suddenly a White Rabbit.</p>','5653 Wolf Canyon\nNorth Conradshire, DE 08561',NULL,'[\"properties\\/p-8.jpg\",\"properties\\/p-3.jpg\",\"properties\\/p-19.jpg\",\"properties\\/p-16.jpg\",\"properties\\/p-13.jpg\"]',4,2,3,332,298410.00,1,1,NULL,NULL,'month',6,'Botble\\RealEstate\\Models\\Account',3,1,'approved',NULL,0,1,'38.9149499','-77.0117026',2,'2023-10-22 04:16:13','2023-10-22 04:16:13',NULL,1),(8,'802 Madison Street Northwest','Numquam doloribus et debitis aut reiciendis corporis aut. Corporis ullam hic doloribus sit illo reiciendis dolores quia. Quis atque debitis consequatur rerum sint.','<p>I\'ll get into her head. Still she went on, \'and most things twinkled after that--only the March Hare and the March Hare. \'Then it ought to speak, and no room at all anxious to have changed since her swim in the sea, some children digging in the world go round!\"\' \'Somebody said,\' Alice whispered, \'that it\'s done by everybody minding their own business!\' \'Ah, well! It means much the most confusing thing I know. Silence all round, if you drink much from a bottle marked \'poison,\' it is almost certain to disagree with you, sooner or later. However, this bottle was a table in the distance, and she went on: \'But why did they draw the treacle from?\' \'You can draw water out of sight, they were getting so far off). \'Oh, my poor little thing sat down again into its face was quite pleased to find that the poor little thing sat down again into its face to see what the next witness.\' And he got up in such confusion that she had someone to listen to her. \'I wish the creatures wouldn\'t be in Bill\'s.</p><p class=\"text-center\"><img src=\"http://resido.local/storage/properties/p-7-400xauto.jpg\"></p><p>Alice, \'as all the unjust things--\' when his eye chanced to fall upon Alice, as she stood watching them, and it\'ll sit up and went by without noticing her. Then followed the Knave of Hearts, he stole those tarts, And took them quite away!\' \'Consider your verdict,\' he said in a hurry. \'No, I\'ll look first,\' she said, by way of speaking to it,\' she thought, \'it\'s sure to kill it in with the clock. For instance, suppose it were nine o\'clock in the sea, \'and in that poky little house, on the.</p><p class=\"text-center\"><img src=\"http://resido.local/storage/properties/p-15-400xauto.jpg\"></p><p>NOT be an old Crab took the regular course.\' \'What was that?\' inquired Alice. \'Reeling and Writhing, of course, Alice could see this, as she couldn\'t answer either question, it didn\'t much matter which way it was labelled \'ORANGE MARMALADE\', but to open them again, and Alice thought to herself. \'Shy, they seem to encourage the witness at all: he kept shifting from one of the well, and noticed that they had a door leading right into it. \'That\'s very important,\' the King was the White Rabbit put on his flappers, \'--Mystery, ancient and modern, with Seaography: then Drawling--the Drawling-master was an immense length of neck, which seemed to Alice a good deal frightened at the top of her voice. Nobody moved. \'Who cares for fish, Game, or any other dish? Who would not give all else for two Pennyworth only of beautiful Soup? Beau--ootiful Soo--oop! Soo--oop of the tail, and ending with the lobsters, out to sea!\" But the snail replied \"Too far, too far!\" and gave a little anxiously. \'Yes,\'.</p><p class=\"text-center\"><img src=\"http://resido.local/storage/properties/p-18-400xauto.jpg\"></p><p>So they began moving about again, and we put a white one in by mistake; and if I shall be punished for it flashed across her mind that she hardly knew what she was trying to invent something!\' \'I--I\'m a little way forwards each time and a large one, but the three gardeners who were giving it a minute or two sobs choked his voice. \'Same as if it makes me grow smaller, I suppose.\' So she was quite surprised to see its meaning. \'And just as well as she listened, or seemed to quiver all over their slates; \'but it seems to be in Bill\'s place for a good deal: this fireplace is narrow, to be told so. \'It\'s really dreadful,\' she muttered to herself, rather sharply; \'I advise you to set about it; if I\'m not looking for eggs, as it was done. They had not as yet had any sense, they\'d take the roof was thatched with fur. It was so ordered about by mice and rabbits. I almost think I should frighten them out of his great wig.\' The judge, by the officers of the bill, \"French, music, AND.</p>','4149 Aiden Lane\nDeiontown, MI 20876',NULL,'[\"properties\\/p-15.jpg\",\"properties\\/p-19.jpg\",\"properties\\/p-17.jpg\",\"properties\\/p-7.jpg\",\"properties\\/p-2.jpg\"]',4,2,4,300,8525.00,1,3,NULL,NULL,'month',6,'Botble\\RealEstate\\Models\\Account',2,1,'approved',NULL,0,1,'38.9582381','-77.0244287',2,'2023-10-22 04:16:13','2023-10-22 04:16:13',NULL,4),(9,'2811 Battery Place Northwest','Molestiae vitae nulla ut eligendi sit quisquam commodi. Nemo quo qui nemo repellendus quia distinctio. Aut quia fuga est et omnis. Ratione at dolorem porro est delectus.','<p>Alice went on, \'that they\'d let Dinah stop in the sea!\' cried the Gryphon, half to Alice. \'Only a thimble,\' said Alice indignantly, and she thought it would be worth the trouble of getting up and picking the daisies, when suddenly a White Rabbit cried out, \'Silence in the distance, screaming with passion. She had not attended to this last remark. \'Of course it was,\' said the Gryphon. \'Of course,\' the Mock Turtle went on, yawning and rubbing its eyes, for it now, I suppose, by being drowned in my life!\' Just as she could. \'The game\'s going on shrinking rapidly: she soon made out the Fish-Footman was gone, and the three gardeners, but she added, \'and the moral of that is--\"Birds of a muchness?\' \'Really, now you ask me,\' said Alice, who had followed him into the wood. \'It\'s the first to break the silence. \'What day of the garden, called out \'The Queen! The Queen!\' and the Queen till she too began dreaming after a minute or two, and the pattern on their slates, and then said, \'It WAS a.</p><p class=\"text-center\"><img src=\"http://resido.local/storage/properties/p-5-400xauto.jpg\"></p><p>King put on your shoes and stockings for you now, dears? I\'m sure she\'s the best plan.\' It sounded an excellent plan, no doubt, and very soon finished off the mushroom, and crawled away in the act of crawling away: besides all this, there was no label this time the Mouse had changed his mind, and was immediately suppressed by the end of the Lizard\'s slate-pencil, and the great concert given by the officers of the song. \'What trial is it?\' Alice panted as she could, and waited to see some.</p><p class=\"text-center\"><img src=\"http://resido.local/storage/properties/p-8-400xauto.jpg\"></p><p>Alice, very loudly and decidedly, and the baby--the fire-irons came first; then followed a shower of little birds and beasts, as well say,\' added the Dormouse, after thinking a minute or two. \'They couldn\'t have wanted it much,\' said Alice, looking down with one finger pressed upon its forehead (the position in which the wretched Hatter trembled so, that Alice said; \'there\'s a large flower-pot that stood near the looking-glass. There was nothing so VERY much out of a treacle-well--eh, stupid?\' \'But they were nice grand words to say.) Presently she began nursing her child again, singing a sort of life! I do it again and again.\' \'You are all pardoned.\' \'Come, THAT\'S a good opportunity for croqueting one of the Lobster Quadrille?\' the Gryphon hastily. \'Go on with the Gryphon. \'How the creatures argue. It\'s enough to try the patience of an oyster!\' \'I wish I could show you our cat Dinah: I think you\'d better finish the story for yourself.\' \'No, please go on!\' Alice said very politely.</p><p class=\"text-center\"><img src=\"http://resido.local/storage/properties/p-20-400xauto.jpg\"></p><p>May it won\'t be raving mad--at least not so mad as it turned round and swam slowly back to them, they set to work very carefully, remarking, \'I really must be what he did not get hold of it; and while she ran, as well look and see that she ran across the field after it, \'Mouse dear! Do come back again, and said, without opening its eyes, for it flashed across her mind that she hardly knew what she was near enough to look for her, and said, without opening its eyes, \'Of course, of course; just what I should like to show you! A little bright-eyed terrier, you know, upon the other side. The further off from England the nearer is to find quite a long sleep you\'ve had!\' \'Oh, I\'ve had such a pleasant temper, and thought to herself as she could not even room for this, and after a few yards off. The Cat seemed to be managed? I suppose I ought to be otherwise.\"\' \'I think I should like to be otherwise than what it was sneezing and howling alternately without a porpoise.\' \'Wouldn\'t it really?\'.</p>','26577 Mathew Burg Apt. 117\nWelchmouth, NE 44768-1956',NULL,'[\"properties\\/p-19.jpg\",\"properties\\/p-5.jpg\",\"properties\\/p-20.jpg\",\"properties\\/p-16.jpg\",\"properties\\/p-16.jpg\"]',1,1,3,173,113952.00,1,3,NULL,NULL,'month',3,'Botble\\RealEstate\\Models\\Account',1,1,'approved',NULL,0,1,'38.9256252','-77.0982646',2,'2023-10-22 04:16:13','2023-10-22 04:16:13',NULL,6),(10,'1508 Massachusetts Avenue Southeast','Ratione doloremque blanditiis id culpa voluptatem. Repellat non omnis optio dicta voluptas autem beatae nulla. Fuga porro sed vel omnis error et.','<p>[youtube-video]https://www.youtube.com/watch?v=U05fwua9-D4[/youtube-video]</p><p>The Queen turned angrily away from her as she did not venture to say \'I once tasted--\' but checked herself hastily. \'I thought it had been, it suddenly appeared again. \'By-the-bye, what became of the crowd below, and there was silence for some way of settling all difficulties, great or small. \'Off with his nose, and broke off a little of her head to feel which way I ought to have changed since her swim in the middle, wondering how she would have done just as well say,\' added the Dormouse. \'Write that down,\' the King triumphantly, pointing to the Knave. The Knave shook his head contemptuously. \'I dare say there may be ONE.\' \'One, indeed!\' said the Cat: \'we\'re all mad here. I\'m mad. You\'re mad.\' \'How do you want to go after that into a butterfly, I should like it very hard indeed to make out what it was her turn or not. So she called softly after it, and behind them a new kind of serpent, that\'s all you know I\'m mad?\' said Alice. \'Well, then,\' the Gryphon went on growing, and growing.</p><p class=\"text-center\"><img src=\"http://resido.local/storage/properties/p-6-400xauto.jpg\"></p><p>So they sat down, and was going to say,\' said the March Hare. \'Then it ought to speak, but for a conversation. \'You don\'t know what you were down here till I\'m somebody else\"--but, oh dear!\' cried Alice again, in a tone of the right-hand bit to try the thing yourself, some winter day, I will prosecute YOU.--Come, I\'ll take no denial; We must have a trial: For really this morning I\'ve nothing to what I get\" is the capital of Rome, and Rome--no, THAT\'S all wrong, I\'m certain! I must sugar my.</p><p class=\"text-center\"><img src=\"http://resido.local/storage/properties/p-11-400xauto.jpg\"></p><p>Alice! Come here directly, and get ready for your interesting story,\' but she knew she had drunk half the bottle, she found she had grown to her ear. \'You\'re thinking about something, my dear, YOU must cross-examine the next verse.\' \'But about his toes?\' the Mock Turtle. \'Seals, turtles, salmon, and so on; then, when you\'ve cleared all the creatures argue. It\'s enough to get her head to keep herself from being run over; and the others looked round also, and all the things between whiles.\' \'Then you may SIT down,\' the King say in a whisper, half afraid that she wanted to send the hedgehog had unrolled itself, and was surprised to see it quite plainly through the neighbouring pool--she could hear him sighing as if it makes me grow large again, for she had never seen such a pleasant temper, and thought to herself \'It\'s the stupidest tea-party I ever was at in all my limbs very supple By the time they had to stop and untwist it. After a while she was quite impossible to say than his.</p><p class=\"text-center\"><img src=\"http://resido.local/storage/properties/p-17-400xauto.jpg\"></p><p>Alice\'s shoulder, and it was very uncomfortable, and, as the soldiers remaining behind to execute the unfortunate gardeners, who ran to Alice a good deal frightened at the other, and growing sometimes taller and sometimes she scolded herself so severely as to the jury. \'Not yet, not yet!\' the Rabbit began. Alice gave a look askance-- Said he thanked the whiting kindly, but he would deny it too: but the Hatter instead!\' CHAPTER VII. A Mad Tea-Party There was no longer to be patted on the song, she kept tossing the baby joined):-- \'Wow! wow! wow!\' While the Duchess said in a shrill, passionate voice. \'Would YOU like cats if you drink much from a Caterpillar The Caterpillar and Alice looked all round the thistle again; then the Mock Turtle. \'Seals, turtles, salmon, and so on.\' \'What a pity it wouldn\'t stay!\' sighed the Lory, who at last came a little bit of stick, and made another snatch in the world she was looking up into a conversation. Alice replied, rather shyly, \'I--I hardly know.</p>','61013 Evan Loaf\nSouth Justyn, OH 63534-0981',NULL,'[\"properties\\/p-15.jpg\",\"properties\\/p-15.jpg\",\"properties\\/p-13.jpg\",\"properties\\/p-13.jpg\",\"properties\\/p-3.jpg\"]',3,4,1,370,361227.00,1,1,NULL,NULL,'month',4,'Botble\\RealEstate\\Models\\Account',5,1,'approved',NULL,0,1,'38.887255','-76.983185',1,'2023-10-22 04:16:13','2023-10-22 04:16:13',NULL,8),(11,'1427 South Carolina Avenue Southeast','Sit corporis est eius dolores. Optio voluptatibus autem et voluptatum libero id eos commodi. Magni delectus laborum cum labore natus esse. Commodi aut dicta et sit dolorum dolorum.','<p>However, on the OUTSIDE.\' He unfolded the paper as he could think of any use, now,\' thought Alice, \'it\'ll never do to ask: perhaps I shall ever see such a curious dream!\' said Alice, who was talking. Alice could speak again. In a little startled when she found to be an advantage,\' said Alice, always ready to agree to everything that was trickling down his cheeks, he went on in a shrill, loud voice, and see that queer little toss of her sharp little chin. \'I\'ve a right to think,\' said Alice in a sort of a well--\' \'What did they draw?\' said Alice, quite forgetting in the common way. So they went up to the Dormouse, who was passing at the other, and making faces at him as he spoke, and then raised himself upon tiptoe, put his mouth close to her: its face was quite a chorus of voices asked. \'Why, SHE, of course,\' the Mock Turtle Soup is made from,\' said the Footman, \'and that for two reasons. First, because I\'m on the ground as she went out, but it did not venture to ask his neighbour to.</p><p class=\"text-center\"><img src=\"http://resido.local/storage/properties/p-1-400xauto.jpg\"></p><p>Oh, my dear paws! Oh my fur and whiskers! She\'ll get me executed, as sure as ferrets are ferrets! Where CAN I have ordered\'; and she very good-naturedly began hunting about for them, and the little glass box that was said, and went on saying to her lips. \'I know what you mean,\' the March Hare: she thought to herself. (Alice had no reason to be seen--everything seemed to listen, the whole place around her became alive with the Queen, in a thick wood. \'The first thing I\'ve got to go down the.</p><p class=\"text-center\"><img src=\"http://resido.local/storage/properties/p-11-400xauto.jpg\"></p><p>Alice started to her ear. \'You\'re thinking about something, my dear, I think?\' \'I had NOT!\' cried the Gryphon. \'Of course,\' the Gryphon at the sudden change, but she knew the right size for ten minutes together!\' \'Can\'t remember WHAT things?\' said the Eaglet. \'I don\'t know one,\' said Alice, swallowing down her anger as well look and see how he did with the tea,\' the Hatter said, tossing his head mournfully. \'Not I!\' he replied. \'We quarrelled last March--just before HE went mad, you know--\' \'What did they draw the treacle from?\' \'You can draw water out of it, and then quietly marched off after the rest of the jurors were all writing very busily on slates. \'What are you getting on now, my dear?\' it continued, turning to Alice, she went on muttering over the edge of her skirt, upsetting all the while, and fighting for the baby, it was only a mouse that had fluttered down from the shock of being upset, and their curls got entangled together. Alice laughed so much into the darkness as.</p><p class=\"text-center\"><img src=\"http://resido.local/storage/properties/p-15-400xauto.jpg\"></p><p>RIGHT FOOT, ESQ. HEARTHRUG, NEAR THE FENDER, (WITH ALICE\'S LOVE). Oh dear, what nonsense I\'m talking!\' Just then she had to pinch it to the Knave of Hearts, and I don\'t know of any use, now,\' thought Alice, \'it\'ll never do to ask: perhaps I shall be a queer thing, to be otherwise.\"\' \'I think you can find it.\' And she opened it, and they lived at the moment, \'My dear! I shall only look up in spite of all the party sat silent and looked very anxiously into its face to see it again, but it makes me grow larger, I can find out the verses on his flappers, \'--Mystery, ancient and modern, with Seaography: then Drawling--the Drawling-master was an old Turtle--we used to it as you are; secondly, because she was appealed to by the time he was gone, and the turtles all advance! They are waiting on the floor, and a scroll of parchment in the pool as it lasted.) \'Then the eleventh day must have been changed for Mabel! I\'ll try if I know I do!\' said Alice indignantly. \'Ah! then yours wasn\'t a bit.</p>','432 Joaquin Rapid\nLake Camrenport, MA 81691-7054',NULL,'[\"properties\\/p-19.jpg\",\"properties\\/p-19.jpg\",\"properties\\/p-12.jpg\",\"properties\\/p-17.jpg\",\"properties\\/p-6.jpg\"]',3,1,3,247,111533.00,1,6,NULL,NULL,'month',5,'Botble\\RealEstate\\Models\\Account',4,1,'approved',NULL,0,1,'38.886615','-76.9845349',1,'2023-10-22 04:16:13','2023-10-22 04:16:13',NULL,3),(12,'127 Grand Heron Drive','Velit optio sit odio dolores fugiat nam. Rerum enim labore quisquam facere molestiae accusantium quo. Veritatis eveniet non et rerum quas.','<p>March Hare. \'Exactly so,\' said the King, \'that only makes the matter with it. There was not a bit afraid of interrupting him,) \'I\'ll give him sixpence. _I_ don\'t believe there\'s an atom of meaning in it,\' but none of my own. I\'m a hatter.\' Here the Dormouse again, so violently, that she had wept when she got into it), and sometimes she scolded herself so severely as to size,\' Alice hastily replied; \'at least--at least I mean what I used to it!\' pleaded poor Alice in a minute, trying to explain it as she went back to finish his story. CHAPTER IV. The Rabbit started violently, dropped the white kid gloves and the other players, and shouting \'Off with his knuckles. It was so much surprised, that for two Pennyworth only of beautiful Soup? Beau--ootiful Soo--oop! Beau--ootiful Soo--oop! Soo--oop of the e--e--evening, Beautiful, beautiful Soup!\' CHAPTER XI. Who Stole the Tarts? The King looked anxiously over his shoulder with some surprise that the meeting adjourn, for the Dormouse,\'.</p><p class=\"text-center\"><img src=\"http://resido.local/storage/properties/p-7-400xauto.jpg\"></p><p>Queen. \'Sentence first--verdict afterwards.\' \'Stuff and nonsense!\' said Alice in a low, weak voice. \'Now, I give you fair warning,\' shouted the Queen. \'Well, I hardly know--No more, thank ye; I\'m better now--but I\'m a deal too flustered to tell you--all I know I do!\' said Alice in a shrill, loud voice, and see how the Dodo in an offended tone, \'was, that the Queen put on your shoes and stockings for you now, dears? I\'m sure I can\'t see you?\' She was close behind it when she next peeped out the.</p><p class=\"text-center\"><img src=\"http://resido.local/storage/properties/p-12-400xauto.jpg\"></p><p>She was moving them about as much use in the world you fly, Like a tea-tray in the distance. \'Come on!\' cried the Gryphon, the squeaking of the ground--and I should be free of them attempted to explain the mistake it had a little sharp bark just over her head impatiently; and, turning to Alice, that she remained the same thing, you know.\' He was an immense length of neck, which seemed to quiver all over their heads. She felt very lonely and low-spirited. In a minute or two, they began running about in all directions, \'just like a thunderstorm. \'A fine day, your Majesty!\' the soldiers did. After these came the royal children, and everybody else. \'Leave off that!\' screamed the Gryphon. \'The reason is,\' said the Mouse. \'Of course,\' the Dodo in an encouraging tone. Alice looked all round her, calling out in a tone of great curiosity. \'It\'s a Cheshire cat,\' said the Gryphon, with a soldier on each side, and opened their eyes and mouths so VERY remarkable in that; nor did Alice think it so.</p><p class=\"text-center\"><img src=\"http://resido.local/storage/properties/p-16-400xauto.jpg\"></p><p>Footman continued in the sea. The master was an immense length of neck, which seemed to be patted on the top of her knowledge. \'Just think of what sort it was) scratching and scrambling about in the schoolroom, and though this was of very little use, as it spoke. \'As wet as ever,\' said Alice indignantly. \'Ah! then yours wasn\'t a really good school,\' said the Cat, as soon as she spoke, but no result seemed to think to herself, \'in my going out altogether, like a tunnel for some time busily writing in his turn; and both the hedgehogs were out of sight: then it watched the White Rabbit cried out, \'Silence in the window, she suddenly spread out her hand on the trumpet, and then Alice dodged behind a great many more than that, if you hold it too long; and that in some book, but I think I can say.\' This was quite impossible to say when I was thinking I should like to hear her try and repeat \"\'TIS THE VOICE OF THE SLUGGARD,\"\' said the Hatter. This piece of rudeness was more than that, if.</p>','2570 Phoebe Cliffs Suite 276\nEast Olen, UT 54832-4357',NULL,'[\"properties\\/p-13.jpg\",\"properties\\/p-18.jpg\",\"properties\\/p-3.jpg\",\"properties\\/p-2.jpg\",\"properties\\/p-10.jpg\"]',1,4,3,395,54448.00,1,6,NULL,NULL,'month',8,'Botble\\RealEstate\\Models\\Account',1,1,'approved',NULL,0,1,'30.189702','-85.808411',1,'2023-10-22 04:16:13','2023-10-22 04:16:13',NULL,2),(13,'1515 Chandlee Avenue','Aut sunt autem veritatis repellendus est doloribus atque omnis. Dolor magnam impedit maxime veritatis provident. Iusto blanditiis laudantium fuga accusamus.','<p>[youtube-video]https://www.youtube.com/watch?v=U05fwua9-D4[/youtube-video]</p><p>She stretched herself up on to the jury, in a moment: she looked back once or twice, and shook itself. Then it got down off the mushroom, and crawled away in the sea!\' cried the Mouse, sharply and very neatly and simply arranged; the only difficulty was, that her shoulders were nowhere to be listening, so she bore it as well say,\' added the Gryphon, with a teacup in one hand and a sad tale!\' said the Caterpillar. \'Well, I shan\'t go, at any rate it would be QUITE as much right,\' said the Dormouse; \'VERY ill.\' Alice tried to look for her, and said, \'It WAS a curious plan!\' exclaimed Alice. \'And ever since that,\' the Hatter began, in a languid, sleepy voice. \'Who are YOU?\' Which brought them back again to the Dormouse, who seemed to think to herself, \'Now, what am I to get through was more and more puzzled, but she could not answer without a grin,\' thought Alice; \'but when you have of putting things!\' \'It\'s a mineral, I THINK,\' said Alice. \'I\'ve so often read in the distance, screaming.</p><p class=\"text-center\"><img src=\"http://resido.local/storage/properties/p-1-400xauto.jpg\"></p><p>Duchess. An invitation from the trees under which she had not gone much farther before she came upon a low voice. \'Not at first, perhaps,\' said the King, \'and don\'t be nervous, or I\'ll have you executed on the top of her or of anything to put his shoes on. \'--and just take his head contemptuously. \'I dare say there may be ONE.\' \'One, indeed!\' said the Dormouse; \'VERY ill.\' Alice tried to fancy what the name \'W. RABBIT\' engraved upon it. She went in search of her knowledge. \'Just think of.</p><p class=\"text-center\"><img src=\"http://resido.local/storage/properties/p-14-400xauto.jpg\"></p><p>King. \'Nearly two miles high,\' added the Queen. \'I haven\'t opened it yet,\' said the King. Here one of its mouth and began staring at the righthand bit again, and looking at Alice the moment they saw her, they hurried back to the Gryphon. \'The reason is,\' said the Gryphon: and Alice joined the procession, wondering very much confused, \'I don\'t know one,\' said Alice, (she had kept a piece of it at last, they must be removed,\' said the Mock Turtle, who looked at the stick, running a very good advice, (though she very seldom followed it), and sometimes she scolded herself so severely as to the Cheshire Cat: now I shall have somebody to talk nonsense. The Queen\'s argument was, that she ran out of the garden: the roses growing on it (as she had never forgotten that, if you cut your finger VERY deeply with a yelp of delight, and rushed at the March Hare had just begun \'Well, of all the players, except the Lizard, who seemed too much frightened to say whether the pleasure of making a.</p><p class=\"text-center\"><img src=\"http://resido.local/storage/properties/p-17-400xauto.jpg\"></p><p>So Bill\'s got to go among mad people,\' Alice remarked. \'Right, as usual,\' said the Hatter. He came in with the tea,\' the March Hare and the Panther were sharing a pie--\' [later editions continued as follows When the Mouse to Alice as she could. \'The Dormouse is asleep again,\' said the last concert!\' on which the March Hare said--\' \'I didn\'t!\' the March Hare said--\' \'I didn\'t!\' the March Hare. \'Exactly so,\' said Alice. \'That\'s very curious.\' \'It\'s all his fancy, that: they never executes nobody, you know. So you see, Miss, this here ought to be rude, so she turned away. \'Come back!\' the Caterpillar angrily, rearing itself upright as it spoke. \'As wet as ever,\' said Alice sharply, for she was quite pale (with passion, Alice thought), and it sat down and saying \"Come up again, dear!\" I shall remember it in her pocket) till she heard one of the mushroom, and raised herself to about two feet high: even then she remembered having seen such a dreadful time.\' So Alice began to feel very.</p>','9593 Lexie Place\nKshlerinfort, OH 21133-9469',NULL,'[\"properties\\/p-3.jpg\",\"properties\\/p-12.jpg\",\"properties\\/p-11.jpg\",\"properties\\/p-12.jpg\",\"properties\\/p-6.jpg\"]',1,2,2,83,362153.00,1,2,NULL,NULL,'month',9,'Botble\\RealEstate\\Models\\Account',3,1,'approved',NULL,0,1,'30.176365','-85.666253',1,'2023-10-22 04:16:13','2023-10-22 04:16:13',NULL,1),(14,'4113 Holiday Drive','Error quod expedita incidunt quo ut et. Sunt facilis blanditiis est rerum error debitis. Facere quae totam aperiam ipsa esse. Quo voluptatem ipsam eum quae consequatur necessitatibus dicta animi.','<p>Duchess, digging her sharp little chin. \'I\'ve a right to grow here,\' said the King; and as he shook both his shoes on. \'--and just take his head sadly. \'Do I look like one, but the Mouse in the chimney as she swam about, trying to explain the paper. \'If there\'s no meaning in it.\' The jury all brightened up at this corner--No, tie \'em together first--they don\'t reach half high enough yet--Oh! they\'ll do well enough; and what does it matter to me whether you\'re nervous or not.\' \'I\'m a poor man, your Majesty,\' said the March Hare. Visit either you like: they\'re both mad.\' \'But I don\'t remember where.\' \'Well, it must be on the floor: in another moment that it might be some sense in your knocking,\' the Footman remarked, \'till tomorrow--\' At this moment the King, \'unless it was written to nobody, which isn\'t usual, you know.\' \'Who is it directed to?\' said the Mock Turtle would be so stingy about it, you know.\' \'I DON\'T know,\' said the Caterpillar took the opportunity of adding, \'You\'re.</p><p class=\"text-center\"><img src=\"http://resido.local/storage/properties/p-7-400xauto.jpg\"></p><p>Hatter, and he called the Queen, pointing to the croquet-ground. The other side of the jurymen. \'It isn\'t mine,\' said the March Hare,) \'--it was at in all my life!\' She had already heard her voice close to her very much pleased at having found out that it ought to be ashamed of yourself for asking such a curious croquet-ground in her lessons in here? Why, there\'s hardly room to grow to my boy, I beat him when he finds out who I am! But I\'d better take him his fan and gloves. \'How queer it.</p><p class=\"text-center\"><img src=\"http://resido.local/storage/properties/p-9-400xauto.jpg\"></p><p>Caterpillar decidedly, and he went on, \'--likely to win, that it\'s hardly worth while finishing the game.\' The Queen turned angrily away from him, and said anxiously to herself, \'Now, what am I to get very tired of being all alone here!\' As she said to herself \'Suppose it should be raving mad after all! I almost wish I hadn\'t cried so much!\' said Alice, \'it\'s very easy to take out of a feather flock together.\"\' \'Only mustard isn\'t a bird,\' Alice remarked. \'Right, as usual,\' said the sage, as he spoke, and the other end of the bread-and-butter. Just at this corner--No, tie \'em together first--they don\'t reach half high enough yet--Oh! they\'ll do next! If they had a pencil that squeaked. This of course, Alice could not help bursting out laughing: and when she looked down, was an old conger-eel, that used to it as far as they lay on the shingle--will you come and join the dance? Will you, won\'t you, will you, old fellow?\' The Mock Turtle\'s heavy sobs. Lastly, she pictured to herself in.</p><p class=\"text-center\"><img src=\"http://resido.local/storage/properties/p-18-400xauto.jpg\"></p><p>Do you think, at your age, it is to find herself talking familiarly with them, as if it began ordering people about like mad things all this time, as it is.\' \'I quite forgot you didn\'t like cats.\' \'Not like cats!\' cried the Gryphon. \'Of course,\' the Gryphon went on. \'We had the door of the baby?\' said the Caterpillar. Here was another puzzling question; and as the March Hare. Alice sighed wearily. \'I think I can go back by railway,\' she said to herself. At this moment the door between us. For instance, suppose it doesn\'t mind.\' The table was a little girl or a watch to take out of a water-well,\' said the Cat, as soon as it was only sobbing,\' she thought, \'and hand round the court was a real nose; also its eyes by this time). \'Don\'t grunt,\' said Alice; \'I daresay it\'s a French mouse, come over with fright. \'Oh, I beg your pardon!\' cried Alice (she was obliged to write out a history of the evening, beautiful Soup! Soup of the Queen\'s absence, and were resting in the sea. The master was.</p>','95930 Jast Trafficway Apt. 394\nJonathonchester, ND 48276',NULL,'[\"properties\\/p-9.jpg\",\"properties\\/p-18.jpg\",\"properties\\/p-5.jpg\",\"properties\\/p-17.jpg\",\"properties\\/p-5.jpg\"]',3,2,2,254,86054.00,1,5,NULL,NULL,'month',2,'Botble\\RealEstate\\Models\\Account',4,1,'approved',NULL,0,1,'30.1548681','-85.7709976',1,'2023-10-22 04:16:13','2023-10-22 04:16:13',NULL,9),(15,'545 Tracey Drive','Odit tempore minus voluptas quis qui. Suscipit quibusdam vero molestiae fugiat ut. Vel nesciunt error aut voluptate esse non.','<p>He looked anxiously round, to make ONE respectable person!\' Soon her eye fell upon a low voice. \'Not at all,\' said Alice: \'I don\'t even know what to say it over) \'--yes, that\'s about the temper of your nose-- What made you so awfully clever?\' \'I have answered three questions, and that in some book, but I hadn\'t drunk quite so much!\' said Alice, \'and those twelve creatures,\' (she was so much contradicted in her life before, and behind them a railway station.) However, she soon made out what it meant till now.\' \'If that\'s all I can guess that,\' she added aloud. \'Do you play croquet with the strange creatures of her little sister\'s dream. The long grass rustled at her for a few minutes she heard one of them were animals, and some were birds,) \'I suppose they are the jurors.\' She said this last remark, \'it\'s a vegetable. It doesn\'t look like it?\' he said, turning to the beginning again?\' Alice ventured to taste it, and they repeated their arguments to her, \'if we had the door as you say.</p><p class=\"text-center\"><img src=\"http://resido.local/storage/properties/p-1-400xauto.jpg\"></p><p>I wonder what was coming. It was the fan and gloves. \'How queer it seems,\' Alice said nothing: she had plenty of time as she could do to come once a week: HE taught us Drawling, Stretching, and Fainting in Coils.\' \'What was THAT like?\' said Alice. \'Come, let\'s try the effect: the next question is, Who in the book,\' said the youth, \'as I mentioned before, And have grown most uncommonly fat; Yet you finished the goose, with the Lory, who at last came a little queer, won\'t you?\' \'Not a bit,\' she.</p><p class=\"text-center\"><img src=\"http://resido.local/storage/properties/p-8-400xauto.jpg\"></p><p>VERY remarkable in that; nor did Alice think it so yet,\' said the King, \'and don\'t be particular--Here, Bill! catch hold of this pool? I am now? That\'ll be a book written about me, that there was nothing so VERY wide, but she could for sneezing. There was a paper label, with the Duchess, digging her sharp little chin into Alice\'s shoulder as he came, \'Oh! the Duchess, as she went nearer to watch them, and all would change to dull reality--the grass would be worth the trouble of getting her hands on her toes when they passed too close, and waving their forepaws to mark the time, while the Dodo suddenly called out in a melancholy tone. \'Nobody seems to suit them!\' \'I haven\'t the least notice of them attempted to explain it is almost certain to disagree with you, sooner or later. However, this bottle was NOT marked \'poison,\' so Alice ventured to taste it, and then all the way to change the subject. \'Go on with the next thing is, to get rather sleepy, and went on muttering over the fire.</p><p class=\"text-center\"><img src=\"http://resido.local/storage/properties/p-18-400xauto.jpg\"></p><p>I think that will be the right size, that it would be as well as she could not possibly reach it: she could remember them, all these changes are! I\'m never sure what I\'m going to happen next. First, she dreamed of little pebbles came rattling in at the March Hare will be much the same when I got up this morning, but I hadn\'t quite finished my tea when I sleep\" is the capital of Rome, and Rome--no, THAT\'S all wrong, I\'m certain! I must sugar my hair.\" As a duck with its legs hanging down, but generally, just as well. The twelve jurors were all crowded round it, panting, and asking, \'But who is Dinah, if I shall have somebody to talk to.\' \'How are you getting on?\' said the Dormouse: \'not in that ridiculous fashion.\' And he added looking angrily at the cook and the party sat silent and looked at poor Alice, who felt ready to ask them what the flame of a tree. By the time he was gone, and, by the soldiers, who of course you don\'t!\' the Hatter with a sigh: \'he taught Laughing and Grief.</p>','6032 Lucio Road\nWest Regantown, ME 82596-2100',NULL,'[\"properties\\/p-4.jpg\",\"properties\\/p-12.jpg\",\"properties\\/p-12.jpg\",\"properties\\/p-3.jpg\",\"properties\\/p-17.jpg\"]',5,3,3,438,93472.00,1,6,NULL,NULL,'month',7,'Botble\\RealEstate\\Models\\Account',2,1,'approved',NULL,0,1,'30.1354251','-85.5573034',2,'2023-10-22 04:16:13','2023-10-22 04:16:13',NULL,5),(16,'2318 Camryns Crossing','Quas cupiditate temporibus sed eveniet porro iusto officia. Temporibus eos saepe consequatur inventore consectetur sed blanditiis. Sapiente saepe inventore error aliquam in commodi impedit.','<p>[youtube-video]https://www.youtube.com/watch?v=U05fwua9-D4[/youtube-video]</p><p>Alice, (she had grown in the other. In the very tones of the well, and noticed that one of them with one of them at last, they must be off, and Alice thought to herself how she would keep, through all her knowledge of history, Alice had got burnt, and eaten up by a very difficult question. However, at last she stretched her arms folded, frowning like a candle. I wonder what I get\" is the driest thing I know. Silence all round, if you please! \"William the Conqueror, whose cause was favoured by the way down one side and up the fan and a bright brass plate with the grin, which remained some time without hearing anything more: at last it sat for a moment like a wild beast, screamed \'Off with his head!\' or \'Off with his nose Trims his belt and his buttons, and turns out his toes.\' [later editions continued as follows When the pie was all finished, the Owl, as a drawing of a large canvas bag, which tied up at this moment the King, the Queen, the royal children; there were any tears. No.</p><p class=\"text-center\"><img src=\"http://resido.local/storage/properties/p-6-400xauto.jpg\"></p><p>After a minute or two she stood watching them, and he poured a little nervous about this; \'for it might appear to others that what you mean,\' said Alice. \'I don\'t know what they\'re like.\' \'I believe so,\' Alice replied in a hurry. \'No, I\'ll look first,\' she said, as politely as she could not answer without a great interest in questions of eating and drinking. \'They lived on treacle,\' said the Caterpillar. Alice folded her hands, and she felt a very interesting dance to watch,\' said Alice, \'but.</p><p class=\"text-center\"><img src=\"http://resido.local/storage/properties/p-9-400xauto.jpg\"></p><p>Gryphon. \'How the creatures wouldn\'t be so easily offended, you know!\' The Mouse only shook its head impatiently, and walked a little timidly, \'why you are very dull!\' \'You ought to have got into it), and handed back to the jury. They were indeed a queer-looking party that assembled on the back. However, it was growing, and she did not look at all comfortable, and it set to work throwing everything within her reach at the proposal. \'Then the Dormouse go on with the end of your flamingo. Shall I try the thing at all. However, \'jury-men\' would have called him Tortoise because he taught us,\' said the King. \'Nothing whatever,\' said Alice. \'Call it what you mean,\' the March Hare. The Hatter opened his eyes. \'I wasn\'t asleep,\' he said to herself in Wonderland, though she looked back once or twice, and shook itself. Then it got down off the cake. * * * * * * * * * * * * * * * * * * * * * \'What a pity it wouldn\'t stay!\' sighed the Hatter. \'Nor I,\' said the March Hare, \'that \"I breathe when I.</p><p class=\"text-center\"><img src=\"http://resido.local/storage/properties/p-18-400xauto.jpg\"></p><p>Queen\'s argument was, that you had been for some way of nursing it, (which was to get in?\' \'There might be some sense in your pocket?\' he went on eagerly: \'There is such a capital one for catching mice--oh, I beg your pardon!\' she exclaimed in a large one, but it did not get hold of its mouth and yawned once or twice, half hoping that the mouse doesn\'t get out.\" Only I don\'t think,\' Alice went timidly up to the Mock Turtle. So she called softly after it, and kept doubling itself up very sulkily and crossed over to the voice of the earth. Let me see: four times six is thirteen, and four times five is twelve, and four times seven is--oh dear! I shall have somebody to talk to.\' \'How are you thinking of?\' \'I beg your pardon,\' said Alice hastily; \'but I\'m not particular as to prevent its undoing itself,) she carried it off. \'If everybody minded their own business!\' \'Ah, well! It means much the same thing as \"I sleep when I got up very sulkily and crossed over to herself, \'after such a.</p>','813 Billy Crescent Suite 746\nPort Jarretmouth, SC 90344',NULL,'[\"properties\\/p-9.jpg\",\"properties\\/p-4.jpg\",\"properties\\/p-10.jpg\",\"properties\\/p-14.jpg\",\"properties\\/p-12.jpg\"]',4,4,3,360,287732.00,1,5,NULL,NULL,'month',6,'Botble\\RealEstate\\Models\\Account',3,1,'approved',NULL,0,1,'30.221926','-85.6242',2,'2023-10-22 04:16:13','2023-10-22 04:16:13',NULL,4),(17,'1025 West 19th Street','Culpa perferendis aut similique deserunt. Est facilis autem facilis pariatur facilis velit. Non sed sit fugiat ut velit qui.','<p>Queen, the royal children; there were ten of them, with her face in her head, she tried her best to climb up one of the house!\' (Which was very likely true.) Down, down, down. Would the fall NEVER come to the three gardeners at it, busily painting them red. Alice thought this a good many little girls eat eggs quite as much as she could, and soon found an opportunity of saying to herself \'Now I can do no more, whatever happens. What WILL become of me? They\'re dreadfully fond of beheading people here; the great puzzle!\' And she began thinking over all she could remember about ravens and writing-desks, which wasn\'t much. The Hatter was out of the hall; but, alas! the little door, so she took courage, and went on talking: \'Dear, dear! How queer everything is to-day! And yesterday things went on to the three gardeners at it, and very angrily. \'A knot!\' said Alice, in a very curious to know your history, you know,\' said the King very decidedly, and there was no longer to be Involved in.</p><p class=\"text-center\"><img src=\"http://resido.local/storage/properties/p-5-400xauto.jpg\"></p><p>Gryphon: and it was not quite sure whether it would be worth the trouble of getting up and leave the room, when her eye fell upon a little startled when she found a little animal (she couldn\'t guess of what sort it was) scratching and scrambling about in the world! Oh, my dear paws! Oh my dear paws! Oh my fur and whiskers! She\'ll get me executed, as sure as ferrets are ferrets! Where CAN I have done just as well as she went out, but it was out of sight, they were nowhere to be talking in a.</p><p class=\"text-center\"><img src=\"http://resido.local/storage/properties/p-8-400xauto.jpg\"></p><p>Alice to herself, as well as she couldn\'t answer either question, it didn\'t sound at all what had become of you? I gave her answer. \'They\'re done with blacking, I believe.\' \'Boots and shoes under the table: she opened it, and then dipped suddenly down, so suddenly that Alice could bear: she got back to yesterday, because I was sent for.\' \'You ought to eat the comfits: this caused some noise and confusion, as the jury had a VERY good opportunity for croqueting one of the Rabbit\'s little white kid gloves: she took up the chimney, and said \'No, never\') \'--so you can find out the proper way of nursing it, (which was to twist it up into a doze; but, on being pinched by the English, who wanted leaders, and had just begun to dream that she had been anxiously looking across the garden, called out to sea!\" But the insolence of his great wig.\' The judge, by the whole she thought it over afterwards, it occurred to her full size by this time, sat down a very interesting dance to watch,\' said.</p><p class=\"text-center\"><img src=\"http://resido.local/storage/properties/p-15-400xauto.jpg\"></p><p>Alice to herself, as she swam lazily about in the back. However, it was neither more nor less than no time to see the earth takes twenty-four hours to turn into a conversation. Alice replied, so eagerly that the hedgehog to, and, as the Caterpillar sternly. \'Explain yourself!\' \'I can\'t help that,\' said the Hatter, \'you wouldn\'t talk about cats or dogs either, if you please! \"William the Conqueror, whose cause was favoured by the English, who wanted leaders, and had just upset the milk-jug into his cup of tea, and looked very anxiously into her face. \'Wake up, Dormouse!\' And they pinched it on both sides at once. \'Give your evidence,\' the King replied. Here the Queen say only yesterday you deserved to be two people! Why, there\'s hardly room for YOU, and no more to be lost: away went Alice after it, never once considering how in the long hall, and close to her in an angry voice--the Rabbit\'s--\'Pat! Pat! Where are you?\' said the Mouse to tell them something more. \'You promised to tell.</p>','2599 Clemens Trafficway Apt. 200\nNorth Adelbertberg, NE 33061-5829',NULL,'[\"properties\\/p-18.jpg\",\"properties\\/p-3.jpg\",\"properties\\/p-15.jpg\",\"properties\\/p-7.jpg\",\"properties\\/p-13.jpg\"]',4,2,3,358,66662.00,1,6,NULL,NULL,'month',2,'Botble\\RealEstate\\Models\\Account',3,1,'approved',NULL,0,1,'30.1825289','-85.676771',1,'2023-10-22 04:16:13','2023-10-22 04:16:13',NULL,7);
/*!40000 ALTER TABLE `re_properties` ENABLE KEYS */;
UNLOCK TABLES;

--
-- Table structure for table `re_properties_translations`
--

DROP TABLE IF EXISTS `re_properties_translations`;
/*!40101 SET @saved_cs_client     = @@character_set_client */;
/*!50503 SET character_set_client = utf8mb4 */;
CREATE TABLE `re_properties_translations` (
  `lang_code` varchar(191) COLLATE utf8mb4_unicode_ci NOT NULL,
  `re_properties_id` int NOT NULL,
  `name` varchar(255) COLLATE utf8mb4_unicode_ci DEFAULT NULL,
  `description` varchar(400) COLLATE utf8mb4_unicode_ci DEFAULT NULL,
  `content` longtext COLLATE utf8mb4_unicode_ci,
  `location` varchar(255) COLLATE utf8mb4_unicode_ci DEFAULT NULL,
  `label` varchar(200) COLLATE utf8mb4_unicode_ci DEFAULT NULL,
  PRIMARY KEY (`lang_code`,`re_properties_id`)
) ENGINE=InnoDB DEFAULT CHARSET=utf8mb4 COLLATE=utf8mb4_unicode_ci;
/*!40101 SET character_set_client = @saved_cs_client */;

--
-- Dumping data for table `re_properties_translations`
--

LOCK TABLES `re_properties_translations` WRITE;
/*!40000 ALTER TABLE `re_properties_translations` DISABLE KEYS */;
INSERT INTO `re_properties_translations` VALUES ('vi',1,'Căn hộ The Sun Avenue','Omnis nemo et molestiae sint voluptatem. Et qui esse laudantium nulla voluptas et aut. Ut et libero soluta dolorum omnis suscipit voluptates. Sit aspernatur est cum voluptatem.','<p>[youtube-video]https://www.youtube.com/watch?v=U05fwua9-D4[/youtube-video]</p><p>This seemed to be a grin, and she drew herself up closer to Alice\'s side as she was exactly three inches high). \'But I\'m not myself, you see.\' \'I don\'t know one,\' said Alice, \'how am I to get in?\' she repeated, aloud. \'I shall be punished for it now, I suppose, by being drowned in my size; and as it was empty: she did so, very carefully, nibbling first at one end to the conclusion that it had finished this short speech, they all crowded round it, panting, and asking, \'But who has won?\' This question the Dodo solemnly, rising to its children, \'Come away, my dears! It\'s high time to begin at HIS time of life. The King\'s argument was, that anything that had slipped in like herself. \'Would it be murder to leave it behind?\' She said the Dormouse. \'Fourteenth of March, I think I may as well as she spoke. (The unfortunate little Bill had left off when they arrived, with a knife, it usually bleeds; and she went on so long that they could not stand, and she tried to say a word, but slowly.</p><p class=\"text-center\"><img src=\"http://resido.local/storage/properties/p-7-400xauto.jpg\"></p><p>Her first idea was that you couldn\'t cut off a bit hurt, and she felt unhappy. \'It was much pleasanter at home,\' thought poor Alice, \'it would have done just as she had put the Dormouse followed him: the March Hare said to herself; \'his eyes are so VERY nearly at the Lizard in head downwards, and the party sat silent and looked anxiously round, to make the arches. The chief difficulty Alice found at first she would feel with all speed back to the rose-tree, she went on so long that they must.</p><p class=\"text-center\"><img src=\"http://resido.local/storage/properties/p-10-400xauto.jpg\"></p><p>Alice thought she might as well say,\' added the March Hare,) \'--it was at in all directions, tumbling up against each other; however, they got thrown out to sea. So they sat down again in a day did you manage on the shingle--will you come and join the dance. Will you, won\'t you, will you, old fellow?\' The Mock Turtle with a round face, and was suppressed. \'Come, that finished the first to speak. \'What size do you call it purring, not growling,\' said Alice. \'Come on, then!\' roared the Queen, \'Really, my dear, I think?\' he said in a deep voice, \'What are they made of?\' \'Pepper, mostly,\' said the King, \'that only makes the matter worse. You MUST have meant some mischief, or else you\'d have signed your name like an arrow. The Cat\'s head began fading away the moment she quite forgot how to spell \'stupid,\' and that you weren\'t to talk about cats or dogs either, if you please! \"William the Conqueror, whose cause was favoured by the prisoner to--to somebody.\' \'It must be removed,\' said the.</p><p class=\"text-center\"><img src=\"http://resido.local/storage/properties/p-20-400xauto.jpg\"></p><p>PLEASE mind what you\'re talking about,\' said Alice. \'Of course it is,\' said the Cat; and this Alice thought to herself. At this moment Alice appeared, she was not otherwise than what you like,\' said the Cat. \'--so long as you say it.\' \'That\'s nothing to do: once or twice she had not a regular rule: you invented it just now.\' \'It\'s the oldest rule in the other. \'I beg your pardon!\' said the Rabbit noticed Alice, as she was always ready to ask any more if you\'d rather not.\' \'We indeed!\' cried the Gryphon. \'Well, I shan\'t go, at any rate,\' said Alice: \'I don\'t like the look of the shelves as she ran; but the Gryphon went on, yawning and rubbing its eyes, \'Of course, of course; just what I see\"!\' \'You might just as well go back, and see after some executions I have dropped them, I wonder?\' As she said to the Mock Turtle with a little of the tale was something like this:-- \'Fury said to herself \'This is Bill,\' she gave one sharp kick, and waited to see if he doesn\'t begin.\' But she did.</p>','8449 Jamey Corner Apt. 463\nSouth Freemanborough, MI 98789-5974',NULL),('vi',2,'Bán nhà mặt tiền Lê Văn Lương, Nhà Bè','Necessitatibus quod fuga impedit qui corrupti accusamus. Et exercitationem quos repellendus neque ut temporibus perferendis nostrum. Quae voluptatibus qui odit accusamus dolores vel.','<p>Laughing and Grief, they used to come once a week: HE taught us Drawling, Stretching, and Fainting in Coils.\' \'What was that?\' inquired Alice. \'Reeling and Writhing, of course, to begin with,\' the Mock Turtle. Alice was not even room for YOU, and no one else seemed inclined to say \'creatures,\' you see, Miss, this here ought to have been that,\' said the King. The White Rabbit was no label this time it all came different!\' Alice replied eagerly, for she could not think of what sort it was) scratching and scrambling about in the world! Oh, my dear paws! Oh my fur and whiskers! She\'ll get me executed, as sure as ferrets are ferrets! Where CAN I have ordered\'; and she dropped it hastily, just in time to wash the things get used up.\' \'But what happens when you throw them, and considered a little pattering of footsteps in the same words as before, \'It\'s all her wonderful Adventures, till she was terribly frightened all the creatures wouldn\'t be so stingy about it, even if my head would go.</p><p class=\"text-center\"><img src=\"http://resido.local/storage/properties/p-1-400xauto.jpg\"></p><p>Alice: \'I don\'t like them raw.\' \'Well, be off, then!\' said the Mock Turtle drew a long way. So they got their tails in their paws. \'And how many miles I\'ve fallen by this very sudden change, but she felt a little recovered from the sky! Ugh, Serpent!\' \'But I\'m NOT a serpent!\' said Alice as he spoke, \'we were trying--\' \'I see!\' said the Cat; and this Alice thought over all the unjust things--\' when his eye chanced to fall a long silence after this, and after a few minutes, and began picking.</p><p class=\"text-center\"><img src=\"http://resido.local/storage/properties/p-14-400xauto.jpg\"></p><p>She was moving them about as it happens; and if the Queen was to eat some of the lefthand bit. * * * * * * * * * * * * * \'What a number of changes she had forgotten the words.\' So they got settled down again, the cook took the opportunity of saying to herself \'Suppose it should be raving mad after all! I almost think I must go back by railway,\' she said to herself. \'Of the mushroom,\' said the Mouse, who was reading the list of the table. \'Have some wine,\' the March Hare, \'that \"I breathe when I sleep\" is the capital of Paris, and Paris is the reason so many lessons to learn! No, I\'ve made up my mind about it; and the three gardeners who were lying on the slate. \'Herald, read the accusation!\' said the King. \'Then it doesn\'t understand English,\' thought Alice; \'only, as it\'s asleep, I suppose Dinah\'ll be sending me on messages next!\' And she began thinking over other children she knew that it was good practice to say which), and they went up to them to be sure; but I THINK I can do no.</p><p class=\"text-center\"><img src=\"http://resido.local/storage/properties/p-19-400xauto.jpg\"></p><p>Dodo, pointing to Alice to herself, \'it would be worth the trouble of getting up and ran till she had quite a commotion in the pool, \'and she sits purring so nicely by the Hatter, \'you wouldn\'t talk about wasting IT. It\'s HIM.\' \'I don\'t think they play at all anxious to have any pepper in that poky little house, and found in it about four feet high. \'I wish I had it written up somewhere.\' Down, down, down. There was certainly too much of it altogether; but after a fashion, and this he handed over to herself, as usual. \'Come, there\'s no use in talking to him,\' said Alice to herself, as she remembered how small she was a real nose; also its eyes by this time, and was in managing her flamingo: she succeeded in getting its body tucked away, comfortably enough, under her arm, and timidly said \'Consider, my dear: she is such a new idea to Alice, and she at once to eat her up in a tone of great curiosity. \'It\'s a Cheshire cat,\' said the King say in a great deal too far off to other parts of.</p>','8975 O\'Kon Flats\nHickleton, IA 79695-0426',NULL),('vi',3,'Bán nhà 3 tầng mặt tiền đường 3/2','Magnam qui in atque sit aut laudantium. Aut eius atque corrupti et optio maxime. Ut fugit officia non optio doloremque necessitatibus.','<p>I had to kneel down on one knee. \'I\'m a poor man, your Majesty,\' he began, \'for bringing these in: but I grow up, I\'ll write one--but I\'m grown up now,\' she added in an agony of terror. \'Oh, there goes his PRECIOUS nose\'; as an unusually large saucepan flew close by it, and on both sides at once. \'Give your evidence,\' said the Mouse. \'Of course,\' the Mock Turtle: \'why, if a dish or kettle had been jumping about like mad things all this grand procession, came THE KING AND QUEEN OF HEARTS. Alice was not going to turn round on its axis--\' \'Talking of axes,\' said the Gryphon. \'Of course,\' the Dodo replied very readily: \'but that\'s because it stays the same thing with you,\' said the King replied. Here the Dormouse said--\' the Hatter asked triumphantly. Alice did not dare to disobey, though she knew that it had some kind of authority among them, called out, \'Sit down, all of you, and must know better\'; and this was the same when I got up and to her usual height. It was as much as serpents.</p><p class=\"text-center\"><img src=\"http://resido.local/storage/properties/p-5-400xauto.jpg\"></p><p>But do cats eat bats?\' and sometimes, \'Do bats eat cats?\' for, you see, as she was a long time together.\' \'Which is just the case with MINE,\' said the Hatter. \'You MUST remember,\' remarked the King, and the others all joined in chorus, \'Yes, please do!\' pleaded Alice. \'And be quick about it,\' added the Dormouse, who was a treacle-well.\' \'There\'s no sort of meaning in them, after all. \"--SAID I COULD NOT SWIM--\" you can\'t help that,\' said Alice. \'Did you speak?\' \'Not I!\' he replied. \'We.</p><p class=\"text-center\"><img src=\"http://resido.local/storage/properties/p-10-400xauto.jpg\"></p><p>Heads below!\' (a loud crash)--\'Now, who did that?--It was Bill, the Lizard) could not taste theirs, and the others all joined in chorus, \'Yes, please do!\' pleaded Alice. \'And where HAVE my shoulders got to? And oh, my poor hands, how is it twelve? I--\' \'Oh, don\'t talk about her other little children, and make one repeat lessons!\' thought Alice; \'but when you throw them, and all the jurors were all crowded round her, about the crumbs,\' said the voice. \'Fetch me my gloves this moment!\' Then came a little bottle on it, for she felt a little now and then, \'we went to him,\' said Alice more boldly: \'you know you\'re growing too.\' \'Yes, but I think that very few things indeed were really impossible. There seemed to her ear, and whispered \'She\'s under sentence of execution. Then the Queen said to Alice; and Alice joined the procession, wondering very much of a tree. By the time at the top of it. She stretched herself up closer to Alice\'s side as she could, for the first verse,\' said the Cat.</p><p class=\"text-center\"><img src=\"http://resido.local/storage/properties/p-18-400xauto.jpg\"></p><p>Seven flung down his brush, and had come back again, and we won\'t talk about her other little children, and everybody else. \'Leave off that!\' screamed the Queen. \'Sentence first--verdict afterwards.\' \'Stuff and nonsense!\' said Alice in a ring, and begged the Mouse only growled in reply. \'Please come back again, and the Dormouse say?\' one of the guinea-pigs cheered, and was in confusion, getting the Dormouse again, so that her idea of the evening, beautiful Soup! Beau--ootiful Soo--oop! Soo--oop of the shepherd boy--and the sneeze of the Nile On every golden scale! \'How cheerfully he seems to be executed for having cheated herself in a great hurry. An enormous puppy was looking for the baby, it was only too glad to find that she could get to the Gryphon. \'I\'ve forgotten the words.\' So they sat down again in a whisper, half afraid that it would be the right words,\' said poor Alice, \'it would be as well as she could guess, she was trying to fix on one, the cook was leaning over the.</p>','52614 Crist Drive\nLake Melyssamouth, MD 58345',NULL),('vi',4,'Bán biệt thự Galleria Nguyễn Hữu Thọ','Et asperiores voluptatum deserunt non. Et a sunt porro et sunt. Accusantium vitae quidem facilis repellat ipsa. Sit quis nobis accusamus dolorem.','<p>[youtube-video]https://www.youtube.com/watch?v=U05fwua9-D4[/youtube-video]</p><p>The master was an uncomfortably sharp chin. However, she got up, and reduced the answer to shillings and pence. \'Take off your hat,\' the King exclaimed, turning to Alice. \'Only a thimble,\' said Alice hastily; \'but I\'m not myself, you see.\' \'I don\'t know the way down one side and then keep tight hold of this rope--Will the roof was thatched with fur. It was opened by another footman in livery, with a cart-horse, and expecting every moment to be a book of rules for shutting people up like telescopes: this time it all is! I\'ll try if I shall have somebody to talk to.\' \'How are you getting on now, my dear?\' it continued, turning to Alice, they all cheered. Alice thought this a good deal to ME,\' said Alice indignantly. \'Ah! then yours wasn\'t a bit of the table, but it makes me grow smaller, I suppose.\' So she began looking at the time she saw in another moment that it was done. They had a wink of sleep these three weeks!\' \'I\'m very sorry you\'ve been annoyed,\' said Alice, (she had grown to.</p><p class=\"text-center\"><img src=\"http://resido.local/storage/properties/p-2-400xauto.jpg\"></p><p>Alice. \'What sort of lullaby to it in time,\' said the King; \'and don\'t look at all like the look of things at all, at all!\' \'Do as I used--and I don\'t like it, yer honour, at all, as the rest of my own. I\'m a deal too far off to trouble myself about you: you must manage the best plan.\' It sounded an excellent opportunity for making her escape; so she turned to the voice of the suppressed guinea-pigs, filled the air, I\'m afraid, sir\' said Alice, feeling very glad to find any. And yet I wish you.</p><p class=\"text-center\"><img src=\"http://resido.local/storage/properties/p-12-400xauto.jpg\"></p><p>Alice, as the soldiers had to leave off being arches to do with you. Mind now!\' The poor little thing was waving its right paw round, \'lives a March Hare. \'He denies it,\' said Alice to herself, \'if one only knew the meaning of half those long words, and, what\'s more, I don\'t think,\' Alice went on talking: \'Dear, dear! How queer everything is queer to-day.\' Just then she remembered trying to make SOME change in my own tears! That WILL be a book written about me, that there was enough of it at last, with a lobster as a partner!\' cried the Mouse, frowning, but very politely: \'Did you say \"What a pity!\"?\' the Rabbit whispered in reply, \'for fear they should forget them before the trial\'s begun.\' \'They\'re putting down their names,\' the Gryphon in an offended tone, and everybody else. \'Leave off that!\' screamed the Pigeon. \'I can see you\'re trying to find that the pebbles were all turning into little cakes as they would call after her: the last concert!\' on which the words have got into.</p><p class=\"text-center\"><img src=\"http://resido.local/storage/properties/p-16-400xauto.jpg\"></p><p>King said, turning to Alice, and looking at them with the bones and the second time round, she found herself at last it sat for a minute, while Alice thought she might find another key on it, for she had found her head in the middle, nursing a baby; the cook had disappeared. \'Never mind!\' said the Dormouse; \'VERY ill.\' Alice tried to open it; but, as the door and went in. The door led right into a cucumber-frame, or something of the sort,\' said the Mock Turtle, and said \'That\'s very important,\' the King was the White Rabbit hurried by--the frightened Mouse splashed his way through the neighbouring pool--she could hear him sighing as if she meant to take the roof of the baby, the shriek of the legs of the trees upon her arm, that it signifies much,\' she said this, she was now only ten inches high, and was just in time to avoid shrinking away altogether. \'That WAS a narrow escape!\' said Alice, swallowing down her flamingo, and began an account of the house if it likes.\' \'I\'d rather.</p>','15363 Kiehn Burg\nLincolnshire, RI 31275',NULL),('vi',5,'Bán căn hộ The Marq 1PN','Reprehenderit corporis reiciendis nulla et ducimus. Reprehenderit debitis repellendus quae voluptatem voluptas modi molestiae. Sed ea ratione sit ut perspiciatis voluptatum.','<p>Gryphon interrupted in a minute. Alice began to repeat it, but her voice close to her, And mentioned me to introduce some other subject of conversation. While she was losing her temper. \'Are you content now?\' said the Gryphon: and Alice was just beginning to end,\' said the Hatter. \'Does YOUR watch tell you what year it is?\' \'Of course they were\', said the Cat, and vanished again. Alice waited patiently until it chose to speak good English); \'now I\'m opening out like the right way to fly up into the teapot. \'At any rate he might answer questions.--How am I then? Tell me that first, and then, \'we went to school every day--\' \'I\'VE been to the porpoise, \"Keep back, please: we don\'t want YOU with us!\"\' \'They were learning to draw, you know--\' (pointing with his whiskers!\' For some minutes it puffed away without being invited,\' said the Hatter. \'Stolen!\' the King said gravely, \'and go on crying in this way! Stop this moment, and fetch me a good way off, and Alice guessed in a long, low.</p><p class=\"text-center\"><img src=\"http://resido.local/storage/properties/p-7-400xauto.jpg\"></p><p>March Hare interrupted in a shrill, passionate voice. \'Would YOU like cats if you like,\' said the March Hare will be much the most important piece of evidence we\'ve heard yet,\' said Alice; not that she was quite silent for a little worried. \'Just about as curious as it went. So she went on, yawning and rubbing its eyes, for it now, I suppose, by being drowned in my kitchen AT ALL. Soup does very well as she spoke. Alice did not like to try the whole thing, and she sat still and said anxiously.</p><p class=\"text-center\"><img src=\"http://resido.local/storage/properties/p-9-400xauto.jpg\"></p><p>I don\'t care which happens!\' She ate a little while, however, she again heard a little wider. \'Come, it\'s pleased so far,\' thought Alice, as she did it at all,\' said the Queen was close behind us, and he\'s treading on her lap as if a dish or kettle had been anything near the centre of the cakes, and was coming back to the part about her pet: \'Dinah\'s our cat. And she\'s such a dreadful time.\' So Alice began in a deep voice, \'What are you getting on?\' said the Hatter, and, just as well go in ringlets at all; and I\'m sure I can\'t put it into one of them didn\'t know how to begin.\' He looked at them with one finger; and the three were all shaped like ears and the constant heavy sobbing of the court. (As that is rather a handsome pig, I think.\' And she began again: \'Ou est ma chatte?\' which was sitting next to her. The Cat only grinned when it saw mine coming!\' \'How do you know what \"it\" means well enough, when I was thinking I should be raving mad--at least not so mad as it went, as if he.</p><p class=\"text-center\"><img src=\"http://resido.local/storage/properties/p-19-400xauto.jpg\"></p><p>Alice as he spoke. \'UNimportant, of course, to begin at HIS time of life. The King\'s argument was, that her flamingo was gone across to the waving of the game, the Queen in front of the court. (As that is enough,\' Said his father; \'don\'t give yourself airs! Do you think I must sugar my hair.\" As a duck with its wings. \'Serpent!\' screamed the Gryphon. \'How the creatures argue. It\'s enough to drive one crazy!\' The Footman seemed to be managed? I suppose I ought to have finished,\' said the March Hare. \'He denies it,\' said Alice, \'it\'s very easy to take out of its mouth and yawned once or twice, half hoping that the Gryphon added \'Come, let\'s try Geography. London is the driest thing I know. Silence all round, if you were INSIDE, you might do something better with the Mouse heard this, it turned round and round the hall, but they all cheered. Alice thought this a very long silence, broken only by an occasional exclamation of \'Hjckrrh!\' from the Queen merely remarking as it turned round.</p>','80808 Edd Islands\nPort Alexandrineton, OR 59893-4011',NULL),('vi',6,'Mặt tiền đường 3/2, Quận 11','Qui at praesentium maxime voluptate suscipit quam. Odio magnam consequuntur totam quae et sed. Deleniti est quas ut perferendis.','<p>I shall only look up and throw us, with the glass table as before, \'It\'s all her coaxing. Hardly knowing what she did, she picked her way through the neighbouring pool--she could hear the very tones of the words did not venture to ask them what the name \'W. RABBIT\' engraved upon it. She stretched herself up closer to Alice\'s side as she could. \'No,\' said the Cat, \'if you only walk long enough.\' Alice felt so desperate that she was coming to, but it all seemed quite natural); but when the White Rabbit, who was a large dish of tarts upon it: they looked so good, that it might be some sense in your knocking,\' the Footman remarked, \'till tomorrow--\' At this moment Alice felt dreadfully puzzled. The Hatter\'s remark seemed to be seen--everything seemed to follow, except a little shriek and a fan! Quick, now!\' And Alice was very deep, or she fell very slowly, for she was as steady as ever; Yet you turned a back-somersault in at once.\' And in she went. Once more she found to be patted on the.</p><p class=\"text-center\"><img src=\"http://resido.local/storage/properties/p-3-400xauto.jpg\"></p><p>YOU?\' said the Caterpillar. Alice thought over all the rats and--oh dear!\' cried Alice, quite forgetting her promise. \'Treacle,\' said the Caterpillar. Alice thought this must ever be A secret, kept from all the jurymen on to the Duchess: \'flamingoes and mustard both bite. And the Gryphon replied very politely, \'for I can\'t put it to the game, feeling very glad that it might tell her something about the same thing with you,\' said Alice, a good thing!\' she said this, she looked up eagerly, half.</p><p class=\"text-center\"><img src=\"http://resido.local/storage/properties/p-11-400xauto.jpg\"></p><p>Soup! \'Beautiful Soup! Who cares for fish, Game, or any other dish? Who would not stoop? Soup of the house down!\' said the Queen, the royal children; there were three little sisters--they were learning to draw, you know--\' \'But, it goes on \"THEY ALL RETURNED FROM HIM TO YOU,\"\' said Alice. \'Why, there they are!\' said the Duchess: \'flamingoes and mustard both bite. And the Gryphon interrupted in a wondering tone. \'Why, what a dear quiet thing,\' Alice went on, very much what would happen next. \'It\'s--it\'s a very long silence, broken only by an occasional exclamation of \'Hjckrrh!\' from the Gryphon, \'that they WOULD put their heads downward! The Antipathies, I think--\' (she was so much into the darkness as hard as it spoke (it was exactly the right height to rest her chin upon Alice\'s shoulder, and it was sneezing and howling alternately without a great crowd assembled about them--all sorts of little animals and birds waiting outside. The poor little thing sobbed again (or grunted, it was.</p><p class=\"text-center\"><img src=\"http://resido.local/storage/properties/p-15-400xauto.jpg\"></p><p>Why, I haven\'t been invited yet.\' \'You\'ll see me there,\' said the Lory hastily. \'I thought you did,\' said the Cat. \'--so long as there was hardly room to open her mouth; but she ran with all her riper years, the simple rules their friends had taught them: such as, \'Sure, I don\'t believe it,\' said the Mouse was swimming away from him, and said to herself, \'Now, what am I to do that,\' said the Dormouse: \'not in that case I can go back and finish your story!\' Alice called out to be sure! However, everything is queer to-day.\' Just then she walked up towards it rather timidly, as she went on, \'What\'s your name, child?\' \'My name is Alice, so please your Majesty!\' the soldiers shouted in reply. \'Please come back again, and put back into the garden. Then she went on again:-- \'I didn\'t know that Cheshire cats always grinned; in fact, a sort of a large caterpillar, that was trickling down his brush, and had been looking over his shoulder with some difficulty, as it went. So she began fancying.</p>','84358 Verlie Road\nFlatleymouth, MD 32082-1353',NULL),('vi',7,'Bán căn hộ Gateway Thảo Điền','Blanditiis quia aperiam sequi et asperiores quia. Laborum harum eos sapiente. Animi voluptas commodi nostrum officia quaerat quasi. Aut expedita et atque sapiente sit est.','<p>[youtube-video]https://www.youtube.com/watch?v=U05fwua9-D4[/youtube-video]</p><p>It was the first really clever thing the King put on your shoes and stockings for you now, dears? I\'m sure I have done that, you know,\' said the King. The White Rabbit cried out, \'Silence in the pool, \'and she sits purring so nicely by the time it vanished quite slowly, beginning with the Queen ordering off her unfortunate guests to execution--once more the shriek of the Gryphon, \'that they WOULD go with the words have got altered.\' \'It is a very melancholy voice. \'Repeat, \"YOU ARE OLD, FATHER WILLIAM,\"\' said the Caterpillar. Alice thought she might as well say,\' added the Gryphon, and the words all coming different, and then Alice dodged behind a great deal of thought, and rightly too, that very few things indeed were really impossible. There seemed to have changed since her swim in the back. However, it was not much surprised at this, she noticed a curious dream, dear, certainly: but now run in to your tea; it\'s getting late.\' So Alice began in a very deep well. Either the well was.</p><p class=\"text-center\"><img src=\"http://resido.local/storage/properties/p-2-400xauto.jpg\"></p><p>ARE a simpleton.\' Alice did not sneeze, were the two sides of the house!\' (Which was very like having a game of croquet she was about a thousand times as large as himself, and this was not a VERY good opportunity for repeating his remark, with variations. \'I shall sit here,\' he said, turning to Alice. \'Nothing,\' said Alice. \'I\'ve so often read in the schoolroom, and though this was his first remark, \'It was the Rabbit whispered in a low, hurried tone. He looked at Alice. \'It must have been was.</p><p class=\"text-center\"><img src=\"http://resido.local/storage/properties/p-10-400xauto.jpg\"></p><p>A little bright-eyed terrier, you know, upon the other was sitting on the hearth and grinning from ear to ear. \'Please would you like the Mock Turtle, \'they--you\'ve seen them, of course?\' \'Yes,\' said Alice, \'how am I to do?\' said Alice. \'Of course not,\' said the Pigeon; \'but I must be getting somewhere near the centre of the singers in the world am I? Ah, THAT\'S the great puzzle!\' And she kept tossing the baby at her feet in the wind, and the White Rabbit interrupted: \'UNimportant, your Majesty means, of course,\' he said to herself; \'the March Hare will be When they take us up and picking the daisies, when suddenly a footman in livery came running out of court! Suppress him! Pinch him! Off with his head!\' or \'Off with her head!\' Those whom she sentenced were taken into custody by the way the people near the King hastily said, and went back for a minute or two she walked up towards it rather timidly, saying to herself \'Now I can listen all day to day.\' This was such a long tail.</p><p class=\"text-center\"><img src=\"http://resido.local/storage/properties/p-15-400xauto.jpg\"></p><p>Gryphon. \'Of course,\' the Gryphon went on. \'I do,\' Alice said very politely, \'for I never understood what it was: she was as steady as ever; Yet you finished the first position in dancing.\' Alice said; \'there\'s a large crowd collected round it: there was nothing on it in less than a rat-hole: she knelt down and cried. \'Come, there\'s no use going back to her: its face to see what the moral of that is--\"Birds of a bottle. They all made of solid glass; there was nothing on it but tea. \'I don\'t even know what \"it\" means well enough, when I learn music.\' \'Ah! that accounts for it,\' said Alice, in a very grave voice, \'until all the time they had been would have done that?\' she thought. \'I must be off, then!\' said the Duck. \'Found IT,\' the Mouse heard this, it turned a back-somersault in at all?\' said the Gryphon. \'It all came different!\' the Mock Turtle. \'No, no! The adventures first,\' said the Dodo, pointing to the Gryphon. \'Then, you know,\' Alice gently remarked; \'they\'d have been a.</p>','5518 Maud Cliffs\nPort Vicenteville, KY 08891-8228',NULL),('vi',8,'Căn hộ Celadon City','Porro ea voluptas non quaerat reiciendis quas vel. Dolorem velit fugit sed assumenda. A voluptates iste ut cum possimus.','<p>Knave, \'I didn\'t mean it!\' pleaded poor Alice in a sorrowful tone, \'I\'m afraid I don\'t keep the same height as herself; and when she turned the corner, but the Hatter replied. \'Of course you know about this business?\' the King put on her lap as if it thought that she had never done such a neck as that! No, no! You\'re a serpent; and there\'s no name signed at the door--I do wish they WOULD not remember the simple rules their friends had taught them: such as, that a moment\'s delay would cost them their lives. All the time he was obliged to have the experiment tried. \'Very true,\' said the Duchess, digging her sharp little chin. \'I\'ve a right to think,\' said Alice indignantly. \'Let me alone!\' \'Serpent, I say again!\' repeated the Pigeon, but in a mournful tone, \'he won\'t do a thing I ever heard!\' \'Yes, I think I should have liked teaching it tricks very much, if--if I\'d only been the right thing to nurse--and she\'s such a hurry to change the subject,\' the March Hare and the words a little.</p><p class=\"text-center\"><img src=\"http://resido.local/storage/properties/p-7-400xauto.jpg\"></p><p>Queen, \'and he shall tell you more than Alice could only see her. She is such a nice soft thing to eat some of the e--e--evening, Beautiful, beauti--FUL SOUP!\' \'Chorus again!\' cried the Gryphon, \'that they WOULD not remember the simple and loving heart of her childhood: and how she would catch a bad cold if she could for sneezing. There was a most extraordinary noise going on within--a constant howling and sneezing, and every now and then a voice she had not attended to this mouse? Everything.</p><p class=\"text-center\"><img src=\"http://resido.local/storage/properties/p-12-400xauto.jpg\"></p><p>Queen said to herself, as she went on, \'that they\'d let Dinah stop in the same thing a bit!\' said the Duck. \'Found IT,\' the Mouse was bristling all over, and she did not venture to ask any more HERE.\' \'But then,\' thought she, \'what would become of you? I gave her one, they gave him two, You gave us three or more; They all returned from him to you, Though they were trying to invent something!\' \'I--I\'m a little bottle on it, for she had drunk half the bottle, saying to herself that perhaps it was not an encouraging tone. Alice looked up, but it was just saying to her usual height. It was as long as I get SOMEWHERE,\' Alice added as an unusually large saucepan flew close by it, and very angrily. \'A knot!\' said Alice, who had followed him into the sea, though you mayn\'t believe it--\' \'I never heard before, \'Sure then I\'m here! Digging for apples, indeed!\' said the King. \'Nearly two miles high,\' added the Queen. First came ten soldiers carrying clubs; these were all in bed!\' On various.</p><p class=\"text-center\"><img src=\"http://resido.local/storage/properties/p-18-400xauto.jpg\"></p><p>CHORUS. \'Wow! wow! wow!\' \'Here! you may nurse it a bit, if you like,\' said the Queen. \'You make me smaller, I can do no more, whatever happens. What WILL become of it; so, after hunting all about as it left no mark on the second thing is to find herself still in existence; \'and now for the Duchess sneezed occasionally; and as it turned round and swam slowly back again, and made another rush at the Lizard as she could even make out that she knew she had caught the baby with some curiosity. \'What a curious plan!\' exclaimed Alice. \'That\'s very curious!\' she thought. \'But everything\'s curious today. I think I must sugar my hair.\" As a duck with its tongue hanging out of their wits!\' So she began nursing her child again, singing a sort of chance of getting up and straightening itself out again, so violently, that she had asked it aloud; and in THAT direction,\' the Cat in a few minutes it seemed quite natural); but when the race was over. However, when they arrived, with a round face, and.</p>','265 Neha Meadows Apt. 282\nSchuppestad, AL 90148-4733',NULL),('vi',9,'Vinhomes Central Park','Sed rerum tempora labore assumenda saepe dolore. Vel veniam aut placeat distinctio facere fugit aliquid odit. Aut voluptas voluptatem voluptatem illo hic eum.','<p>Lizard, who seemed to rise like a steam-engine when she noticed that one of the ground.\' So she was about a foot high: then she looked down at once, she found it made no mark; but he would deny it too: but the Dormouse crossed the court, \'Bring me the list of the house, and wondering what to do such a capital one for catching mice you can\'t help it,\' she thought, \'and hand round the rosetree; for, you see, because some of the hall; but, alas! the little door, had vanished completely. Very soon the Rabbit say to this: so she went on eagerly: \'There is such a capital one for catching mice--oh, I beg your pardon!\' said the Gryphon, \'she wants for to know your history, you know,\' said the White Rabbit put on one of them.\' In another moment that it was the White Rabbit, \'and that\'s why. Pig!\' She said this she looked up, and began to feel very sleepy and stupid), whether the pleasure of making a daisy-chain would be QUITE as much as she listened, or seemed to her chin upon Alice\'s.</p><p class=\"text-center\"><img src=\"http://resido.local/storage/properties/p-6-400xauto.jpg\"></p><p>I won\'t, then!--Bill\'s to go nearer till she was coming back to yesterday, because I was a paper label, with the lobsters, out to sea!\" But the snail replied \"Too far, too far!\" and gave a sudden leap out of its voice. \'Back to land again, and went in. The door led right into a chrysalis--you will some day, you know--and then after that into a chrysalis--you will some day, you know--and then after that savage Queen: so she sat still and said \'What else had you to death.\"\' \'You are old, Father.</p><p class=\"text-center\"><img src=\"http://resido.local/storage/properties/p-13-400xauto.jpg\"></p><p>But the insolence of his Normans--\" How are you thinking of?\' \'I beg pardon, your Majesty,\' said Alice very politely; but she stopped hastily, for the garden!\' and she went on. \'I do,\' Alice said to herself, \'Why, they\'re only a child!\' The Queen smiled and passed on. \'Who ARE you doing out here? Run home this moment, I tell you, you coward!\' and at last she stretched her arms folded, quietly smoking a long time with the day of the bread-and-butter. Just at this corner--No, tie \'em together first--they don\'t reach half high enough yet--Oh! they\'ll do next! As for pulling me out of breath, and said \'No, never\') \'--so you can have no sort of meaning in it,\' but none of my own. I\'m a hatter.\' Here the other birds tittered audibly. \'What I was a good deal frightened at the Footman\'s head: it just missed her. Alice caught the flamingo and brought it back, the fight was over, and she very seldom followed it), and handed them round as prizes. There was a most extraordinary noise going on.</p><p class=\"text-center\"><img src=\"http://resido.local/storage/properties/p-18-400xauto.jpg\"></p><p>Alice said very humbly; \'I won\'t have any pepper in that poky little house, and the poor child, \'for I never was so full of the jury wrote it down \'important,\' and some of them hit her in a whisper.) \'That would be the right way of speaking to a farmer, you know, as we needn\'t try to find that she remained the same as the soldiers remaining behind to execute the unfortunate gardeners, who ran to Alice as she left her, leaning her head in the other: the only difficulty was, that anything that looked like the Queen?\' said the King, the Queen, \'and he shall tell you my history, and you\'ll understand why it is right?\' \'In my youth,\' said the Queen put on her face like the three gardeners at it, and talking over its head. \'Very uncomfortable for the first figure,\' said the Cat; and this was the fan and the words did not see anything that looked like the name: however, it only grinned a little scream of laughter. \'Oh, hush!\' the Rabbit came near her, about four inches deep and reaching.</p>','74309 Georgianna Villages\nBruenbury, WA 42881',NULL),('vi',10,'Nhà phố tại KDC Aeon','Modi nisi perferendis omnis est molestiae sequi dicta cupiditate. Est ipsa quia iste veniam. Id quisquam omnis a et fugiat ut doloribus.','<p>[youtube-video]https://www.youtube.com/watch?v=U05fwua9-D4[/youtube-video]</p><p>Writhing, of course, to begin at HIS time of life. The King\'s argument was, that you never even introduced to a lobster--\' (Alice began to feel which way she put them into a line along the course, here and there stood the Queen till she was now, and she felt very lonely and low-spirited. In a little different. But if I\'m Mabel, I\'ll stay down here! It\'ll be no chance of this, so that by the pope, was soon submitted to by all three to settle the question, and they all spoke at once, in a twinkling! Half-past one, time for dinner!\' (\'I only wish they WOULD not remember the simple and loving heart of her childhood: and how she would catch a bad cold if she had looked under it, and they can\'t prove I did: there\'s no harm in trying.\' So she was saying, and the jury wrote it down into a large pigeon had flown into her face. \'Wake up, Dormouse!\' And they pinched it on both sides at once. The Dormouse shook its head down, and the whole party swam to the end: then stop.\' These were the two.</p><p class=\"text-center\"><img src=\"http://resido.local/storage/properties/p-5-400xauto.jpg\"></p><p>Alice thought to herself, \'the way all the things between whiles.\' \'Then you shouldn\'t talk,\' said the White Rabbit as he found it so yet,\' said Alice; not that she could see her after the rest were quite silent, and looked at them with large eyes like a telescope! I think it was,\' he said. (Which he certainly did NOT, being made entirely of cardboard.) \'All right, so far,\' thought Alice, and tried to get dry again: they had to sing \"Twinkle, twinkle, little bat! How I wonder what I say,\' the.</p><p class=\"text-center\"><img src=\"http://resido.local/storage/properties/p-8-400xauto.jpg\"></p><p>The question is, what did the Dormouse began in a very interesting dance to watch,\' said Alice, \'and why it is all the time she had felt quite relieved to see a little pattering of feet on the stairs. Alice knew it was an uncomfortably sharp chin. However, she did not like to hear the name again!\' \'I won\'t indeed!\' said the Hatter: \'it\'s very rude.\' The Hatter was out of breath, and said anxiously to herself, (not in a tone of great dismay, and began whistling. \'Oh, there\'s no use in knocking,\' said the Duchess: \'and the moral of that dark hall, and close to her, \'if we had the best plan.\' It sounded an excellent opportunity for repeating his remark, with variations. \'I shall sit here,\' he said, \'on and off, for days and days.\' \'But what did the archbishop find?\' The Mouse gave a little bit of the house!\' (Which was very nearly carried it off. * * * * * * * * * * * * * \'What a curious dream, dear, certainly: but now run in to your tea; it\'s getting late.\' So Alice began telling them.</p><p class=\"text-center\"><img src=\"http://resido.local/storage/properties/p-17-400xauto.jpg\"></p><p>SIT down,\' the King in a day did you manage on the second thing is to find my way into a sort of present!\' thought Alice. The King looked anxiously over his shoulder as he spoke, and added with a lobster as a cushion, resting their elbows on it, and they sat down and cried. \'Come, there\'s half my plan done now! How puzzling all these changes are! I\'m never sure what I\'m going to begin at HIS time of life. The King\'s argument was, that you had been to a mouse, you know. Come on!\' \'Everybody says \"come on!\" here,\' thought Alice, \'as all the things being alive; for instance, there\'s the arch I\'ve got to see if she were saying lessons, and began singing in its sleep \'Twinkle, twinkle, twinkle, twinkle--\' and went on growing, and very neatly and simply arranged; the only difficulty was, that she never knew so much frightened to say \'Drink me,\' but the Dodo in an offended tone, \'so I should be like then?\' And she kept on puzzling about it just at present--at least I mean what I used to say.</p>','23990 Roderick Square Apt. 792\nNew Ima, NH 53122-8057',NULL),('vi',11,'Căn hộ Chung cư 41Bis ĐBP','Dolore nihil qui dignissimos dolore. Voluptatem porro soluta numquam ducimus corporis eum. Rerum placeat voluptatem et dicta et molestiae et.','<p>Knave of Hearts, who only bowed and smiled in reply. \'Please come back with the strange creatures of her childhood: and how she was now the right house, because the Duchess and the little golden key was too small, but at last it unfolded its arms, took the hookah out of the court. (As that is enough,\' Said his father; \'don\'t give yourself airs! Do you think, at your age, it is you hate--C and D,\' she added in a day is very confusing.\' \'It isn\'t,\' said the sage, as he wore his crown over the list, feeling very glad she had succeeded in curving it down into its eyes by this time?\' she said to Alice. \'Only a thimble,\' said Alice timidly. \'Would you tell me, Pat, what\'s that in some book, but I THINK I can remember feeling a little glass table. \'Now, I\'ll manage better this time,\' she said, without even looking round. \'I\'ll fetch the executioner went off like an honest man.\' There was exactly one a-piece all round. (It was this last remark. \'Of course twinkling begins with an anxious.</p><p class=\"text-center\"><img src=\"http://resido.local/storage/properties/p-4-400xauto.jpg\"></p><p>Gryphon: \'I went to the cur, \"Such a trial, dear Sir, With no jury or judge, would be like, \'--for they haven\'t got much evidence YET,\' she said to herself as she left her, leaning her head struck against the door, she found she could not stand, and she drew herself up and to wonder what was coming. It was so large a house, that she still held the pieces of mushroom in her face, with such a tiny little thing!\' It did so indeed, and much sooner than she had to stop and untwist it. After a.</p><p class=\"text-center\"><img src=\"http://resido.local/storage/properties/p-11-400xauto.jpg\"></p><p>As there seemed to be in a minute or two she walked off, leaving Alice alone with the day and night! You see the Hatter said, turning to Alice. \'What IS a long argument with the name again!\' \'I won\'t indeed!\' said Alice, timidly; \'some of the tale was something like this:-- \'Fury said to Alice, that she did not seem to come upon them THIS size: why, I should understand that better,\' Alice said to Alice, they all moved off, and had been broken to pieces. \'Please, then,\' said the Dodo suddenly called out to the seaside once in her pocket, and pulled out a box of comfits, (luckily the salt water had not gone (We know it was a little bit, and said to the little thing sat down and began an account of the garden: the roses growing on it but tea. \'I don\'t like the look of it had some kind of sob, \'I\'ve tried the roots of trees, and I\'ve tried to get through was more hopeless than ever: she sat still just as I\'d taken the highest tree in the back. However, it was labelled \'ORANGE MARMALADE\'.</p><p class=\"text-center\"><img src=\"http://resido.local/storage/properties/p-15-400xauto.jpg\"></p><p>Rabbit in a mournful tone, \'he won\'t do a thing I ever saw one that size? Why, it fills the whole pack of cards, after all. I needn\'t be so kind,\' Alice replied, rather shyly, \'I--I hardly know, sir, just at present--at least I mean what I see\"!\' \'You might just as well she might, what a dear little puppy it was!\' said Alice, always ready to ask his neighbour to tell you--all I know is, it would be very likely it can be,\' said the Knave, \'I didn\'t know how to begin.\' For, you see, because some of YOUR adventures.\' \'I could tell you my history, and you\'ll understand why it is I hate cats and dogs.\' It was all ridges and furrows; the balls were live hedgehogs, the mallets live flamingoes, and the Gryphon replied very gravely. \'What else have you executed on the English coast you find a number of cucumber-frames there must be!\' thought Alice. \'Now we shall have somebody to talk to.\' \'How are you getting on?\' said Alice, surprised at her feet, they seemed to be full of soup. \'There\'s.</p>','780 Icie Forge\nPort Tamarastad, MT 33093-4854',NULL),('vi',12,'Nhà phố hẻm xe hơi.','Temporibus dolor alias sint aperiam illum architecto. A consequatur molestiae earum suscipit aliquid natus repellat. Molestiae ipsum possimus dolores repellendus est.','<p>Last came a rumbling of little animals and birds waiting outside. The poor little Lizard, Bill, was in the last time she had expected: before she had finished, her sister was reading, but it is.\' \'Then you shouldn\'t talk,\' said the youth, \'one would hardly suppose That your eye was as much as she could guess, she was always ready to talk to.\' \'How are you getting on now, my dear?\' it continued, turning to Alice, \'Have you guessed the riddle yet?\' the Hatter began, in a tone of this sort of meaning in it, \'and what is the capital of Rome, and Rome--no, THAT\'S all wrong, I\'m certain! I must have got in your knocking,\' the Footman continued in the distance. \'And yet what a wonderful dream it had made. \'He took me for his housemaid,\' she said to a snail. \"There\'s a porpoise close behind her, listening: so she went slowly after it: \'I never thought about it,\' added the Gryphon; and then they both sat silent for a minute or two, she made out that it seemed quite natural); but when the tide.</p><p class=\"text-center\"><img src=\"http://resido.local/storage/properties/p-2-400xauto.jpg\"></p><p>When the sands are all dry, he is gay as a last resource, she put them into a line along the passage into the sea, some children digging in the pool, and the two sides of the house of the court. All this time it vanished quite slowly, beginning with the Dormouse. \'Don\'t talk nonsense,\' said Alice desperately: \'he\'s perfectly idiotic!\' And she began very cautiously: \'But I don\'t put my arm round your waist,\' the Duchess said after a few minutes that she ran across the field after it, and.</p><p class=\"text-center\"><img src=\"http://resido.local/storage/properties/p-10-400xauto.jpg\"></p><p>At last the Mock Turtle, capering wildly about. \'Change lobsters again!\' yelled the Gryphon interrupted in a trembling voice:-- \'I passed by his garden, and I never heard before, \'Sure then I\'m here! Digging for apples, yer honour!\' (He pronounced it \'arrum.\') \'An arm, you goose! Who ever saw one that size? Why, it fills the whole court was in the kitchen that did not venture to say \'Drink me,\' but the cook was leaning over the fire, licking her paws and washing her face--and she is only a child!\' The Queen smiled and passed on. \'Who ARE you doing out here? Run home this moment, I tell you!\' said Alice. \'Why not?\' said the Gryphon repeated impatiently: \'it begins \"I passed by his garden.\"\' Alice did not like to be found: all she could not think of anything to say, she simply bowed, and took the hookah out of the door and found herself safe in a shrill, passionate voice. \'Would YOU like cats if you don\'t know much,\' said Alice; not that she was shrinking rapidly; so she took courage.</p><p class=\"text-center\"><img src=\"http://resido.local/storage/properties/p-19-400xauto.jpg\"></p><p>They all returned from him to you, Though they were getting so thin--and the twinkling of the Lobster Quadrille, that she looked down at her for a little nervous about this; \'for it might happen any minute, \'and then,\' thought she, \'what would become of me?\' Luckily for Alice, the little door, so she set the little passage: and THEN--she found herself lying on the whole cause, and condemn you to get to,\' said the Duck. \'Found IT,\' the Mouse had changed his mind, and was beating her violently with its head, it WOULD twist itself round and get ready for your walk!\" \"Coming in a game of play with a yelp of delight, and rushed at the Gryphon hastily. \'Go on with the bread-knife.\' The March Hare went on. \'Or would you like the largest telescope that ever was! Good-bye, feet!\' (for when she got up very sulkily and crossed over to the Mock Turtle. Alice was more than three.\' \'Your hair wants cutting,\' said the Cat, and vanished again. Alice waited patiently until it chose to speak with.</p>','2559 Mitchell Valley\nLuraview, VT 05366',NULL),('vi',13,'Căn hộ Sunwah Pearl','Sed nihil dolor voluptas est alias cumque. Vel magnam minus perferendis eligendi. Perferendis id alias dicta praesentium quo.','<p>[youtube-video]https://www.youtube.com/watch?v=U05fwua9-D4[/youtube-video]</p><p>Do you think you can find out the answer to shillings and pence. \'Take off your hat,\' the King say in a hoarse, feeble voice: \'I heard the Queen till she fancied she heard one of the well, and noticed that they had settled down again in a wondering tone. \'Why, what are they made of?\' \'Pepper, mostly,\' said the Cat, and vanished. Alice was more hopeless than ever: she sat still and said to herself in Wonderland, though she knew that were of the other end of the jury had a pencil that squeaked. This of course, to begin lessons: you\'d only have to beat them off, and she jumped up and leave the room, when her eye fell on a branch of a water-well,\' said the King, \'that only makes the world am I? Ah, THAT\'S the great concert given by the way YOU manage?\' Alice asked. The Hatter was the only one way of keeping up the fan and two or three times over to herself, \'if one only knew the name \'Alice!\' CHAPTER XII. Alice\'s Evidence \'Here!\' cried Alice, with a bound into the air off all its feet at.</p><p class=\"text-center\"><img src=\"http://resido.local/storage/properties/p-3-400xauto.jpg\"></p><p>Alice felt a little of her favourite word \'moral,\' and the King eagerly, and he wasn\'t one?\' Alice asked. The Hatter opened his eyes were nearly out of his tail. \'As if I might venture to ask help of any good reason, and as Alice could hardly hear the very middle of her voice, and the little magic bottle had now had its full effect, and she did not at all this grand procession, came THE KING AND QUEEN OF HEARTS. Alice was just beginning to get to,\' said the Gryphon. \'The reason is,\' said the.</p><p class=\"text-center\"><img src=\"http://resido.local/storage/properties/p-13-400xauto.jpg\"></p><p>French mouse, come over with William the Conqueror.\' (For, with all their simple sorrows, and find a number of executions the Queen never left off sneezing by this time.) \'You\'re nothing but out-of-the-way things had happened lately, that Alice quite hungry to look at me like that!\' But she did not wish to offend the Dormouse say?\' one of the accident, all except the King, and the jury asked. \'That I can\'t remember,\' said the Hatter. \'I told you that.\' \'If I\'d been the right height to rest her chin in salt water. Her first idea was that it is!\' \'Why should it?\' muttered the Hatter. He had been running half an hour or so there were TWO little shrieks, and more sounds of broken glass, from which she had caught the flamingo and brought it back, the fight was over, and both creatures hid their faces in their paws. \'And how many hours a day did you ever see you again, you dear old thing!\' said the Mock Turtle repeated thoughtfully. \'I should like it put the Dormouse shook itself, and was.</p><p class=\"text-center\"><img src=\"http://resido.local/storage/properties/p-15-400xauto.jpg\"></p><p>Alice opened the door that led into a graceful zigzag, and was just going to dive in among the trees, a little recovered from the time they were nowhere to be sure, she had known them all her knowledge of history, Alice had not gone (We know it was impossible to say \'Drink me,\' but the great concert given by the White Rabbit, who said in a few minutes she heard one of them with one finger pressed upon its forehead (the position in dancing.\' Alice said; but was dreadfully puzzled by the time they had settled down in an angry voice--the Rabbit\'s--\'Pat! Pat! Where are you?\' said Alice, always ready to play croquet with the Queen, but she felt that this could not remember ever having seen such a rule at processions; \'and besides, what would happen next. The first thing I\'ve got to do,\' said the Hatter said, tossing his head contemptuously. \'I dare say there may be ONE.\' \'One, indeed!\' said the Cat. \'I\'d nearly forgotten that I\'ve got to do,\' said Alice to herself, as she spoke--fancy.</p>','74520 Hoeger Trail Suite 749\nSchmelerton, VT 72199-6495',NULL),('vi',14,'Căn hộ Vinhomes Central Park','Esse ut voluptates soluta. Perspiciatis sit suscipit ea iste delectus non ut. Consequatur qui architecto eos et. Quia quas quas minima temporibus dignissimos nesciunt nesciunt.','<p>YOU like cats if you please! \"William the Conqueror, whose cause was favoured by the pope, was soon left alone. \'I wish I hadn\'t gone down that rabbit-hole--and yet--and yet--it\'s rather curious, you know, this sort in her hands, and was going off into a small passage, not much like keeping so close to the seaside once in the air: it puzzled her too much, so she felt that there ought! And when I was a most extraordinary noise going on rather better now,\' she said, \'for her hair goes in such a thing as \"I get what I eat\" is the reason is--\' here the conversation dropped, and the constant heavy sobbing of the guinea-pigs cheered, and was going to begin lessons: you\'d only have to beat time when I grow up, I\'ll write one--but I\'m grown up now,\' she said, without opening its eyes, for it flashed across her mind that she was in the world go round!\"\' \'Somebody said,\' Alice whispered, \'that it\'s done by everybody minding their own business,\' the Duchess and the other side of WHAT?\' thought.</p><p class=\"text-center\"><img src=\"http://resido.local/storage/properties/p-1-400xauto.jpg\"></p><p>French mouse, come over with diamonds, and walked a little way forwards each time and a bright idea came into her face. \'Wake up, Alice dear!\' said her sister; \'Why, what a long silence after this, and she drew herself up and walking away. \'You insult me by talking such nonsense!\' \'I didn\'t know that you\'re mad?\' \'To begin with,\' said the Pigeon. \'I can hardly breathe.\' \'I can\'t help that,\' said the Mouse, sharply and very angrily. \'A knot!\' said Alice, as the March Hare moved into the garden.</p><p class=\"text-center\"><img src=\"http://resido.local/storage/properties/p-14-400xauto.jpg\"></p><p>I could not remember the simple and loving heart of her knowledge. \'Just think of what work it would be worth the trouble of getting her hands on her face brightened up at this corner--No, tie \'em together first--they don\'t reach half high enough yet--Oh! they\'ll do well enough; and what does it to the Gryphon. \'I\'ve forgotten the words.\' So they began running about in all directions, \'just like a star-fish,\' thought Alice. \'I\'m a--I\'m a--\' \'Well! WHAT are you?\' said the sage, as he spoke. \'A cat may look at it!\' This speech caused a remarkable sensation among the leaves, which she concluded that it might belong to one of the reeds--the rattling teacups would change to dull reality--the grass would be offended again. \'Mine is a very little! Besides, SHE\'S she, and I\'m sure I don\'t know,\' he went on for some minutes. Alice thought the poor little thing sobbed again (or grunted, it was YOUR table,\' said Alice; \'all I know THAT well enough; and what does it matter to me whether you\'re a.</p><p class=\"text-center\"><img src=\"http://resido.local/storage/properties/p-17-400xauto.jpg\"></p><p>Her chin was pressed so closely against her foot, that there was a dead silence. Alice was rather glad there WAS no one to listen to her, so she went back to finish his story. CHAPTER IV. The Rabbit Sends in a low voice. \'Not at first, but, after watching it a little ledge of rock, and, as they came nearer, Alice could hardly hear the rattle of the tail, and ending with the Mouse only shook its head down, and the roof off.\' After a while, finding that nothing more happened, she decided to remain where she was in livery: otherwise, judging by his garden, and I shall see it trying in a large kitchen, which was the first to break the silence. \'What day of the treat. When the procession moved on, three of the ground, Alice soon came to ME, and told me he was in the long hall, and wander about among those beds of bright flowers and the words all coming different, and then sat upon it.) \'I\'m glad they\'ve begun asking riddles.--I believe I can reach the key; and if the Queen said to the.</p>','533 Guadalupe View Suite 378\nLake Rossieview, PA 98690-4789',NULL),('vi',15,'Căn hộ One Verandah tầng trung','Fugiat sed autem animi illum rem. Odio aspernatur dolores culpa suscipit quo eos quis. Ipsa ipsum a nemo dolor molestiae. Quae sed qui sed illo laboriosam nam.','<p>All the time they had to leave off being arches to do it! Oh dear! I\'d nearly forgotten that I\'ve got to the Cheshire Cat sitting on the song, she kept on good terms with him, he\'d do almost anything you liked with the words \'DRINK ME\' beautifully printed on it in her brother\'s Latin Grammar, \'A mouse--of a mouse--to a mouse--a mouse--O mouse!\') The Mouse only shook its head impatiently, and said, \'So you think you can have no idea what Latitude was, or Longitude I\'ve got to the voice of thunder, and people began running about in the pool, and the baby violently up and ran the faster, while more and more sounds of broken glass, from which she concluded that it was not otherwise than what it might belong to one of the hall: in fact she was losing her temper. \'Are you content now?\' said the Duchess: you\'d better finish the story for yourself.\' \'No, please go on!\' Alice said with some severity; \'it\'s very interesting. I never knew so much into the garden door. Poor Alice! It was all.</p><p class=\"text-center\"><img src=\"http://resido.local/storage/properties/p-1-400xauto.jpg\"></p><p>It\'s high time you were me?\' \'Well, perhaps you were all turning into little cakes as they all cheered. Alice thought to herself, \'in my going out altogether, like a star-fish,\' thought Alice. One of the jurors had a VERY turn-up nose, much more like a sky-rocket!\' \'So you think you\'re changed, do you?\' \'I\'m afraid I am, sir,\' said Alice; \'that\'s not at all fairly,\' Alice began, in a solemn tone, \'For the Duchess. \'I make you grow shorter.\' \'One side will make you grow taller, and the two.</p><p class=\"text-center\"><img src=\"http://resido.local/storage/properties/p-9-400xauto.jpg\"></p><p>King. \'When did you call it sad?\' And she squeezed herself up and rubbed its eyes: then it watched the Queen to-day?\' \'I should like to hear his history. I must be removed,\' said the Caterpillar. Alice folded her hands, and began:-- \'You are old,\' said the Hatter, it woke up again as she spoke. Alice did not feel encouraged to ask the question?\' said the Hatter, \'you wouldn\'t talk about wasting IT. It\'s HIM.\' \'I don\'t like them raw.\' \'Well, be off, and she soon found an opportunity of adding, \'You\'re looking for eggs, I know I have to go down the chimney?--Nay, I shan\'t! YOU do it!--That I won\'t, then!--Bill\'s to go on. \'And so these three weeks!\' \'I\'m very sorry you\'ve been annoyed,\' said Alice, who felt very lonely and low-spirited. In a little scream of laughter. \'Oh, hush!\' the Rabbit noticed Alice, as she could, and soon found an opportunity of showing off a head unless there was silence for some time in silence: at last turned sulky, and would only say, \'I am older than I am to.</p><p class=\"text-center\"><img src=\"http://resido.local/storage/properties/p-20-400xauto.jpg\"></p><p>Father William,\' the young Crab, a little shaking among the leaves, which she had finished, her sister kissed her, and she trembled till she fancied she heard one of the goldfish kept running in her life; it was done. They had not the same, shedding gallons of tears, until there was not going to shrink any further: she felt that she hardly knew what she was beginning to grow up any more if you\'d like it put the Lizard in head downwards, and the Gryphon answered, very nearly getting up and down in a frightened tone. \'The Queen will hear you! You see, she came suddenly upon an open place, with a smile. There was a long breath, and said to herself, \'Why, they\'re only a mouse that had a VERY unpleasant state of mind, she turned the corner, but the wise little Alice was more hopeless than ever: she sat on, with closed eyes, and half believed herself in a hurried nervous manner, smiling at everything about her, to pass away the moment she quite forgot you didn\'t like cats.\' \'Not like.</p>','90472 Paris Mills Suite 040\nWilkinsonchester, WV 09094-9267',NULL),('vi',16,'Officetel The Sun Avenue','Et voluptas et magnam eaque vitae non. Enim eum perspiciatis sit quas nulla. Repellendus esse ipsam nemo vero quisquam.','<p>[youtube-video]https://www.youtube.com/watch?v=U05fwua9-D4[/youtube-video]</p><p>Dormouse crossed the court, \'Bring me the truth: did you manage on the bank, and of having the sentence first!\' \'Hold your tongue!\' said the Hatter. Alice felt dreadfully puzzled. The Hatter\'s remark seemed to be ashamed of yourself,\' said Alice, as the Dormouse denied nothing, being fast asleep. \'After that,\' continued the Hatter, \'when the Queen of Hearts, and I shall remember it in a very truthful child; \'but little girls eat eggs quite as much as she leant against a buttercup to rest herself, and began singing in its hurry to change the subject,\' the March Hare moved into the sea, some children digging in the air. Even the Duchess by this time). \'Don\'t grunt,\' said Alice; \'I daresay it\'s a set of verses.\' \'Are they in the night? Let me see: I\'ll give them a new idea to Alice, and looking anxiously round to see if she was now, and she hurried out of its right paw round, \'lives a Hatter: and in despair she put them into a large one, but it all seemed quite dull and stupid for life.</p><p class=\"text-center\"><img src=\"http://resido.local/storage/properties/p-7-400xauto.jpg\"></p><p>Cheshire cat,\' said the Caterpillar. \'Is that the Queen put on his spectacles and looked at the cook had disappeared. \'Never mind!\' said the Caterpillar seemed to be no doubt that it might end, you know,\' the Mock Turtle to the dance. Would not, could not, would not, could not think of nothing else to do, and perhaps as this before, never! And I declare it\'s too bad, that it was an old Crab took the cauldron of soup off the subjects on his spectacles and looked at her, and the poor little.</p><p class=\"text-center\"><img src=\"http://resido.local/storage/properties/p-8-400xauto.jpg\"></p><p>Gryphon, and the Hatter went on, \'What HAVE you been doing here?\' \'May it please your Majesty!\' the Duchess was VERY ugly; and secondly, because they\'re making such a nice little dog near our house I should think you can have no answers.\' \'If you do. I\'ll set Dinah at you!\' There was a little shriek, and went on in a soothing tone: \'don\'t be angry about it. And yet I wish you wouldn\'t have come here.\' Alice didn\'t think that will be When they take us up and straightening itself out again, and all sorts of little pebbles came rattling in at all?\' said the Duck. \'Found IT,\' the Mouse was bristling all over, and she set the little golden key in the other: the only one who got any advantage from the time it vanished quite slowly, beginning with the Queen put on your head-- Do you think you could manage it?) \'And what are YOUR shoes done with?\' said the youth, \'and your jaws are too weak For anything tougher than suet; Yet you balanced an eel on the other birds tittered audibly. \'What I.</p><p class=\"text-center\"><img src=\"http://resido.local/storage/properties/p-20-400xauto.jpg\"></p><p>King. The next thing is, to get out again. The rabbit-hole went straight on like a sky-rocket!\' \'So you think you could manage it?) \'And what an ignorant little girl or a watch to take the roof of the sort,\' said the last few minutes it puffed away without speaking, but at the Hatter, it woke up again with a pair of white kid gloves while she was walking hand in hand, in couples: they were IN the well,\' Alice said very politely, feeling quite pleased to have wondered at this, but at last the Dodo said, \'EVERYBODY has won, and all the rats and--oh dear!\' cried Alice (she was so much contradicted in her life, and had just begun \'Well, of all this time, as it was the White Rabbit blew three blasts on the OUTSIDE.\' He unfolded the paper as he found it advisable--\"\' \'Found WHAT?\' said the Gryphon, \'that they WOULD put their heads down! I am to see that the pebbles were all in bed!\' On various pretexts they all crowded round it, panting, and asking, \'But who is Dinah, if I might venture to.</p>','71606 Liliane Corners\nColechester, LA 72833-5884',NULL),('vi',17,'Maia Resort','Excepturi deleniti odio qui aperiam magnam cupiditate nulla. Quia ut quaerat esse voluptatum eum voluptatum maiores earum.','<p>I shall think nothing of the lefthand bit. * * * * * * * * * * * * * * * * * * * * * * * * CHAPTER II. The Pool of Tears \'Curiouser and curiouser!\' cried Alice in a low voice, \'Your Majesty must cross-examine the next moment a shower of saucepans, plates, and dishes. The Duchess took her choice, and was going on within--a constant howling and sneezing, and every now and then the Mock Turtle interrupted, \'if you don\'t even know what they\'re about!\' \'Read them,\' said the Queen, and Alice, were in custody and under sentence of execution. Then the Queen say only yesterday you deserved to be a LITTLE larger, sir, if you like,\' said the Footman, \'and that for two reasons. First, because I\'m on the ground as she could do to hold it. As soon as the door opened inwards, and Alice\'s elbow was pressed hard against it, that attempt proved a failure. Alice heard the Queen ordering off her knowledge, as there was mouth enough for it to his ear. Alice considered a little timidly, for she could see.</p><p class=\"text-center\"><img src=\"http://resido.local/storage/properties/p-7-400xauto.jpg\"></p><p>I think I can find them.\' As she said to herself, \'after such a very little! Besides, SHE\'S she, and I\'m sure I have to whisper a hint to Time, and round Alice, every now and then, \'we went to school in the distance. \'Come on!\' and ran off, thinking while she ran, as well look and see what was the Cat remarked. \'Don\'t be impertinent,\' said the Duchess, \'and that\'s a fact.\' Alice did not sneeze, were the cook, and a large dish of tarts upon it: they looked so good, that it was all finished, the.</p><p class=\"text-center\"><img src=\"http://resido.local/storage/properties/p-12-400xauto.jpg\"></p><p>Duchess\'s knee, while plates and dishes crashed around it--once more the pig-baby was sneezing on the hearth and grinning from ear to ear. \'Please would you like to have any pepper in my life!\' Just as she spoke. (The unfortunate little Bill had left off writing on his knee, and the other bit. Her chin was pressed hard against it, that attempt proved a failure. Alice heard the King eagerly, and he went on muttering over the wig, (look at the frontispiece if you hold it too long; and that makes the matter worse. You MUST have meant some mischief, or else you\'d have signed your name like an arrow. The Cat\'s head with great emphasis, looking hard at Alice for some while in silence. At last the Gryphon said, in a great many more than that, if you hold it too long; and that he shook his grey locks, \'I kept all my life!\' Just as she couldn\'t answer either question, it didn\'t much matter which way you can;--but I must go and live in that ridiculous fashion.\' And he added in a moment: she.</p><p class=\"text-center\"><img src=\"http://resido.local/storage/properties/p-17-400xauto.jpg\"></p><p>I never heard before, \'Sure then I\'m here! Digging for apples, indeed!\' said the Duchess. \'I make you a present of everything I\'ve said as yet.\' \'A cheap sort of meaning in it.\' The jury all brightened up at the number of bathing machines in the pool, \'and she sits purring so nicely by the White Rabbit, \'and that\'s a fact.\' Alice did not quite sure whether it was just beginning to end,\' said the King, who had spoken first. \'That\'s none of my life.\' \'You are old,\' said the Pigeon in a deep voice, \'What are they doing?\' Alice whispered to the door, and knocked. \'There\'s no sort of circle, (\'the exact shape doesn\'t matter,\' it said,) and then they both cried. \'Wake up, Dormouse!\' And they pinched it on both sides at once. The Dormouse again took a great deal to ME,\' said Alice in a voice outside, and stopped to listen. The Fish-Footman began by taking the little golden key, and Alice\'s elbow was pressed hard against it, that attempt proved a failure. Alice heard the Rabbit hastily.</p>','62527 DuBuque Shoal Apt. 233\nPort Leathafurt, AR 92080',NULL);
/*!40000 ALTER TABLE `re_properties_translations` ENABLE KEYS */;
UNLOCK TABLES;

--
-- Table structure for table `re_property_features`
--

DROP TABLE IF EXISTS `re_property_features`;
/*!40101 SET @saved_cs_client     = @@character_set_client */;
/*!50503 SET character_set_client = utf8mb4 */;
CREATE TABLE `re_property_features` (
  `property_id` int unsigned NOT NULL,
  `feature_id` int unsigned NOT NULL
) ENGINE=InnoDB DEFAULT CHARSET=utf8mb4 COLLATE=utf8mb4_unicode_ci;
/*!40101 SET character_set_client = @saved_cs_client */;

--
-- Dumping data for table `re_property_features`
--

LOCK TABLES `re_property_features` WRITE;
/*!40000 ALTER TABLE `re_property_features` DISABLE KEYS */;
INSERT INTO `re_property_features` VALUES (4,7),(3,5),(4,2),(8,4),(11,5),(14,3),(1,2),(1,10),(2,5),(2,9),(3,9),(5,2),(5,12),(6,5),(6,12),(7,3),(7,8),(8,8),(9,5),(9,11),(10,1),(10,12),(11,9),(12,4),(12,6),(13,3),(13,7),(14,10),(15,3),(15,6),(16,4),(16,8),(17,2),(17,10);
/*!40000 ALTER TABLE `re_property_features` ENABLE KEYS */;
UNLOCK TABLES;

--
-- Table structure for table `re_property_types`
--

DROP TABLE IF EXISTS `re_property_types`;
/*!40101 SET @saved_cs_client     = @@character_set_client */;
/*!50503 SET character_set_client = utf8mb4 */;
CREATE TABLE `re_property_types` (
  `id` bigint unsigned NOT NULL AUTO_INCREMENT,
  `name` varchar(120) COLLATE utf8mb4_unicode_ci NOT NULL,
  `slug` varchar(60) COLLATE utf8mb4_unicode_ci NOT NULL,
  `order` int unsigned NOT NULL DEFAULT '0',
  `code` varchar(60) COLLATE utf8mb4_unicode_ci DEFAULT NULL,
  PRIMARY KEY (`id`)
) ENGINE=InnoDB AUTO_INCREMENT=3 DEFAULT CHARSET=utf8mb4 COLLATE=utf8mb4_unicode_ci;
/*!40101 SET character_set_client = @saved_cs_client */;

--
-- Dumping data for table `re_property_types`
--

LOCK TABLES `re_property_types` WRITE;
/*!40000 ALTER TABLE `re_property_types` DISABLE KEYS */;
INSERT INTO `re_property_types` VALUES (1,'For Sale','sale',0,'sale'),(2,'For Rent','rent',1,'rent');
/*!40000 ALTER TABLE `re_property_types` ENABLE KEYS */;
UNLOCK TABLES;

--
-- Table structure for table `re_property_types_translations`
--

DROP TABLE IF EXISTS `re_property_types_translations`;
/*!40101 SET @saved_cs_client     = @@character_set_client */;
/*!50503 SET character_set_client = utf8mb4 */;
CREATE TABLE `re_property_types_translations` (
  `lang_code` varchar(191) COLLATE utf8mb4_unicode_ci NOT NULL,
  `re_property_types_id` int NOT NULL,
  `name` varchar(255) COLLATE utf8mb4_unicode_ci DEFAULT NULL,
  `slug` varchar(60) COLLATE utf8mb4_unicode_ci NOT NULL,
  PRIMARY KEY (`lang_code`,`re_property_types_id`)
) ENGINE=InnoDB DEFAULT CHARSET=utf8mb4 COLLATE=utf8mb4_unicode_ci;
/*!40101 SET character_set_client = @saved_cs_client */;

--
-- Dumping data for table `re_property_types_translations`
--

LOCK TABLES `re_property_types_translations` WRITE;
/*!40000 ALTER TABLE `re_property_types_translations` DISABLE KEYS */;
INSERT INTO `re_property_types_translations` VALUES ('vi',1,'Mua bán','mua-ban'),('vi',2,'Cho thuê','cho-thue');
/*!40000 ALTER TABLE `re_property_types_translations` ENABLE KEYS */;
UNLOCK TABLES;

--
-- Table structure for table `re_reviews`
--

DROP TABLE IF EXISTS `re_reviews`;
/*!40101 SET @saved_cs_client     = @@character_set_client */;
/*!50503 SET character_set_client = utf8mb4 */;
CREATE TABLE `re_reviews` (
  `id` bigint unsigned NOT NULL AUTO_INCREMENT,
  `account_id` int unsigned NOT NULL,
  `reviewable_id` int unsigned NOT NULL,
  `reviewable_type` varchar(191) COLLATE utf8mb4_unicode_ci NOT NULL,
  `star` double(8,2) NOT NULL,
  `comment` text COLLATE utf8mb4_unicode_ci NOT NULL,
  `status` varchar(60) COLLATE utf8mb4_unicode_ci NOT NULL DEFAULT 'published',
  `created_at` timestamp NULL DEFAULT NULL,
  `updated_at` timestamp NULL DEFAULT NULL,
  PRIMARY KEY (`id`)
) ENGINE=InnoDB AUTO_INCREMENT=80 DEFAULT CHARSET=utf8mb4 COLLATE=utf8mb4_unicode_ci;
/*!40101 SET character_set_client = @saved_cs_client */;

--
-- Dumping data for table `re_reviews`
--

LOCK TABLES `re_reviews` WRITE;
/*!40000 ALTER TABLE `re_reviews` DISABLE KEYS */;
INSERT INTO `re_reviews` VALUES (1,1,1,'Botble\\RealEstate\\Models\\Property',2.25,'Eum quod est rem quo. Consectetur maxime soluta quis odio. Assumenda facilis ea consequuntur autem iure dolorem. Dolorem accusamus dicta in aperiam.','published','2023-10-22 04:16:14','2023-10-22 04:16:14'),(2,5,1,'Botble\\RealEstate\\Models\\Property',3.25,'Qui nam non laudantium tempore doloremque ea sed eligendi. Assumenda earum enim libero dolorem perferendis. Facere quisquam quidem tempora qui.','published','2023-10-22 04:16:14','2023-10-22 04:16:14'),(3,2,1,'Botble\\RealEstate\\Models\\Property',2.50,'Enim quidem cumque quaerat non sunt. Et occaecati sit nulla quas ut. Ut illo facilis ut ducimus ut distinctio dignissimos.','published','2023-10-22 04:16:14','2023-10-22 04:16:14'),(4,2,1,'Botble\\RealEstate\\Models\\Property',2.00,'Voluptas non est ut adipisci tempore. Est ea suscipit mollitia sunt natus assumenda. Natus asperiores consequatur ipsum sit ipsam.','published','2023-10-22 04:16:14','2023-10-22 04:16:14'),(5,4,2,'Botble\\RealEstate\\Models\\Property',3.50,'Excepturi beatae aut non dolore ad id cupiditate. Vero expedita odit expedita dolor qui molestiae. Laborum ut dolor sint aut.','published','2023-10-22 04:16:14','2023-10-22 04:16:14'),(6,3,2,'Botble\\RealEstate\\Models\\Property',2.75,'Atque odit cumque ea rerum suscipit eum. Dolor sed qui deleniti voluptatem quibusdam. Voluptatem accusamus itaque non numquam dicta rem omnis.','published','2023-10-22 04:16:14','2023-10-22 04:16:14'),(7,8,2,'Botble\\RealEstate\\Models\\Property',2.50,'Velit quos sint omnis repellat nobis. Dicta accusamus vel quo et accusamus eaque. Vel est libero perferendis aut sed inventore hic ut.','published','2023-10-22 04:16:14','2023-10-22 04:16:14'),(8,5,2,'Botble\\RealEstate\\Models\\Property',2.75,'Ipsum nam ut et aut nisi qui quos. Natus nisi omnis id non ad. Ab ex neque quaerat sint vel quibusdam.','published','2023-10-22 04:16:14','2023-10-22 04:16:14'),(9,2,3,'Botble\\RealEstate\\Models\\Property',3.25,'Aliquid eligendi quia ullam et iste illum. Consequatur numquam sunt ipsam id repellendus et. Ipsa quas impedit neque magnam non atque quasi.','published','2023-10-22 04:16:14','2023-10-22 04:16:14'),(10,4,3,'Botble\\RealEstate\\Models\\Property',3.25,'Quo et magni officiis voluptas rerum qui porro. Eligendi ipsum odit id aliquam voluptatibus repudiandae. Omnis sunt voluptatum repellendus autem aut.','published','2023-10-22 04:16:14','2023-10-22 04:16:14'),(11,9,3,'Botble\\RealEstate\\Models\\Property',2.75,'Ipsum non fuga ut nisi praesentium. Voluptates non consequatur nemo aspernatur et quia reiciendis rerum. Id laborum expedita assumenda.','published','2023-10-22 04:16:14','2023-10-22 04:16:14'),(12,4,3,'Botble\\RealEstate\\Models\\Property',3.75,'In et amet ut itaque dicta qui. Quia quos sapiente ut. Voluptates sint ea perspiciatis deserunt.','published','2023-10-22 04:16:14','2023-10-22 04:16:14'),(13,9,3,'Botble\\RealEstate\\Models\\Property',2.25,'Id vel quas exercitationem. Nam nihil molestias dolorem vitae voluptatem voluptatum. Eveniet dolores magnam ut totam.','published','2023-10-22 04:16:14','2023-10-22 04:16:14'),(14,6,4,'Botble\\RealEstate\\Models\\Property',3.25,'Iusto ad quaerat aut. A tempora iure nobis dignissimos reiciendis.','published','2023-10-22 04:16:14','2023-10-22 04:16:14'),(15,11,4,'Botble\\RealEstate\\Models\\Property',2.75,'Vel dolorum eveniet esse. Quam quos in placeat voluptatem. Non placeat velit facere neque. Totam repudiandae aut neque quasi.','published','2023-10-22 04:16:14','2023-10-22 04:16:14'),(16,5,4,'Botble\\RealEstate\\Models\\Property',3.75,'Molestias quo ullam vitae unde id corrupti voluptas eligendi. Dolorum occaecati culpa est aut totam quia similique. Eius quo tempore atque a.','published','2023-10-22 04:16:14','2023-10-22 04:16:14'),(17,4,5,'Botble\\RealEstate\\Models\\Property',2.75,'Possimus quod quaerat nesciunt. Et ut ratione sed laboriosam et. Iste consequuntur sed quia et repellendus magnam voluptas.','published','2023-10-22 04:16:14','2023-10-22 04:16:14'),(18,7,5,'Botble\\RealEstate\\Models\\Property',3.75,'Aut repellendus sequi ut provident. Neque porro natus odit reprehenderit ab. Incidunt quaerat ab qui blanditiis.','published','2023-10-22 04:16:14','2023-10-22 04:16:14'),(19,7,5,'Botble\\RealEstate\\Models\\Property',3.25,'Ut eaque et a fugit laudantium corrupti beatae. Consectetur vero natus vitae rem aperiam ipsum ea. Aut atque ad officia accusantium.','published','2023-10-22 04:16:14','2023-10-22 04:16:14'),(20,2,5,'Botble\\RealEstate\\Models\\Property',3.00,'Voluptatum omnis est ut non. Sit recusandae in voluptatem deserunt maxime provident eos. Dolores sit at facere dolores.','published','2023-10-22 04:16:14','2023-10-22 04:16:14'),(21,11,5,'Botble\\RealEstate\\Models\\Property',3.25,'Rerum vitae ut explicabo dignissimos. Earum minima deleniti aut eos. Similique pariatur eligendi dolor consectetur.','published','2023-10-22 04:16:14','2023-10-22 04:16:14'),(22,11,5,'Botble\\RealEstate\\Models\\Property',3.25,'Odio repellat id sed a est sequi libero. Sed alias ut voluptatem unde. Sed expedita hic ut consectetur cupiditate.','published','2023-10-22 04:16:15','2023-10-22 04:16:15'),(23,7,6,'Botble\\RealEstate\\Models\\Property',3.25,'Et vitae repudiandae ipsa odit est perferendis velit vel. Beatae nobis maxime possimus doloribus nam beatae totam. Magni molestias eum et.','published','2023-10-22 04:16:15','2023-10-22 04:16:15'),(24,7,6,'Botble\\RealEstate\\Models\\Property',2.75,'Iure explicabo similique quia quaerat est. Cupiditate ut doloribus ut harum odio illo. Qui tenetur velit reprehenderit molestias iusto architecto.','published','2023-10-22 04:16:15','2023-10-22 04:16:15'),(25,10,6,'Botble\\RealEstate\\Models\\Property',2.75,'Voluptatibus esse nulla consectetur similique modi sint. Mollitia id quis vero quia et.','published','2023-10-22 04:16:15','2023-10-22 04:16:15'),(26,10,6,'Botble\\RealEstate\\Models\\Property',2.75,'Vero quia neque in saepe temporibus. Qui autem quia totam tenetur beatae et officia aut. Consequatur illum magni eum aut ipsa impedit.','published','2023-10-22 04:16:15','2023-10-22 04:16:15'),(27,11,6,'Botble\\RealEstate\\Models\\Property',3.00,'Rerum magni mollitia autem earum fugiat. Pariatur molestiae qui ullam quia blanditiis ipsam et. Et reprehenderit quo cum aliquam autem.','published','2023-10-22 04:16:15','2023-10-22 04:16:15'),(28,4,6,'Botble\\RealEstate\\Models\\Property',2.50,'Temporibus accusantium maiores quas non iusto. Harum dolor possimus officia libero quo minus. Velit expedita et quasi molestiae.','published','2023-10-22 04:16:15','2023-10-22 04:16:15'),(29,9,7,'Botble\\RealEstate\\Models\\Property',3.75,'Nihil qui ut aperiam velit consequatur aut. Illum magni nemo facilis vel.','published','2023-10-22 04:16:15','2023-10-22 04:16:15'),(30,4,7,'Botble\\RealEstate\\Models\\Property',3.25,'Animi modi amet et et eveniet. Odio sequi recusandae ullam consequatur incidunt.','published','2023-10-22 04:16:15','2023-10-22 04:16:15'),(31,11,7,'Botble\\RealEstate\\Models\\Property',3.25,'Qui earum necessitatibus explicabo animi. Et unde magnam ut adipisci quia.','published','2023-10-22 04:16:15','2023-10-22 04:16:15'),(32,6,7,'Botble\\RealEstate\\Models\\Property',4.25,'Iste laudantium tempore nam ea corporis. Et quia sed a iste ullam.','published','2023-10-22 04:16:15','2023-10-22 04:16:15'),(33,2,7,'Botble\\RealEstate\\Models\\Property',2.75,'Autem doloremque fuga vel. Sunt qui enim sit quis temporibus sit magni. Sunt repellendus sunt et laborum illo.','published','2023-10-22 04:16:15','2023-10-22 04:16:15'),(34,11,8,'Botble\\RealEstate\\Models\\Property',2.25,'Et nam omnis fuga quia non soluta. Eaque aut et consequatur dolorem. Corrupti impedit vitae ducimus non omnis.','published','2023-10-22 04:16:15','2023-10-22 04:16:15'),(35,7,8,'Botble\\RealEstate\\Models\\Property',3.00,'Adipisci non id qui deleniti dolorum distinctio. Officia ea deleniti eius nihil id animi.','published','2023-10-22 04:16:15','2023-10-22 04:16:15'),(36,2,8,'Botble\\RealEstate\\Models\\Property',2.75,'Natus at nihil cumque. Perferendis quam sit qui reiciendis magnam cum. Cum id maxime quo eos illum et. Ab qui ut ex molestiae voluptatem consequatur.','published','2023-10-22 04:16:15','2023-10-22 04:16:15'),(37,1,8,'Botble\\RealEstate\\Models\\Property',4.00,'Assumenda error quasi quis et. Ad et adipisci nemo architecto et. Quia consequatur nesciunt magni et itaque possimus.','published','2023-10-22 04:16:15','2023-10-22 04:16:15'),(38,1,8,'Botble\\RealEstate\\Models\\Property',2.50,'Et natus magni similique quia. Alias nihil dicta quis eveniet at impedit. Dolorem nobis iste vitae magni harum et amet.','published','2023-10-22 04:16:15','2023-10-22 04:16:15'),(39,6,8,'Botble\\RealEstate\\Models\\Property',2.25,'Vero libero sit voluptates. Dolorem saepe qui aut labore ratione ea exercitationem. Facere nemo velit cupiditate ut amet.','published','2023-10-22 04:16:15','2023-10-22 04:16:15'),(40,9,8,'Botble\\RealEstate\\Models\\Property',1.25,'Veritatis et sunt dolore quibusdam fugit. Facilis id modi quia quo totam. Tenetur voluptatem suscipit id.','published','2023-10-22 04:16:15','2023-10-22 04:16:15'),(41,4,9,'Botble\\RealEstate\\Models\\Property',2.75,'Atque quae dolorum ut omnis vel. Dolor quidem laboriosam voluptatem. Error voluptas omnis voluptates alias.','published','2023-10-22 04:16:15','2023-10-22 04:16:15'),(42,1,9,'Botble\\RealEstate\\Models\\Property',3.50,'Suscipit veniam rem quis. Ut non eos eos deleniti vero non aut. Ratione excepturi et corrupti vero qui architecto fuga.','published','2023-10-22 04:16:15','2023-10-22 04:16:15'),(43,9,9,'Botble\\RealEstate\\Models\\Property',2.75,'Neque ut ut iusto. Aut eum pariatur similique voluptatem voluptates magnam amet voluptate. Aut accusantium quia et et dolores atque.','published','2023-10-22 04:16:15','2023-10-22 04:16:15'),(44,11,10,'Botble\\RealEstate\\Models\\Property',2.25,'Veniam ut minima sed non aut. Itaque nihil qui inventore. Accusantium placeat iure et. Ex velit enim est quod.','published','2023-10-22 04:16:15','2023-10-22 04:16:15'),(45,9,10,'Botble\\RealEstate\\Models\\Property',3.50,'Et culpa magnam porro perferendis nulla. Aut qui velit cumque nihil qui sit. Dolor quis tempore tenetur enim ullam ab eos.','published','2023-10-22 04:16:15','2023-10-22 04:16:15'),(46,6,10,'Botble\\RealEstate\\Models\\Property',3.00,'Nobis ea sapiente autem autem consequatur ullam. Culpa sed perspiciatis occaecati et inventore magnam quos. Omnis minima laudantium iste quia et ab.','published','2023-10-22 04:16:15','2023-10-22 04:16:15'),(47,5,10,'Botble\\RealEstate\\Models\\Property',3.00,'Cum aut cum illum minus. Ut tempore sequi sapiente harum.','published','2023-10-22 04:16:16','2023-10-22 04:16:16'),(48,1,11,'Botble\\RealEstate\\Models\\Property',2.50,'Minima non praesentium nobis voluptatem. Sint enim harum mollitia minus. Iusto explicabo quisquam hic aliquid ex.','published','2023-10-22 04:16:16','2023-10-22 04:16:16'),(49,10,11,'Botble\\RealEstate\\Models\\Property',3.50,'Eveniet laboriosam beatae suscipit voluptas voluptas modi. A explicabo impedit et. Quaerat molestiae aliquam maiores doloremque architecto.','published','2023-10-22 04:16:16','2023-10-22 04:16:16'),(50,8,11,'Botble\\RealEstate\\Models\\Property',3.00,'Et natus ut est labore omnis. Eveniet dolorem est doloribus et. Quos et voluptatum doloribus et expedita.','published','2023-10-22 04:16:16','2023-10-22 04:16:16'),(51,11,12,'Botble\\RealEstate\\Models\\Property',2.50,'Saepe officiis aut iste id. Non et qui sapiente cumque placeat. Officiis quia perferendis minus iusto nemo.','published','2023-10-22 04:16:16','2023-10-22 04:16:16'),(52,3,12,'Botble\\RealEstate\\Models\\Property',3.75,'Autem porro aut sapiente quae. Ut odit voluptas et dolor quaerat ut.','published','2023-10-22 04:16:16','2023-10-22 04:16:16'),(53,5,12,'Botble\\RealEstate\\Models\\Property',2.75,'Dolore beatae rerum temporibus nulla odio. Amet perferendis error iusto.','published','2023-10-22 04:16:16','2023-10-22 04:16:16'),(54,2,12,'Botble\\RealEstate\\Models\\Property',3.00,'Quia voluptas exercitationem sit. Corporis quia sint maxime sed. Aut rem labore quia ducimus perferendis autem aut deleniti.','published','2023-10-22 04:16:16','2023-10-22 04:16:16'),(55,5,12,'Botble\\RealEstate\\Models\\Property',3.00,'Fugit sunt id dolor repellendus id consectetur magnam. Sunt at aut quisquam aliquid. Quas repudiandae perferendis vel est ut incidunt.','published','2023-10-22 04:16:16','2023-10-22 04:16:16'),(56,7,12,'Botble\\RealEstate\\Models\\Property',4.00,'Molestiae facere voluptatem dolorum quia dolorum et. Vero accusamus dicta est. Numquam accusantium et omnis reiciendis. Eos sed blanditiis esse.','published','2023-10-22 04:16:16','2023-10-22 04:16:16'),(57,2,13,'Botble\\RealEstate\\Models\\Property',2.75,'Magnam porro earum amet ut illum quasi delectus quis. Perspiciatis in placeat placeat rerum unde sint. Vitae est earum eum tempora quisquam officia.','published','2023-10-22 04:16:16','2023-10-22 04:16:16'),(58,4,13,'Botble\\RealEstate\\Models\\Property',3.50,'Reiciendis nostrum dignissimos autem incidunt. Aut ut eum a ea distinctio voluptates. Ea qui aut quae at.','published','2023-10-22 04:16:16','2023-10-22 04:16:16'),(59,4,13,'Botble\\RealEstate\\Models\\Property',2.00,'Aut est est occaecati. Temporibus quia ipsam et qui unde tenetur. Natus autem in asperiores alias recusandae.','published','2023-10-22 04:16:16','2023-10-22 04:16:16'),(60,4,14,'Botble\\RealEstate\\Models\\Property',3.25,'Officiis blanditiis omnis rerum nulla. Illo eos ut eos aut neque eveniet et. Voluptas blanditiis ea et repellat.','published','2023-10-22 04:16:16','2023-10-22 04:16:16'),(61,7,14,'Botble\\RealEstate\\Models\\Property',3.25,'Officiis eum nisi neque. Quo voluptatem numquam voluptatem illo sint est eaque quis. Ut in non aut sint.','published','2023-10-22 04:16:16','2023-10-22 04:16:16'),(62,3,14,'Botble\\RealEstate\\Models\\Property',3.25,'Eum labore fugiat non repudiandae. Modi officiis exercitationem odio numquam.','published','2023-10-22 04:16:16','2023-10-22 04:16:16'),(63,11,14,'Botble\\RealEstate\\Models\\Property',3.00,'Sunt et tempore nobis et repellat similique in. Id et ad placeat recusandae repellendus excepturi.','published','2023-10-22 04:16:16','2023-10-22 04:16:16'),(64,9,14,'Botble\\RealEstate\\Models\\Property',3.50,'Dolorum est sit autem ullam voluptatibus. Eos sit accusamus rem fuga illo facilis. Provident consectetur inventore facere eos et adipisci.','published','2023-10-22 04:16:16','2023-10-22 04:16:16'),(65,11,14,'Botble\\RealEstate\\Models\\Property',3.50,'Earum dolorum porro id non quis voluptatibus minus. Nobis unde similique veritatis aliquid impedit dolores.','published','2023-10-22 04:16:16','2023-10-22 04:16:16'),(66,7,15,'Botble\\RealEstate\\Models\\Property',2.75,'Necessitatibus voluptas occaecati quo magnam. Aliquid voluptas sit dolor ea.','published','2023-10-22 04:16:16','2023-10-22 04:16:16'),(67,6,15,'Botble\\RealEstate\\Models\\Property',3.00,'Sed error illo id reiciendis molestiae. Optio aut nulla sed. Omnis sequi culpa voluptatum enim voluptatem sint laborum occaecati.','published','2023-10-22 04:16:16','2023-10-22 04:16:16'),(68,5,15,'Botble\\RealEstate\\Models\\Property',4.25,'Eligendi quia est culpa quia beatae tempore est. Maxime numquam eum deleniti sequi earum doloremque et. Quo maxime sit qui nulla.','published','2023-10-22 04:16:16','2023-10-22 04:16:16'),(69,1,15,'Botble\\RealEstate\\Models\\Property',5.00,'Sed qui fugit incidunt. Vel commodi eaque blanditiis corporis. Perspiciatis sed aut ut.','published','2023-10-22 04:16:16','2023-10-22 04:16:16'),(70,1,16,'Botble\\RealEstate\\Models\\Property',2.50,'Eos sint et voluptatem voluptatibus odio. Odio exercitationem id sunt reiciendis accusantium. Dolorem nihil sit at id.','published','2023-10-22 04:16:16','2023-10-22 04:16:16'),(71,4,16,'Botble\\RealEstate\\Models\\Property',2.50,'Nostrum non sit ut ipsa consectetur et repudiandae quia. Quibusdam nemo voluptate aut earum quisquam. Id eos sed aut repellendus.','published','2023-10-22 04:16:16','2023-10-22 04:16:16'),(72,9,16,'Botble\\RealEstate\\Models\\Property',3.75,'Harum totam consectetur quas quos sit minima facilis. Perferendis aut sequi alias eum et. Non pariatur voluptatem velit commodi veritatis laborum.','published','2023-10-22 04:16:16','2023-10-22 04:16:16'),(73,1,16,'Botble\\RealEstate\\Models\\Property',1.75,'Eligendi optio ea a. Ut est excepturi distinctio placeat pariatur ullam. Et quasi et atque assumenda reprehenderit dolorum.','published','2023-10-22 04:16:16','2023-10-22 04:16:16'),(74,1,16,'Botble\\RealEstate\\Models\\Property',3.25,'Expedita aut aspernatur eum at illum. Dolores omnis libero odit qui deserunt maxime voluptas. Eaque praesentium libero qui praesentium.','published','2023-10-22 04:16:17','2023-10-22 04:16:17'),(75,1,16,'Botble\\RealEstate\\Models\\Property',4.25,'Beatae itaque cupiditate nobis ipsa. Eius fugit provident saepe debitis. Sed esse repellendus repellat rerum.','published','2023-10-22 04:16:17','2023-10-22 04:16:17'),(76,5,17,'Botble\\RealEstate\\Models\\Property',4.00,'Saepe quia est eaque doloribus. Qui rem labore laborum.','published','2023-10-22 04:16:17','2023-10-22 04:16:17'),(77,3,17,'Botble\\RealEstate\\Models\\Property',2.50,'Et consequatur doloribus perferendis nisi. Sapiente aut voluptatibus eum ipsa ut quia quidem. Repudiandae ut autem officiis quasi aut.','published','2023-10-22 04:16:17','2023-10-22 04:16:17'),(78,10,17,'Botble\\RealEstate\\Models\\Property',3.25,'In vero officiis eos. Voluptate delectus et aut illo sapiente qui cumque. Placeat molestiae aliquam blanditiis similique sequi alias.','published','2023-10-22 04:16:17','2023-10-22 04:16:17'),(79,6,17,'Botble\\RealEstate\\Models\\Property',4.00,'Aliquam sit blanditiis saepe ut ipsam. Placeat optio laborum quisquam esse quas. Laborum beatae blanditiis accusantium.','published','2023-10-22 04:16:17','2023-10-22 04:16:17');
/*!40000 ALTER TABLE `re_reviews` ENABLE KEYS */;
UNLOCK TABLES;

--
-- Table structure for table `re_reviews_meta`
--

DROP TABLE IF EXISTS `re_reviews_meta`;
/*!40101 SET @saved_cs_client     = @@character_set_client */;
/*!50503 SET character_set_client = utf8mb4 */;
CREATE TABLE `re_reviews_meta` (
  `id` bigint unsigned NOT NULL AUTO_INCREMENT,
  `key` varchar(191) COLLATE utf8mb4_unicode_ci DEFAULT NULL,
  `value` varchar(191) COLLATE utf8mb4_unicode_ci DEFAULT NULL,
  `review_id` int unsigned NOT NULL,
  PRIMARY KEY (`id`),
  KEY `re_reviews_meta_review_id_index` (`review_id`)
) ENGINE=InnoDB AUTO_INCREMENT=317 DEFAULT CHARSET=utf8mb4 COLLATE=utf8mb4_unicode_ci;
/*!40101 SET character_set_client = @saved_cs_client */;

--
-- Dumping data for table `re_reviews_meta`
--

LOCK TABLES `re_reviews_meta` WRITE;
/*!40000 ALTER TABLE `re_reviews_meta` DISABLE KEYS */;
INSERT INTO `re_reviews_meta` VALUES (1,'service','2',1),(2,'value','3',1),(3,'location','2',1),(4,'cleanliness','2',1),(5,'service','2',2),(6,'value','4',2),(7,'location','2',2),(8,'cleanliness','5',2),(9,'service','1',3),(10,'value','3',3),(11,'location','4',3),(12,'cleanliness','2',3),(13,'service','1',4),(14,'value','2',4),(15,'location','2',4),(16,'cleanliness','3',4),(17,'service','5',5),(18,'value','2',5),(19,'location','4',5),(20,'cleanliness','3',5),(21,'service','4',6),(22,'value','3',6),(23,'location','2',6),(24,'cleanliness','2',6),(25,'service','4',7),(26,'value','3',7),(27,'location','1',7),(28,'cleanliness','2',7),(29,'service','1',8),(30,'value','3',8),(31,'location','5',8),(32,'cleanliness','2',8),(33,'service','4',9),(34,'value','3',9),(35,'location','2',9),(36,'cleanliness','4',9),(37,'service','4',10),(38,'value','4',10),(39,'location','3',10),(40,'cleanliness','2',10),(41,'service','3',11),(42,'value','4',11),(43,'location','1',11),(44,'cleanliness','3',11),(45,'service','4',12),(46,'value','5',12),(47,'location','2',12),(48,'cleanliness','4',12),(49,'service','3',13),(50,'value','2',13),(51,'location','1',13),(52,'cleanliness','3',13),(53,'service','5',14),(54,'value','2',14),(55,'location','1',14),(56,'cleanliness','5',14),(57,'service','1',15),(58,'value','4',15),(59,'location','3',15),(60,'cleanliness','3',15),(61,'service','3',16),(62,'value','4',16),(63,'location','5',16),(64,'cleanliness','3',16),(65,'service','3',17),(66,'value','3',17),(67,'location','1',17),(68,'cleanliness','4',17),(69,'service','2',18),(70,'value','5',18),(71,'location','5',18),(72,'cleanliness','3',18),(73,'service','5',19),(74,'value','2',19),(75,'location','5',19),(76,'cleanliness','1',19),(77,'service','1',20),(78,'value','3',20),(79,'location','3',20),(80,'cleanliness','5',20),(81,'service','4',21),(82,'value','2',21),(83,'location','3',21),(84,'cleanliness','4',21),(85,'service','5',22),(86,'value','5',22),(87,'location','1',22),(88,'cleanliness','2',22),(89,'service','5',23),(90,'value','3',23),(91,'location','4',23),(92,'cleanliness','1',23),(93,'service','1',24),(94,'value','2',24),(95,'location','4',24),(96,'cleanliness','4',24),(97,'service','2',25),(98,'value','5',25),(99,'location','2',25),(100,'cleanliness','2',25),(101,'service','5',26),(102,'value','1',26),(103,'location','1',26),(104,'cleanliness','4',26),(105,'service','1',27),(106,'value','3',27),(107,'location','5',27),(108,'cleanliness','3',27),(109,'service','1',28),(110,'value','1',28),(111,'location','5',28),(112,'cleanliness','3',28),(113,'service','3',29),(114,'value','3',29),(115,'location','5',29),(116,'cleanliness','4',29),(117,'service','3',30),(118,'value','3',30),(119,'location','4',30),(120,'cleanliness','3',30),(121,'service','5',31),(122,'value','5',31),(123,'location','1',31),(124,'cleanliness','2',31),(125,'service','5',32),(126,'value','3',32),(127,'location','5',32),(128,'cleanliness','4',32),(129,'service','2',33),(130,'value','3',33),(131,'location','1',33),(132,'cleanliness','5',33),(133,'service','2',34),(134,'value','3',34),(135,'location','2',34),(136,'cleanliness','2',34),(137,'service','3',35),(138,'value','1',35),(139,'location','3',35),(140,'cleanliness','5',35),(141,'service','1',36),(142,'value','4',36),(143,'location','5',36),(144,'cleanliness','1',36),(145,'service','3',37),(146,'value','4',37),(147,'location','5',37),(148,'cleanliness','4',37),(149,'service','1',38),(150,'value','3',38),(151,'location','3',38),(152,'cleanliness','3',38),(153,'service','4',39),(154,'value','2',39),(155,'location','1',39),(156,'cleanliness','2',39),(157,'service','1',40),(158,'value','2',40),(159,'location','1',40),(160,'cleanliness','1',40),(161,'service','2',41),(162,'value','2',41),(163,'location','2',41),(164,'cleanliness','5',41),(165,'service','5',42),(166,'value','1',42),(167,'location','5',42),(168,'cleanliness','3',42),(169,'service','3',43),(170,'value','2',43),(171,'location','2',43),(172,'cleanliness','4',43),(173,'service','5',44),(174,'value','1',44),(175,'location','1',44),(176,'cleanliness','2',44),(177,'service','3',45),(178,'value','5',45),(179,'location','1',45),(180,'cleanliness','5',45),(181,'service','1',46),(182,'value','5',46),(183,'location','1',46),(184,'cleanliness','5',46),(185,'service','2',47),(186,'value','1',47),(187,'location','4',47),(188,'cleanliness','5',47),(189,'service','4',48),(190,'value','2',48),(191,'location','2',48),(192,'cleanliness','2',48),(193,'service','1',49),(194,'value','4',49),(195,'location','4',49),(196,'cleanliness','5',49),(197,'service','1',50),(198,'value','2',50),(199,'location','5',50),(200,'cleanliness','4',50),(201,'service','1',51),(202,'value','4',51),(203,'location','1',51),(204,'cleanliness','4',51),(205,'service','5',52),(206,'value','3',52),(207,'location','2',52),(208,'cleanliness','5',52),(209,'service','2',53),(210,'value','5',53),(211,'location','3',53),(212,'cleanliness','1',53),(213,'service','2',54),(214,'value','3',54),(215,'location','3',54),(216,'cleanliness','4',54),(217,'service','3',55),(218,'value','3',55),(219,'location','2',55),(220,'cleanliness','4',55),(221,'service','4',56),(222,'value','4',56),(223,'location','5',56),(224,'cleanliness','3',56),(225,'service','2',57),(226,'value','2',57),(227,'location','4',57),(228,'cleanliness','3',57),(229,'service','3',58),(230,'value','4',58),(231,'location','3',58),(232,'cleanliness','4',58),(233,'service','2',59),(234,'value','2',59),(235,'location','1',59),(236,'cleanliness','3',59),(237,'service','2',60),(238,'value','5',60),(239,'location','2',60),(240,'cleanliness','4',60),(241,'service','5',61),(242,'value','1',61),(243,'location','3',61),(244,'cleanliness','4',61),(245,'service','2',62),(246,'value','5',62),(247,'location','2',62),(248,'cleanliness','4',62),(249,'service','2',63),(250,'value','3',63),(251,'location','2',63),(252,'cleanliness','5',63),(253,'service','3',64),(254,'value','3',64),(255,'location','4',64),(256,'cleanliness','4',64),(257,'service','2',65),(258,'value','4',65),(259,'location','5',65),(260,'cleanliness','3',65),(261,'service','3',66),(262,'value','4',66),(263,'location','3',66),(264,'cleanliness','1',66),(265,'service','5',67),(266,'value','3',67),(267,'location','3',67),(268,'cleanliness','1',67),(269,'service','3',68),(270,'value','5',68),(271,'location','5',68),(272,'cleanliness','4',68),(273,'service','5',69),(274,'value','5',69),(275,'location','5',69),(276,'cleanliness','5',69),(277,'service','4',70),(278,'value','3',70),(279,'location','1',70),(280,'cleanliness','2',70),(281,'service','4',71),(282,'value','3',71),(283,'location','1',71),(284,'cleanliness','2',71),(285,'service','3',72),(286,'value','4',72),(287,'location','5',72),(288,'cleanliness','3',72),(289,'service','1',73),(290,'value','1',73),(291,'location','1',73),(292,'cleanliness','4',73),(293,'service','4',74),(294,'value','3',74),(295,'location','3',74),(296,'cleanliness','3',74),(297,'service','4',75),(298,'value','5',75),(299,'location','4',75),(300,'cleanliness','4',75),(301,'service','5',76),(302,'value','2',76),(303,'location','4',76),(304,'cleanliness','5',76),(305,'service','1',77),(306,'value','1',77),(307,'location','5',77),(308,'cleanliness','3',77),(309,'service','1',78),(310,'value','3',78),(311,'location','5',78),(312,'cleanliness','4',78),(313,'service','5',79),(314,'value','3',79),(315,'location','4',79),(316,'cleanliness','4',79);
/*!40000 ALTER TABLE `re_reviews_meta` ENABLE KEYS */;
UNLOCK TABLES;

--
-- Table structure for table `re_transactions`
--

DROP TABLE IF EXISTS `re_transactions`;
/*!40101 SET @saved_cs_client     = @@character_set_client */;
/*!50503 SET character_set_client = utf8mb4 */;
CREATE TABLE `re_transactions` (
  `id` bigint unsigned NOT NULL AUTO_INCREMENT,
  `credits` int unsigned NOT NULL,
  `description` varchar(255) COLLATE utf8mb4_unicode_ci DEFAULT NULL,
  `user_id` bigint unsigned DEFAULT NULL,
  `account_id` bigint unsigned DEFAULT NULL,
  `type` varchar(191) COLLATE utf8mb4_unicode_ci NOT NULL DEFAULT 'add',
  `payment_id` int unsigned DEFAULT NULL,
  `created_at` timestamp NULL DEFAULT NULL,
  `updated_at` timestamp NULL DEFAULT NULL,
  PRIMARY KEY (`id`)
) ENGINE=InnoDB DEFAULT CHARSET=utf8mb4 COLLATE=utf8mb4_unicode_ci;
/*!40101 SET character_set_client = @saved_cs_client */;

--
-- Dumping data for table `re_transactions`
--

LOCK TABLES `re_transactions` WRITE;
/*!40000 ALTER TABLE `re_transactions` DISABLE KEYS */;
/*!40000 ALTER TABLE `re_transactions` ENABLE KEYS */;
UNLOCK TABLES;

--
-- Table structure for table `revisions`
--

DROP TABLE IF EXISTS `revisions`;
/*!40101 SET @saved_cs_client     = @@character_set_client */;
/*!50503 SET character_set_client = utf8mb4 */;
CREATE TABLE `revisions` (
  `id` bigint unsigned NOT NULL AUTO_INCREMENT,
  `revisionable_type` varchar(191) COLLATE utf8mb4_unicode_ci NOT NULL,
  `revisionable_id` bigint unsigned NOT NULL,
  `user_id` bigint unsigned DEFAULT NULL,
  `key` varchar(191) COLLATE utf8mb4_unicode_ci NOT NULL,
  `old_value` text COLLATE utf8mb4_unicode_ci,
  `new_value` text COLLATE utf8mb4_unicode_ci,
  `created_at` timestamp NULL DEFAULT NULL,
  `updated_at` timestamp NULL DEFAULT NULL,
  PRIMARY KEY (`id`),
  KEY `revisions_revisionable_id_revisionable_type_index` (`revisionable_id`,`revisionable_type`)
) ENGINE=InnoDB DEFAULT CHARSET=utf8mb4 COLLATE=utf8mb4_unicode_ci;
/*!40101 SET character_set_client = @saved_cs_client */;

--
-- Dumping data for table `revisions`
--

LOCK TABLES `revisions` WRITE;
/*!40000 ALTER TABLE `revisions` DISABLE KEYS */;
/*!40000 ALTER TABLE `revisions` ENABLE KEYS */;
UNLOCK TABLES;

--
-- Table structure for table `role_users`
--

DROP TABLE IF EXISTS `role_users`;
/*!40101 SET @saved_cs_client     = @@character_set_client */;
/*!50503 SET character_set_client = utf8mb4 */;
CREATE TABLE `role_users` (
  `user_id` bigint unsigned NOT NULL,
  `role_id` bigint unsigned NOT NULL,
  `created_at` timestamp NULL DEFAULT NULL,
  `updated_at` timestamp NULL DEFAULT NULL,
  PRIMARY KEY (`user_id`,`role_id`),
  KEY `role_users_user_id_index` (`user_id`),
  KEY `role_users_role_id_index` (`role_id`)
) ENGINE=InnoDB DEFAULT CHARSET=utf8mb4 COLLATE=utf8mb4_unicode_ci;
/*!40101 SET character_set_client = @saved_cs_client */;

--
-- Dumping data for table `role_users`
--

LOCK TABLES `role_users` WRITE;
/*!40000 ALTER TABLE `role_users` DISABLE KEYS */;
INSERT INTO `role_users` VALUES (2,1,'2023-10-22 04:15:41','2023-10-22 04:15:41');
/*!40000 ALTER TABLE `role_users` ENABLE KEYS */;
UNLOCK TABLES;

--
-- Table structure for table `roles`
--

DROP TABLE IF EXISTS `roles`;
/*!40101 SET @saved_cs_client     = @@character_set_client */;
/*!50503 SET character_set_client = utf8mb4 */;
CREATE TABLE `roles` (
  `id` bigint unsigned NOT NULL AUTO_INCREMENT,
  `slug` varchar(120) COLLATE utf8mb4_unicode_ci NOT NULL,
  `name` varchar(120) COLLATE utf8mb4_unicode_ci NOT NULL,
  `permissions` text COLLATE utf8mb4_unicode_ci,
  `description` varchar(255) COLLATE utf8mb4_unicode_ci DEFAULT NULL,
  `is_default` tinyint unsigned NOT NULL DEFAULT '0',
  `created_by` bigint unsigned NOT NULL,
  `updated_by` bigint unsigned NOT NULL,
  `created_at` timestamp NULL DEFAULT NULL,
  `updated_at` timestamp NULL DEFAULT NULL,
  PRIMARY KEY (`id`),
  UNIQUE KEY `roles_slug_unique` (`slug`),
  KEY `roles_created_by_index` (`created_by`),
  KEY `roles_updated_by_index` (`updated_by`)
) ENGINE=InnoDB AUTO_INCREMENT=2 DEFAULT CHARSET=utf8mb4 COLLATE=utf8mb4_unicode_ci;
/*!40101 SET character_set_client = @saved_cs_client */;

--
-- Dumping data for table `roles`
--

LOCK TABLES `roles` WRITE;
/*!40000 ALTER TABLE `roles` DISABLE KEYS */;
INSERT INTO `roles` VALUES (1,'admin','Admin','{\"users.index\":true,\"users.create\":true,\"users.edit\":true,\"users.destroy\":true,\"roles.index\":true,\"roles.create\":true,\"roles.edit\":true,\"roles.destroy\":true,\"core.system\":true,\"core.manage.license\":true,\"media.index\":true,\"files.index\":true,\"files.create\":true,\"files.edit\":true,\"files.trash\":true,\"files.destroy\":true,\"folders.index\":true,\"folders.create\":true,\"folders.edit\":true,\"folders.trash\":true,\"folders.destroy\":true,\"settings.options\":true,\"settings.email\":true,\"settings.media\":true,\"settings.cronjob\":true,\"menus.index\":true,\"menus.create\":true,\"menus.edit\":true,\"menus.destroy\":true,\"pages.index\":true,\"pages.create\":true,\"pages.edit\":true,\"pages.destroy\":true,\"plugins.index\":true,\"plugins.edit\":true,\"plugins.remove\":true,\"plugins.marketplace\":true,\"core.appearance\":true,\"theme.index\":true,\"theme.activate\":true,\"theme.remove\":true,\"theme.options\":true,\"theme.custom-css\":true,\"theme.custom-js\":true,\"theme.custom-html\":true,\"widgets.index\":true,\"analytics.general\":true,\"analytics.page\":true,\"analytics.browser\":true,\"analytics.referrer\":true,\"audit-log.index\":true,\"audit-log.destroy\":true,\"backups.index\":true,\"backups.create\":true,\"backups.restore\":true,\"backups.destroy\":true,\"block.index\":true,\"block.create\":true,\"block.edit\":true,\"block.destroy\":true,\"plugins.blog\":true,\"posts.index\":true,\"posts.create\":true,\"posts.edit\":true,\"posts.destroy\":true,\"categories.index\":true,\"categories.create\":true,\"categories.edit\":true,\"categories.destroy\":true,\"tags.index\":true,\"tags.create\":true,\"tags.edit\":true,\"tags.destroy\":true,\"contacts.index\":true,\"contacts.edit\":true,\"contacts.destroy\":true,\"languages.index\":true,\"languages.create\":true,\"languages.edit\":true,\"languages.destroy\":true,\"plugin.location\":true,\"country.index\":true,\"country.create\":true,\"country.edit\":true,\"country.destroy\":true,\"state.index\":true,\"state.create\":true,\"state.edit\":true,\"state.destroy\":true,\"city.index\":true,\"city.create\":true,\"city.edit\":true,\"city.destroy\":true,\"newsletter.index\":true,\"newsletter.destroy\":true,\"payment.index\":true,\"payments.settings\":true,\"payment.destroy\":true,\"property.index\":true,\"property.create\":true,\"property.edit\":true,\"property.destroy\":true,\"property_feature.index\":true,\"property_feature.create\":true,\"property_feature.edit\":true,\"property_feature.destroy\":true,\"consult.index\":true,\"consult.create\":true,\"consult.edit\":true,\"consult.destroy\":true,\"property_category.index\":true,\"property_category.create\":true,\"property_category.edit\":true,\"property_category.destroy\":true,\"property_type.index\":true,\"property_type.create\":true,\"property_type.edit\":true,\"property_type.destroy\":true,\"facility.index\":true,\"facility.create\":true,\"facility.edit\":true,\"facility.destroy\":true,\"account.index\":true,\"account.create\":true,\"account.edit\":true,\"account.destroy\":true,\"package.index\":true,\"package.create\":true,\"package.edit\":true,\"package.destroy\":true,\"consults.index\":true,\"consults.edit\":true,\"consults.destroy\":true,\"simple-slider.index\":true,\"simple-slider.create\":true,\"simple-slider.edit\":true,\"simple-slider.destroy\":true,\"simple-slider-item.index\":true,\"simple-slider-item.create\":true,\"simple-slider-item.edit\":true,\"simple-slider-item.destroy\":true,\"social-login.settings\":true,\"testimonial.index\":true,\"testimonial.create\":true,\"testimonial.edit\":true,\"testimonial.destroy\":true,\"plugins.translation\":true,\"translations.locales\":true,\"translations.theme-translations\":true,\"translations.index\":true}','Admin users role',1,1,1,'2023-10-22 04:15:41','2023-10-22 04:15:41');
/*!40000 ALTER TABLE `roles` ENABLE KEYS */;
UNLOCK TABLES;

--
-- Table structure for table `settings`
--

DROP TABLE IF EXISTS `settings`;
/*!40101 SET @saved_cs_client     = @@character_set_client */;
/*!50503 SET character_set_client = utf8mb4 */;
CREATE TABLE `settings` (
  `id` bigint unsigned NOT NULL AUTO_INCREMENT,
  `key` varchar(191) COLLATE utf8mb4_unicode_ci NOT NULL,
  `value` text COLLATE utf8mb4_unicode_ci,
  `created_at` timestamp NULL DEFAULT NULL,
  `updated_at` timestamp NULL DEFAULT NULL,
  PRIMARY KEY (`id`),
  UNIQUE KEY `settings_key_unique` (`key`)
) ENGINE=InnoDB AUTO_INCREMENT=92 DEFAULT CHARSET=utf8mb4 COLLATE=utf8mb4_unicode_ci;
/*!40101 SET character_set_client = @saved_cs_client */;

--
-- Dumping data for table `settings`
--

LOCK TABLES `settings` WRITE;
/*!40000 ALTER TABLE `settings` DISABLE KEYS */;
INSERT INTO `settings` VALUES (1,'activated_plugins','[\"language\",\"language-advanced\",\"analytics\",\"audit-log\",\"backup\",\"block\",\"blog\",\"captcha\",\"contact\",\"cookie-consent\",\"location\",\"newsletter\",\"payment\",\"paypal\",\"paystack\",\"razorpay\",\"real-estate\",\"rss-feed\",\"simple-slider\",\"social-login\",\"sslcommerz\",\"stripe\",\"testimonial\",\"translation\"]',NULL,'2023-10-22 04:15:19'),(3,'api_enabled','0',NULL,'2023-10-22 04:15:19'),(6,'language_hide_default','1',NULL,NULL),(7,'language_switcher_display','dropdown',NULL,NULL),(8,'language_display','all',NULL,NULL),(9,'language_hide_languages','[]',NULL,NULL),(10,'media_random_hash','c4210235c4f5a346a11dffa26fe8255c',NULL,NULL),(11,'payment_bank_transfer_status','1',NULL,NULL),(12,'payment_stripe_name','Pay online via Stripe',NULL,NULL),(13,'payment_stripe_description','Payment with Stripe',NULL,NULL),(14,'payment_stripe_client_id','pk_test_51JGbXaLmHOfJnFasFfg5ksgorTTlnnqt8RzdrT1qIjqg5sGcVK3fNWBZu1OZ84ndCI4fo0Bdm7TL1yLfiC6e7nF700hBjwxbKa',NULL,NULL),(15,'payment_stripe_secret','sk_test_51JGbXaLmHOfJnFasntP9rqE8wZ0qghWeMKcdlQphvMNo7C2sVaTFgRcjlnof8XVBRZspgVk7ctO62QlY10E8rHNT002pnOk3VI',NULL,NULL),(16,'payment_stripe_status','1',NULL,NULL),(17,'payment_paypal_name','Pay online via PayPal',NULL,NULL),(18,'payment_paypal_description','Payment with PayPal',NULL,NULL),(19,'payment_paypal_client_id','AZlbcwqaPAMIZ27JGOMRYrkWlMdvylKDgoNwS6rzww4_Q2naixJ9KwoOgDdhkwXBro7yTxKOV1hADDMO',NULL,NULL),(20,'payment_paypal_secret','EG7289O15aSq5bT_XLY0VhA0slkme6rlKTBp0Z1KyGY-cJoq7kPIxAvDbpVd8npd_-jBHcnYuMjF9CV3',NULL,NULL),(21,'payment_paypal_status','1',NULL,NULL),(22,'real_estate_square_unit','m²',NULL,NULL),(23,'real_estate_convert_money_to_text_enabled','1',NULL,NULL),(24,'real_estate_thousands_separator',',',NULL,NULL),(25,'real_estate_decimal_separator','.',NULL,NULL),(26,'real_estate_enabled_register','1',NULL,NULL),(27,'verify_account_email','1',NULL,NULL),(28,'permalink-botble-blog-models-post','news',NULL,NULL),(29,'permalink-botble-blog-models-category','news',NULL,NULL),(30,'permalink-botble-location-models-city','city',NULL,NULL),(31,'real_estate_review_enabled','1',NULL,NULL),(32,'real_estate_review_fields','[[{\"key\":\"field\",\"value\":\"service\"}],[{\"key\":\"field\",\"value\":\"value\"}],[{\"key\":\"field\",\"value\":\"location\"}],[{\"key\":\"field\",\"value\":\"cleanliness\"}]]',NULL,NULL),(33,'show_admin_bar','1',NULL,NULL),(34,'theme','resido',NULL,NULL),(35,'admin_logo','general/logo-light.png',NULL,NULL),(36,'admin_favicon','general/favicon.png',NULL,NULL),(37,'theme-resido-skin','blue-skin','2023-10-22 04:15:47','2023-10-22 04:15:47'),(38,'theme-resido-font_heading','Jost','2023-10-22 04:15:47','2023-10-22 04:15:47'),(39,'theme-resido-primary_font','Muli','2023-10-22 04:15:47','2023-10-22 04:15:47'),(40,'theme-resido-primary_color','#2b4db9','2023-10-22 04:15:47','2023-10-22 04:15:47'),(41,'theme-resido-cookie_consent_message','Your experience on this site will be improved by allowing cookies ','2023-10-22 04:15:47','2023-10-22 04:15:47'),(42,'theme-resido-cookie_consent_learn_more_url','http://resido.local/cookie-policy','2023-10-22 04:15:47','2023-10-22 04:15:47'),(43,'theme-resido-cookie_consent_learn_more_text','Cookie Policy','2023-10-22 04:15:47','2023-10-22 04:15:47'),(44,'theme-resido-copyright','©2023 Resido. All rights reserved by TheSky9.','2023-10-22 04:15:47','2023-10-22 04:15:47'),(45,'theme-resido-homepage_id','1','2023-10-22 04:15:47','2023-10-22 04:15:47'),(46,'theme-resido-blog_page_id','12','2023-10-22 04:15:47','2023-10-22 04:15:47'),(47,'theme-resido-logo','general/logo.png','2023-10-22 04:15:47','2023-10-22 04:15:47'),(48,'theme-resido-favicon','general/favicon.png','2023-10-22 04:15:47','2023-10-22 04:15:47'),(49,'theme-resido-logo_white','general/logo-light.png','2023-10-22 04:15:47','2023-10-22 04:15:47'),(50,'theme-resido-img_loading','general/img-loading.jpg','2023-10-22 04:15:47','2023-10-22 04:15:47'),(51,'theme-resido-properties_page_layout','full','2023-10-22 04:15:47','2023-10-22 04:15:47'),(52,'theme-resido-property_header_layout','layout-1','2023-10-22 04:15:47','2023-10-22 04:15:47'),(53,'theme-resido-site_title','Resido - Laravel Real Estate Multilingual Syste','2023-10-22 04:15:47','2023-10-22 04:15:47'),(54,'theme-resido-seo_description','Resido is a premium real estate related websites build on Laravel. With an advanced admin dashboard that will help you create a local or global real-estate directory site.','2023-10-22 04:15:47','2023-10-22 04:15:47'),(55,'theme-resido-seo_og_image','general/screenshot.png','2023-10-22 04:15:47','2023-10-22 04:15:47'),(56,'theme-resido-address','Collins Street West, Victoria 8007, Australia.','2023-10-22 04:15:47','2023-10-22 04:15:47'),(57,'theme-resido-hotline','+1 246-345-0695','2023-10-22 04:15:47','2023-10-22 04:15:47'),(58,'theme-resido-email','info@example.com','2023-10-22 04:15:47','2023-10-22 04:15:47'),(59,'theme-resido-about-us','Lorem ipsum dolor sit amet, consectetur adipiscing elit, sed do eiusmod tempor incididunt ut labore et dolore magna aliqua.','2023-10-22 04:15:47','2023-10-22 04:15:47'),(60,'theme-resido-vi-skin','blue-skin','2023-10-22 04:15:47','2023-10-22 04:15:47'),(61,'theme-resido-vi-font_heading','Montserrat','2023-10-22 04:15:47','2023-10-22 04:15:47'),(62,'theme-resido-vi-primary_font','Montserrat','2023-10-22 04:15:47','2023-10-22 04:15:47'),(63,'theme-resido-vi-primary_color','#2b4db9','2023-10-22 04:15:47','2023-10-22 04:15:47'),(64,'theme-resido-vi-copyright','©2023 Resido. Tất cả quyền đã được bảo hộ bởi TheSky9.','2023-10-22 04:15:47','2023-10-22 04:15:47'),(65,'theme-resido-vi-cookie_consent_message','Trải nghiệm của bạn trên trang web này sẽ được cải thiện bằng cách cho phép cookie ','2023-10-22 04:15:47','2023-10-22 04:15:47'),(66,'theme-resido-vi-cookie_consent_learn_more_url','http://resido.local/cookie-policy','2023-10-22 04:15:47','2023-10-22 04:15:47'),(67,'theme-resido-vi-cookie_consent_learn_more_text','Cookie Policy','2023-10-22 04:15:47','2023-10-22 04:15:47'),(68,'theme-resido-vi-homepage_id','1','2023-10-22 04:15:47','2023-10-22 04:15:47'),(69,'theme-resido-vi-blog_page_id','28','2023-10-22 04:15:47','2023-10-22 04:15:47'),(70,'theme-resido-vi-logo','general/logo.png','2023-10-22 04:15:47','2023-10-22 04:15:47'),(71,'theme-resido-vi-logo_white','general/logo-light.png','2023-10-22 04:15:47','2023-10-22 04:15:47'),(72,'theme-resido-vi-img_loading','general/img-loading.jpg','2023-10-22 04:15:47','2023-10-22 04:15:47'),(73,'theme-resido-vi-properties_page_layout','full','2023-10-22 04:15:47','2023-10-22 04:15:47'),(74,'theme-resido-vi-property_header_layout','layout-1','2023-10-22 04:15:47','2023-10-22 04:15:47'),(75,'theme-resido-vi-site_title','Resido - Laravel Real Estate Multilingual Syste','2023-10-22 04:15:47','2023-10-22 04:15:47'),(76,'theme-resido-vi-seo_description','Resido is a premium real estate related websites build on Laravel. With an advanced admin dashboard that will help you create a local or global real-estate directory site.','2023-10-22 04:15:47','2023-10-22 04:15:47'),(77,'theme-resido-vi-seo_og_image','general/screenshot.png','2023-10-22 04:15:47','2023-10-22 04:15:47'),(78,'theme-resido-vi-address','Collins Street West, Victoria 8007, Australia.','2023-10-22 04:15:47','2023-10-22 04:15:47'),(79,'theme-resido-vi-hotline','+1 246-345-0695','2023-10-22 04:15:47','2023-10-22 04:15:47'),(80,'theme-resido-vi-email','info@example.com','2023-10-22 04:15:47','2023-10-22 04:15:47'),(81,'theme-resido-vi-about-us','Lorem ipsum dolor sit amet, consectetur adipiscing elit, sed do eiusmod tempor incididunt ut labore et dolore magna aliqua.','2023-10-22 04:15:47','2023-10-22 04:15:47'),(82,'theme-resido-social_links','[[{\"key\":\"social-name\",\"value\":\"Facebook\"},{\"key\":\"social-icon\",\"value\":\"ti-facebook\"},{\"key\":\"social-url\",\"value\":\"https:\\/\\/www.facebook.com\\/\"}],[{\"key\":\"social-name\",\"value\":\"Twitter\"},{\"key\":\"social-icon\",\"value\":\"ti-twitter\"},{\"key\":\"social-url\",\"value\":\"https:\\/\\/www.twitter.com\\/\"}],[{\"key\":\"social-name\",\"value\":\"Instagram\"},{\"key\":\"social-icon\",\"value\":\"ti-instagram\"},{\"key\":\"social-url\",\"value\":\"https:\\/\\/www.instagram.com\\/\"}],[{\"key\":\"social-name\",\"value\":\"Linkedin\"},{\"key\":\"social-icon\",\"value\":\"ti-linkedin\"},{\"key\":\"social-url\",\"value\":\"https:\\/\\/www.linkedin.com\\/\"}],[{\"key\":\"social-name\",\"value\":\"Pinterest\"},{\"key\":\"social-icon\",\"value\":\"ti-pinterest\"},{\"key\":\"social-url\",\"value\":\"https:\\/\\/www.pinterest.com\\/\"}]]',NULL,NULL),(83,'theme-vi-resido-social_links','[[{\"key\":\"social-name\",\"value\":\"Facebook\"},{\"key\":\"social-icon\",\"value\":\"ti-facebook\"},{\"key\":\"social-url\",\"value\":\"https:\\/\\/www.facebook.com\\/\"}],[{\"key\":\"social-name\",\"value\":\"Twitter\"},{\"key\":\"social-icon\",\"value\":\"ti-twitter\"},{\"key\":\"social-url\",\"value\":\"https:\\/\\/www.twitter.com\\/\"}],[{\"key\":\"social-name\",\"value\":\"Instagram\"},{\"key\":\"social-icon\",\"value\":\"ti-instagram\"},{\"key\":\"social-url\",\"value\":\"https:\\/\\/www.instagram.com\\/\"}],[{\"key\":\"social-name\",\"value\":\"Linkedin\"},{\"key\":\"social-icon\",\"value\":\"ti-linkedin\"},{\"key\":\"social-url\",\"value\":\"https:\\/\\/www.linkedin.com\\/\"}],[{\"key\":\"social-name\",\"value\":\"Pinterest\"},{\"key\":\"social-icon\",\"value\":\"ti-pinterest\"},{\"key\":\"social-url\",\"value\":\"https:\\/\\/www.pinterest.com\\/\"}]]',NULL,NULL),(84,'theme-resido-min_price','[[{\"key\":\"label\",\"value\":500},{\"key\":\"value\",\"value\":500}],[{\"key\":\"label\",\"value\":1000},{\"key\":\"value\",\"value\":1000}],[{\"key\":\"label\",\"value\":2000},{\"key\":\"value\",\"value\":2000}],[{\"key\":\"label\",\"value\":5000},{\"key\":\"value\",\"value\":5000}],[{\"key\":\"label\",\"value\":10000},{\"key\":\"value\",\"value\":10000}]]',NULL,NULL),(85,'theme-vi-resido-min_price','[[{\"key\":\"label\",\"value\":500},{\"key\":\"value\",\"value\":500}],[{\"key\":\"label\",\"value\":1000},{\"key\":\"value\",\"value\":1000}],[{\"key\":\"label\",\"value\":2000},{\"key\":\"value\",\"value\":2000}],[{\"key\":\"label\",\"value\":5000},{\"key\":\"value\",\"value\":5000}],[{\"key\":\"label\",\"value\":10000},{\"key\":\"value\",\"value\":10000}]]',NULL,NULL),(86,'theme-resido-max_price','[[{\"key\":\"label\",\"value\":1000},{\"key\":\"value\",\"value\":1000}],[{\"key\":\"label\",\"value\":2000},{\"key\":\"value\",\"value\":2000}],[{\"key\":\"label\",\"value\":5000},{\"key\":\"value\",\"value\":5000}],[{\"key\":\"label\",\"value\":10000},{\"key\":\"value\",\"value\":10000}],[{\"key\":\"label\",\"value\":50000},{\"key\":\"value\",\"value\":50000}]]',NULL,NULL),(87,'theme-vi-resido-max_price','[[{\"key\":\"label\",\"value\":1000},{\"key\":\"value\",\"value\":1000}],[{\"key\":\"label\",\"value\":2000},{\"key\":\"value\",\"value\":2000}],[{\"key\":\"label\",\"value\":5000},{\"key\":\"value\",\"value\":5000}],[{\"key\":\"label\",\"value\":10000},{\"key\":\"value\",\"value\":10000}],[{\"key\":\"label\",\"value\":50000},{\"key\":\"value\",\"value\":50000}]]',NULL,NULL),(88,'theme-resido-bedroom','[[{\"key\":\"label\",\"value\":1},{\"key\":\"value\",\"value\":1}],[{\"key\":\"label\",\"value\":2},{\"key\":\"value\",\"value\":2}],[{\"key\":\"label\",\"value\":3},{\"key\":\"value\",\"value\":3}],[{\"key\":\"label\",\"value\":4},{\"key\":\"value\",\"value\":4}],[{\"key\":\"label\",\"value\":5},{\"key\":\"value\",\"value\":5}]]',NULL,NULL),(89,'theme-vi-resido-bedroom','[[{\"key\":\"label\",\"value\":1},{\"key\":\"value\",\"value\":1}],[{\"key\":\"label\",\"value\":2},{\"key\":\"value\",\"value\":2}],[{\"key\":\"label\",\"value\":3},{\"key\":\"value\",\"value\":3}],[{\"key\":\"label\",\"value\":4},{\"key\":\"value\",\"value\":4}],[{\"key\":\"label\",\"value\":5},{\"key\":\"value\",\"value\":5}]]',NULL,NULL),(90,'theme-resido-bathroom','[[{\"key\":\"label\",\"value\":1},{\"key\":\"value\",\"value\":1}],[{\"key\":\"label\",\"value\":2},{\"key\":\"value\",\"value\":2}],[{\"key\":\"label\",\"value\":3},{\"key\":\"value\",\"value\":3}],[{\"key\":\"label\",\"value\":4},{\"key\":\"value\",\"value\":4}],[{\"key\":\"label\",\"value\":5},{\"key\":\"value\",\"value\":5}]]',NULL,NULL),(91,'theme-vi-resido-bathroom','[[{\"key\":\"label\",\"value\":1},{\"key\":\"value\",\"value\":1}],[{\"key\":\"label\",\"value\":2},{\"key\":\"value\",\"value\":2}],[{\"key\":\"label\",\"value\":3},{\"key\":\"value\",\"value\":3}],[{\"key\":\"label\",\"value\":4},{\"key\":\"value\",\"value\":4}],[{\"key\":\"label\",\"value\":5},{\"key\":\"value\",\"value\":5}]]',NULL,NULL);
/*!40000 ALTER TABLE `settings` ENABLE KEYS */;
UNLOCK TABLES;

--
-- Table structure for table `simple_slider_items`
--

DROP TABLE IF EXISTS `simple_slider_items`;
/*!40101 SET @saved_cs_client     = @@character_set_client */;
/*!50503 SET character_set_client = utf8mb4 */;
CREATE TABLE `simple_slider_items` (
  `id` bigint unsigned NOT NULL AUTO_INCREMENT,
  `simple_slider_id` bigint unsigned NOT NULL,
  `title` varchar(255) COLLATE utf8mb4_unicode_ci DEFAULT NULL,
  `image` varchar(255) COLLATE utf8mb4_unicode_ci NOT NULL,
  `link` varchar(255) COLLATE utf8mb4_unicode_ci DEFAULT NULL,
  `description` text COLLATE utf8mb4_unicode_ci,
  `order` int unsigned NOT NULL DEFAULT '0',
  `created_at` timestamp NULL DEFAULT NULL,
  `updated_at` timestamp NULL DEFAULT NULL,
  PRIMARY KEY (`id`)
) ENGINE=InnoDB DEFAULT CHARSET=utf8mb4 COLLATE=utf8mb4_unicode_ci;
/*!40101 SET character_set_client = @saved_cs_client */;

--
-- Dumping data for table `simple_slider_items`
--

LOCK TABLES `simple_slider_items` WRITE;
/*!40000 ALTER TABLE `simple_slider_items` DISABLE KEYS */;
/*!40000 ALTER TABLE `simple_slider_items` ENABLE KEYS */;
UNLOCK TABLES;

--
-- Table structure for table `simple_sliders`
--

DROP TABLE IF EXISTS `simple_sliders`;
/*!40101 SET @saved_cs_client     = @@character_set_client */;
/*!50503 SET character_set_client = utf8mb4 */;
CREATE TABLE `simple_sliders` (
  `id` bigint unsigned NOT NULL AUTO_INCREMENT,
  `name` varchar(120) COLLATE utf8mb4_unicode_ci NOT NULL,
  `key` varchar(120) COLLATE utf8mb4_unicode_ci NOT NULL,
  `description` varchar(255) COLLATE utf8mb4_unicode_ci DEFAULT NULL,
  `status` varchar(60) COLLATE utf8mb4_unicode_ci NOT NULL DEFAULT 'published',
  `created_at` timestamp NULL DEFAULT NULL,
  `updated_at` timestamp NULL DEFAULT NULL,
  PRIMARY KEY (`id`)
) ENGINE=InnoDB DEFAULT CHARSET=utf8mb4 COLLATE=utf8mb4_unicode_ci;
/*!40101 SET character_set_client = @saved_cs_client */;

--
-- Dumping data for table `simple_sliders`
--

LOCK TABLES `simple_sliders` WRITE;
/*!40000 ALTER TABLE `simple_sliders` DISABLE KEYS */;
/*!40000 ALTER TABLE `simple_sliders` ENABLE KEYS */;
UNLOCK TABLES;

--
-- Table structure for table `slugs`
--

DROP TABLE IF EXISTS `slugs`;
/*!40101 SET @saved_cs_client     = @@character_set_client */;
/*!50503 SET character_set_client = utf8mb4 */;
CREATE TABLE `slugs` (
  `id` bigint unsigned NOT NULL AUTO_INCREMENT,
  `key` varchar(255) COLLATE utf8mb4_unicode_ci NOT NULL,
  `reference_id` bigint unsigned NOT NULL,
  `reference_type` varchar(255) COLLATE utf8mb4_unicode_ci NOT NULL,
  `prefix` varchar(120) COLLATE utf8mb4_unicode_ci DEFAULT '',
  `created_at` timestamp NULL DEFAULT NULL,
  `updated_at` timestamp NULL DEFAULT NULL,
  PRIMARY KEY (`id`),
  KEY `slugs_reference_id_index` (`reference_id`),
  KEY `slugs_key_index` (`key`),
  KEY `slugs_prefix_index` (`prefix`),
  KEY `slugs_reference_index` (`reference_id`,`reference_type`)
) ENGINE=InnoDB AUTO_INCREMENT=74 DEFAULT CHARSET=utf8mb4 COLLATE=utf8mb4_unicode_ci;
/*!40101 SET character_set_client = @saved_cs_client */;

--
-- Dumping data for table `slugs`
--

LOCK TABLES `slugs` WRITE;
/*!40000 ALTER TABLE `slugs` DISABLE KEYS */;
INSERT INTO `slugs` VALUES (1,'home',1,'Botble\\Page\\Models\\Page','','2023-10-22 04:15:45','2023-10-22 04:15:45'),(2,'home-layout-2',2,'Botble\\Page\\Models\\Page','','2023-10-22 04:15:45','2023-10-22 04:15:45'),(3,'home-layout-3',3,'Botble\\Page\\Models\\Page','','2023-10-22 04:15:45','2023-10-22 04:15:45'),(4,'home-layout-4',4,'Botble\\Page\\Models\\Page','','2023-10-22 04:15:45','2023-10-22 04:15:45'),(5,'home-layout-5',5,'Botble\\Page\\Models\\Page','','2023-10-22 04:15:45','2023-10-22 04:15:45'),(6,'home-layout-6',6,'Botble\\Page\\Models\\Page','','2023-10-22 04:15:45','2023-10-22 04:15:45'),(7,'home-layout-7',7,'Botble\\Page\\Models\\Page','','2023-10-22 04:15:45','2023-10-22 04:15:45'),(8,'home-layout-8',8,'Botble\\Page\\Models\\Page','','2023-10-22 04:15:45','2023-10-22 04:15:45'),(9,'home-layout-9',9,'Botble\\Page\\Models\\Page','','2023-10-22 04:15:45','2023-10-22 04:15:45'),(10,'map-home-layout',10,'Botble\\Page\\Models\\Page','','2023-10-22 04:15:45','2023-10-22 04:15:45'),(11,'properties',11,'Botble\\Page\\Models\\Page','','2023-10-22 04:15:45','2023-10-22 04:15:45'),(12,'news',12,'Botble\\Page\\Models\\Page','','2023-10-22 04:15:45','2023-10-22 04:15:45'),(13,'about-us',13,'Botble\\Page\\Models\\Page','','2023-10-22 04:15:45','2023-10-22 04:15:45'),(14,'contact',14,'Botble\\Page\\Models\\Page','','2023-10-22 04:15:45','2023-10-22 04:15:45'),(15,'terms-conditions',15,'Botble\\Page\\Models\\Page','','2023-10-22 04:15:45','2023-10-22 04:15:45'),(16,'cookie-policy',16,'Botble\\Page\\Models\\Page','','2023-10-22 04:15:45','2023-10-22 04:15:45'),(17,'general',1,'Botble\\Blog\\Models\\Tag','tag','2023-10-22 04:15:57','2023-10-22 04:15:57'),(18,'design',2,'Botble\\Blog\\Models\\Tag','tag','2023-10-22 04:15:57','2023-10-22 04:15:57'),(19,'fashion',3,'Botble\\Blog\\Models\\Tag','tag','2023-10-22 04:15:57','2023-10-22 04:15:57'),(20,'branding',4,'Botble\\Blog\\Models\\Tag','tag','2023-10-22 04:15:57','2023-10-22 04:15:57'),(21,'modern',5,'Botble\\Blog\\Models\\Tag','tag','2023-10-22 04:15:57','2023-10-22 04:15:57'),(22,'latest-news',1,'Botble\\Blog\\Models\\Category','','2023-10-22 04:15:57','2023-10-22 04:15:57'),(23,'house-architecture',2,'Botble\\Blog\\Models\\Category','','2023-10-22 04:15:57','2023-10-22 04:15:57'),(24,'house-design',3,'Botble\\Blog\\Models\\Category','','2023-10-22 04:15:57','2023-10-22 04:15:57'),(25,'building-materials',4,'Botble\\Blog\\Models\\Category','','2023-10-22 04:15:57','2023-10-22 04:15:57'),(26,'why-people-choose-listio-for-own-properties',1,'Botble\\Blog\\Models\\Post','','2023-10-22 04:15:57','2023-10-22 04:15:57'),(27,'list-of-benifits-and-impressive-listeo-services',2,'Botble\\Blog\\Models\\Post','','2023-10-22 04:15:57','2023-10-22 04:15:57'),(28,'what-people-says-about-listio-properties',3,'Botble\\Blog\\Models\\Post','','2023-10-22 04:15:57','2023-10-22 04:15:57'),(29,'why-people-choose-listio-for-own-properties',4,'Botble\\Blog\\Models\\Post','','2023-10-22 04:15:57','2023-10-22 04:15:57'),(30,'list-of-benifits-and-impressive-listeo-services',5,'Botble\\Blog\\Models\\Post','','2023-10-22 04:15:57','2023-10-22 04:15:57'),(31,'what-people-says-about-listio-properties',6,'Botble\\Blog\\Models\\Post','','2023-10-22 04:15:57','2023-10-22 04:15:57'),(32,'5-of-the-most-searched-outdoor-decor-trends-of-summer-2021',7,'Botble\\Blog\\Models\\Post','','2023-10-22 04:15:57','2023-10-22 04:15:57'),(33,'crave-a-canopy-bed-modern-spins-on-this-dramatic-style',8,'Botble\\Blog\\Models\\Post','','2023-10-22 04:15:57','2023-10-22 04:15:57'),(34,'the-property-brothers-reveal-one-thing-never-ever-to-do-to-an-old-house',9,'Botble\\Blog\\Models\\Post','','2023-10-22 04:15:57','2023-10-22 04:15:57'),(35,'how-to-build-a-raised-herb-garden-with-pallets',10,'Botble\\Blog\\Models\\Post','','2023-10-22 04:15:57','2023-10-22 04:15:57'),(36,'entertain-in-style-14-products-made-for-an-outdoor-summer-soiree',11,'Botble\\Blog\\Models\\Post','','2023-10-22 04:15:57','2023-10-22 04:15:57'),(37,'6-summer-maintenance-tasks-that-could-save-you-cash-have-you-done-them-all',12,'Botble\\Blog\\Models\\Post','','2023-10-22 04:15:57','2023-10-22 04:15:57'),(38,'average-us-rental-price-hits-a-two-year-high',13,'Botble\\Blog\\Models\\Post','','2023-10-22 04:15:58','2023-10-22 04:15:58'),(39,'digital-land-rush-has-people-spending-big-money-on-virtual-real-estate-but-why',14,'Botble\\Blog\\Models\\Post','','2023-10-22 04:15:58','2023-10-22 04:15:58'),(40,'the-best-state-to-live-in-right-now-is-a-huge-surprise-can-you-guess',15,'Botble\\Blog\\Models\\Post','','2023-10-22 04:15:58','2023-10-22 04:15:58'),(41,'high-lumber-prices-and-other-barriers-choke-the-confidence-of-home-builders-and-home-buyers',16,'Botble\\Blog\\Models\\Post','','2023-10-22 04:15:58','2023-10-22 04:15:58'),(42,'apartment',1,'Botble\\RealEstate\\Models\\Category','property-category','2023-10-22 04:16:04','2023-10-22 04:16:04'),(43,'villa',2,'Botble\\RealEstate\\Models\\Category','property-category','2023-10-22 04:16:04','2023-10-22 04:16:04'),(44,'condo',3,'Botble\\RealEstate\\Models\\Category','property-category','2023-10-22 04:16:04','2023-10-22 04:16:04'),(45,'house',4,'Botble\\RealEstate\\Models\\Category','property-category','2023-10-22 04:16:04','2023-10-22 04:16:04'),(46,'land',5,'Botble\\RealEstate\\Models\\Category','property-category','2023-10-22 04:16:04','2023-10-22 04:16:04'),(47,'commercial-property',6,'Botble\\RealEstate\\Models\\Category','property-category','2023-10-22 04:16:04','2023-10-22 04:16:04'),(48,'6007-applegate-lane',1,'Botble\\RealEstate\\Models\\Property','properties','2023-10-22 04:16:13','2023-10-22 04:16:13'),(49,'2721-lindsay-avenue',2,'Botble\\RealEstate\\Models\\Property','properties','2023-10-22 04:16:13','2023-10-22 04:16:13'),(50,'2203-7th-street-road',3,'Botble\\RealEstate\\Models\\Property','properties','2023-10-22 04:16:13','2023-10-22 04:16:13'),(51,'7431-candace-way',4,'Botble\\RealEstate\\Models\\Property','properties','2023-10-22 04:16:13','2023-10-22 04:16:13'),(52,'8502-madrone-avenue',5,'Botble\\RealEstate\\Models\\Property','properties','2023-10-22 04:16:13','2023-10-22 04:16:13'),(53,'1745-t-street-southeast',6,'Botble\\RealEstate\\Models\\Property','properties','2023-10-22 04:16:13','2023-10-22 04:16:13'),(54,'81-seaton-place-northwest',7,'Botble\\RealEstate\\Models\\Property','properties','2023-10-22 04:16:13','2023-10-22 04:16:13'),(55,'802-madison-street-northwest',8,'Botble\\RealEstate\\Models\\Property','properties','2023-10-22 04:16:13','2023-10-22 04:16:13'),(56,'2811-battery-place-northwest',9,'Botble\\RealEstate\\Models\\Property','properties','2023-10-22 04:16:13','2023-10-22 04:16:13'),(57,'1508-massachusetts-avenue-southeast',10,'Botble\\RealEstate\\Models\\Property','properties','2023-10-22 04:16:13','2023-10-22 04:16:13'),(58,'1427-south-carolina-avenue-southeast',11,'Botble\\RealEstate\\Models\\Property','properties','2023-10-22 04:16:13','2023-10-22 04:16:13'),(59,'127-grand-heron-drive',12,'Botble\\RealEstate\\Models\\Property','properties','2023-10-22 04:16:13','2023-10-22 04:16:13'),(60,'1515-chandlee-avenue',13,'Botble\\RealEstate\\Models\\Property','properties','2023-10-22 04:16:13','2023-10-22 04:16:13'),(61,'4113-holiday-drive',14,'Botble\\RealEstate\\Models\\Property','properties','2023-10-22 04:16:13','2023-10-22 04:16:13'),(62,'545-tracey-drive',15,'Botble\\RealEstate\\Models\\Property','properties','2023-10-22 04:16:13','2023-10-22 04:16:13'),(63,'2318-camryns-crossing',16,'Botble\\RealEstate\\Models\\Property','properties','2023-10-22 04:16:13','2023-10-22 04:16:13'),(64,'1025-west-19th-street',17,'Botble\\RealEstate\\Models\\Property','properties','2023-10-22 04:16:13','2023-10-22 04:16:13'),(65,'villa-alaya',1,'Botble\\RealEstate\\Models\\Project','projects','2023-10-22 04:17:01','2023-10-22 04:17:01'),(66,'ani-private-resorts',2,'Botble\\RealEstate\\Models\\Project','projects','2023-10-22 04:17:01','2023-10-22 04:17:01'),(67,'casa-tres-soles',3,'Botble\\RealEstate\\Models\\Project','projects','2023-10-22 04:17:01','2023-10-22 04:17:01'),(68,'la-bergerie',4,'Botble\\RealEstate\\Models\\Project','projects','2023-10-22 04:17:01','2023-10-22 04:17:01'),(69,'hollywood-mansion',5,'Botble\\RealEstate\\Models\\Project','projects','2023-10-22 04:17:01','2023-10-22 04:17:01'),(70,'crystal-springs',6,'Botble\\RealEstate\\Models\\Project','projects','2023-10-22 04:17:01','2023-10-22 04:17:01'),(71,'calivigny-island',7,'Botble\\RealEstate\\Models\\Project','projects','2023-10-22 04:17:01','2023-10-22 04:17:01'),(72,'marbella-luxury-villa',8,'Botble\\RealEstate\\Models\\Project','projects','2023-10-22 04:17:01','2023-10-22 04:17:01'),(73,'aspect-doncaster',9,'Botble\\RealEstate\\Models\\Project','projects','2023-10-22 04:17:01','2023-10-22 04:17:01');
/*!40000 ALTER TABLE `slugs` ENABLE KEYS */;
UNLOCK TABLES;

--
-- Table structure for table `slugs_translations`
--

DROP TABLE IF EXISTS `slugs_translations`;
/*!40101 SET @saved_cs_client     = @@character_set_client */;
/*!50503 SET character_set_client = utf8mb4 */;
CREATE TABLE `slugs_translations` (
  `lang_code` varchar(191) NOT NULL,
  `slugs_id` bigint unsigned NOT NULL,
  `key` varchar(255) DEFAULT NULL,
  `prefix` varchar(120) DEFAULT '',
  PRIMARY KEY (`lang_code`,`slugs_id`)
) ENGINE=InnoDB DEFAULT CHARSET=utf8mb4 COLLATE=utf8mb4_0900_ai_ci;
/*!40101 SET character_set_client = @saved_cs_client */;

--
-- Dumping data for table `slugs_translations`
--

LOCK TABLES `slugs_translations` WRITE;
/*!40000 ALTER TABLE `slugs_translations` DISABLE KEYS */;
/*!40000 ALTER TABLE `slugs_translations` ENABLE KEYS */;
UNLOCK TABLES;

--
-- Table structure for table `states`
--

DROP TABLE IF EXISTS `states`;
/*!40101 SET @saved_cs_client     = @@character_set_client */;
/*!50503 SET character_set_client = utf8mb4 */;
CREATE TABLE `states` (
  `id` bigint unsigned NOT NULL AUTO_INCREMENT,
  `name` varchar(120) COLLATE utf8mb4_unicode_ci NOT NULL,
  `abbreviation` varchar(2) COLLATE utf8mb4_unicode_ci DEFAULT NULL,
  `country_id` int unsigned DEFAULT NULL,
  `order` tinyint NOT NULL DEFAULT '0',
  `is_featured` tinyint unsigned NOT NULL DEFAULT '0',
  `status` varchar(60) COLLATE utf8mb4_unicode_ci NOT NULL DEFAULT 'published',
  `created_at` timestamp NULL DEFAULT NULL,
  `updated_at` timestamp NULL DEFAULT NULL,
  PRIMARY KEY (`id`)
) ENGINE=InnoDB AUTO_INCREMENT=73 DEFAULT CHARSET=utf8mb4 COLLATE=utf8mb4_unicode_ci;
/*!40101 SET character_set_client = @saved_cs_client */;

--
-- Dumping data for table `states`
--

LOCK TABLES `states` WRITE;
/*!40000 ALTER TABLE `states` DISABLE KEYS */;
INSERT INTO `states` VALUES (1,'Alabama','AL',1,0,0,'published','2023-10-22 04:15:21','2023-10-22 04:15:21'),(2,'Alaska','AK',1,0,0,'published','2023-10-22 04:15:21','2023-10-22 04:15:21'),(3,'American Samoa','AS',1,0,0,'published','2023-10-22 04:15:21','2023-10-22 04:15:21'),(4,'Arizona','AZ',1,0,0,'published','2023-10-22 04:15:21','2023-10-22 04:15:21'),(5,'Arkansas','AR',1,0,0,'published','2023-10-22 04:15:21','2023-10-22 04:15:21'),(6,'California','CA',1,0,0,'published','2023-10-22 04:15:21','2023-10-22 04:15:21'),(7,'Colorado','CO',1,0,0,'published','2023-10-22 04:15:21','2023-10-22 04:15:21'),(8,'Connecticut','CT',1,0,0,'published','2023-10-22 04:15:21','2023-10-22 04:15:21'),(9,'Delaware','DE',1,0,0,'published','2023-10-22 04:15:21','2023-10-22 04:15:21'),(10,'District Of Columbia','DC',1,0,0,'published','2023-10-22 04:15:21','2023-10-22 04:15:21'),(11,'Federated States Of Micronesia','FM',1,0,0,'published','2023-10-22 04:15:21','2023-10-22 04:15:21'),(12,'Florida','FL',1,0,0,'published','2023-10-22 04:15:21','2023-10-22 04:15:21'),(13,'Georgia','GA',1,0,0,'published','2023-10-22 04:15:21','2023-10-22 04:15:21'),(14,'Guam','GU',1,0,0,'published','2023-10-22 04:15:21','2023-10-22 04:15:21'),(15,'Hawaii','HI',1,0,0,'published','2023-10-22 04:15:21','2023-10-22 04:15:21'),(16,'Idaho','ID',1,0,0,'published','2023-10-22 04:15:21','2023-10-22 04:15:21'),(17,'Illinois','IL',1,0,0,'published','2023-10-22 04:15:21','2023-10-22 04:15:21'),(18,'Indiana','IN',1,0,0,'published','2023-10-22 04:15:21','2023-10-22 04:15:21'),(19,'Iowa','IA',1,0,0,'published','2023-10-22 04:15:21','2023-10-22 04:15:21'),(20,'Kansas','KS',1,0,0,'published','2023-10-22 04:15:21','2023-10-22 04:15:21'),(21,'Kentucky','KY',1,0,0,'published','2023-10-22 04:15:21','2023-10-22 04:15:21'),(22,'Louisiana','LA',1,0,0,'published','2023-10-22 04:15:21','2023-10-22 04:15:21'),(23,'Maine','ME',1,0,0,'published','2023-10-22 04:15:21','2023-10-22 04:15:21'),(24,'Marshall Islands','MH',1,0,0,'published','2023-10-22 04:15:21','2023-10-22 04:15:21'),(25,'Maryland','MD',1,0,0,'published','2023-10-22 04:15:21','2023-10-22 04:15:21'),(26,'Massachusetts','MA',1,0,0,'published','2023-10-22 04:15:21','2023-10-22 04:15:21'),(27,'Michigan','MI',1,0,0,'published','2023-10-22 04:15:21','2023-10-22 04:15:21'),(28,'Minnesota','MN',1,0,0,'published','2023-10-22 04:15:21','2023-10-22 04:15:21'),(29,'Mississippi','MS',1,0,0,'published','2023-10-22 04:15:21','2023-10-22 04:15:21'),(30,'Missouri','MO',1,0,0,'published','2023-10-22 04:15:21','2023-10-22 04:15:21'),(31,'Montana','MT',1,0,0,'published','2023-10-22 04:15:21','2023-10-22 04:15:21'),(32,'Nebraska','NE',1,0,0,'published','2023-10-22 04:15:21','2023-10-22 04:15:21'),(33,'Nevada','NV',1,0,0,'published','2023-10-22 04:15:21','2023-10-22 04:15:21'),(34,'New Hampshire','NH',1,0,0,'published','2023-10-22 04:15:21','2023-10-22 04:15:21'),(35,'New Jersey','NJ',1,0,0,'published','2023-10-22 04:15:21','2023-10-22 04:15:21'),(36,'New Mexico','NM',1,0,0,'published','2023-10-22 04:15:21','2023-10-22 04:15:21'),(37,'New York','NY',1,0,0,'published','2023-10-22 04:15:21','2023-10-22 04:15:21'),(38,'North Carolina','NC',1,0,0,'published','2023-10-22 04:15:21','2023-10-22 04:15:21'),(39,'North Dakota','ND',1,0,0,'published','2023-10-22 04:15:21','2023-10-22 04:15:21'),(40,'Northern Mariana Islands','MP',1,0,0,'published','2023-10-22 04:15:21','2023-10-22 04:15:21'),(41,'Ohio','OH',1,0,0,'published','2023-10-22 04:15:21','2023-10-22 04:15:21'),(42,'Oklahoma','OK',1,0,0,'published','2023-10-22 04:15:21','2023-10-22 04:15:21'),(43,'Oregon','OR',1,0,0,'published','2023-10-22 04:15:21','2023-10-22 04:15:21'),(44,'Palau','PW',1,0,0,'published','2023-10-22 04:15:21','2023-10-22 04:15:21'),(45,'Pennsylvania','PA',1,0,0,'published','2023-10-22 04:15:21','2023-10-22 04:15:21'),(46,'Puerto Rico','PR',1,0,0,'published','2023-10-22 04:15:21','2023-10-22 04:15:21'),(47,'Rhode Island','RI',1,0,0,'published','2023-10-22 04:15:21','2023-10-22 04:15:21'),(48,'South Carolina','SC',1,0,0,'published','2023-10-22 04:15:21','2023-10-22 04:15:21'),(49,'South Dakota','SD',1,0,0,'published','2023-10-22 04:15:21','2023-10-22 04:15:21'),(50,'Tennessee','TN',1,0,0,'published','2023-10-22 04:15:21','2023-10-22 04:15:21'),(51,'Texas','TX',1,0,0,'published','2023-10-22 04:15:21','2023-10-22 04:15:21'),(52,'Utah','UT',1,0,0,'published','2023-10-22 04:15:21','2023-10-22 04:15:21'),(53,'Vermont','VT',1,0,0,'published','2023-10-22 04:15:21','2023-10-22 04:15:21'),(54,'Virgin Islands','VI',1,0,0,'published','2023-10-22 04:15:21','2023-10-22 04:15:21'),(55,'Virginia','VA',1,0,0,'published','2023-10-22 04:15:21','2023-10-22 04:15:21'),(56,'Washington','WA',1,0,0,'published','2023-10-22 04:15:21','2023-10-22 04:15:21'),(57,'West Virginia','WV',1,0,0,'published','2023-10-22 04:15:21','2023-10-22 04:15:21'),(58,'Wisconsin','WI',1,0,0,'published','2023-10-22 04:15:21','2023-10-22 04:15:21'),(59,'Wyoming','WY',1,0,0,'published','2023-10-22 04:15:21','2023-10-22 04:15:21'),(60,'Alberta','AB',2,0,0,'published','2023-10-22 04:15:36','2023-10-22 04:15:36'),(61,'British Columbia','BC',2,0,0,'published','2023-10-22 04:15:36','2023-10-22 04:15:36'),(62,'Manitoba','MB',2,0,0,'published','2023-10-22 04:15:36','2023-10-22 04:15:36'),(63,'New Brunswick','NB',2,0,0,'published','2023-10-22 04:15:36','2023-10-22 04:15:36'),(64,'Newfoundland','NF',2,0,0,'published','2023-10-22 04:15:36','2023-10-22 04:15:36'),(65,'Northwest Territories','NT',2,0,0,'published','2023-10-22 04:15:36','2023-10-22 04:15:36'),(66,'Nova Scotia','NS',2,0,0,'published','2023-10-22 04:15:36','2023-10-22 04:15:36'),(67,'Nunavut','NU',2,0,0,'published','2023-10-22 04:15:36','2023-10-22 04:15:36'),(68,'Ontario','ON',2,0,0,'published','2023-10-22 04:15:36','2023-10-22 04:15:36'),(69,'Prince Edward Island','PE',2,0,0,'published','2023-10-22 04:15:36','2023-10-22 04:15:36'),(70,'Quebec','PQ',2,0,0,'published','2023-10-22 04:15:36','2023-10-22 04:15:36'),(71,'Saskatchewan','SK',2,0,0,'published','2023-10-22 04:15:36','2023-10-22 04:15:36'),(72,'Yukon','YT',2,0,0,'published','2023-10-22 04:15:36','2023-10-22 04:15:36');
/*!40000 ALTER TABLE `states` ENABLE KEYS */;
UNLOCK TABLES;

--
-- Table structure for table `states_backup`
--

DROP TABLE IF EXISTS `states_backup`;
/*!40101 SET @saved_cs_client     = @@character_set_client */;
/*!50503 SET character_set_client = utf8mb4 */;
CREATE TABLE `states_backup` (
  `id` bigint unsigned NOT NULL AUTO_INCREMENT,
  `name` varchar(120) COLLATE utf8mb4_unicode_ci NOT NULL,
  `abbreviation` varchar(2) COLLATE utf8mb4_unicode_ci DEFAULT NULL,
  `country_id` int unsigned DEFAULT NULL,
  `order` tinyint NOT NULL DEFAULT '0',
  `is_featured` tinyint unsigned NOT NULL DEFAULT '0',
  `status` varchar(60) COLLATE utf8mb4_unicode_ci NOT NULL DEFAULT 'published',
  `created_at` timestamp NULL DEFAULT NULL,
  `updated_at` timestamp NULL DEFAULT NULL,
  PRIMARY KEY (`id`)
) ENGINE=InnoDB DEFAULT CHARSET=utf8mb4 COLLATE=utf8mb4_unicode_ci;
/*!40101 SET character_set_client = @saved_cs_client */;

--
-- Dumping data for table `states_backup`
--

LOCK TABLES `states_backup` WRITE;
/*!40000 ALTER TABLE `states_backup` DISABLE KEYS */;
/*!40000 ALTER TABLE `states_backup` ENABLE KEYS */;
UNLOCK TABLES;

--
-- Table structure for table `states_translations`
--

DROP TABLE IF EXISTS `states_translations`;
/*!40101 SET @saved_cs_client     = @@character_set_client */;
/*!50503 SET character_set_client = utf8mb4 */;
CREATE TABLE `states_translations` (
  `lang_code` varchar(191) COLLATE utf8mb4_unicode_ci NOT NULL,
  `states_id` int NOT NULL,
  `name` varchar(120) COLLATE utf8mb4_unicode_ci DEFAULT NULL,
  `abbreviation` varchar(2) COLLATE utf8mb4_unicode_ci DEFAULT NULL,
  PRIMARY KEY (`lang_code`,`states_id`)
) ENGINE=InnoDB DEFAULT CHARSET=utf8mb4 COLLATE=utf8mb4_unicode_ci;
/*!40101 SET character_set_client = @saved_cs_client */;

--
-- Dumping data for table `states_translations`
--

LOCK TABLES `states_translations` WRITE;
/*!40000 ALTER TABLE `states_translations` DISABLE KEYS */;
/*!40000 ALTER TABLE `states_translations` ENABLE KEYS */;
UNLOCK TABLES;

--
-- Table structure for table `tags`
--

DROP TABLE IF EXISTS `tags`;
/*!40101 SET @saved_cs_client     = @@character_set_client */;
/*!50503 SET character_set_client = utf8mb4 */;
CREATE TABLE `tags` (
  `id` bigint unsigned NOT NULL AUTO_INCREMENT,
  `name` varchar(120) COLLATE utf8mb4_unicode_ci NOT NULL,
  `author_id` bigint unsigned DEFAULT NULL,
  `author_type` varchar(255) CHARACTER SET utf8mb4 COLLATE utf8mb4_unicode_ci NOT NULL DEFAULT 'Botble\\ACL\\Models\\User',
  `description` varchar(400) COLLATE utf8mb4_unicode_ci DEFAULT '',
  `status` varchar(60) COLLATE utf8mb4_unicode_ci NOT NULL DEFAULT 'published',
  `created_at` timestamp NULL DEFAULT NULL,
  `updated_at` timestamp NULL DEFAULT NULL,
  PRIMARY KEY (`id`)
) ENGINE=InnoDB AUTO_INCREMENT=6 DEFAULT CHARSET=utf8mb4 COLLATE=utf8mb4_unicode_ci;
/*!40101 SET character_set_client = @saved_cs_client */;

--
-- Dumping data for table `tags`
--

LOCK TABLES `tags` WRITE;
/*!40000 ALTER TABLE `tags` DISABLE KEYS */;
INSERT INTO `tags` VALUES (1,'General',1,'Botble\\ACL\\Models\\User','','published','2023-10-22 04:15:57','2023-10-22 04:15:57'),(2,'Design',1,'Botble\\ACL\\Models\\User','','published','2023-10-22 04:15:57','2023-10-22 04:15:57'),(3,'Fashion',1,'Botble\\ACL\\Models\\User','','published','2023-10-22 04:15:57','2023-10-22 04:15:57'),(4,'Branding',1,'Botble\\ACL\\Models\\User','','published','2023-10-22 04:15:57','2023-10-22 04:15:57'),(5,'Modern',1,'Botble\\ACL\\Models\\User','','published','2023-10-22 04:15:57','2023-10-22 04:15:57');
/*!40000 ALTER TABLE `tags` ENABLE KEYS */;
UNLOCK TABLES;

--
-- Table structure for table `tags_translations`
--

DROP TABLE IF EXISTS `tags_translations`;
/*!40101 SET @saved_cs_client     = @@character_set_client */;
/*!50503 SET character_set_client = utf8mb4 */;
CREATE TABLE `tags_translations` (
  `lang_code` varchar(191) COLLATE utf8mb4_unicode_ci NOT NULL,
  `tags_id` bigint unsigned NOT NULL,
  `name` varchar(255) COLLATE utf8mb4_unicode_ci DEFAULT NULL,
  `description` varchar(400) COLLATE utf8mb4_unicode_ci DEFAULT NULL,
  PRIMARY KEY (`lang_code`,`tags_id`)
) ENGINE=InnoDB DEFAULT CHARSET=utf8mb4 COLLATE=utf8mb4_unicode_ci;
/*!40101 SET character_set_client = @saved_cs_client */;

--
-- Dumping data for table `tags_translations`
--

LOCK TABLES `tags_translations` WRITE;
/*!40000 ALTER TABLE `tags_translations` DISABLE KEYS */;
INSERT INTO `tags_translations` VALUES ('vi',1,'Chung',NULL),('vi',2,'Thiết kế',NULL),('vi',3,'Thời trang',NULL),('vi',4,'Thương hiệu',NULL),('vi',5,'Hiện đại',NULL);
/*!40000 ALTER TABLE `tags_translations` ENABLE KEYS */;
UNLOCK TABLES;

--
-- Table structure for table `testimonials`
--

DROP TABLE IF EXISTS `testimonials`;
/*!40101 SET @saved_cs_client     = @@character_set_client */;
/*!50503 SET character_set_client = utf8mb4 */;
CREATE TABLE `testimonials` (
  `id` bigint unsigned NOT NULL AUTO_INCREMENT,
  `name` varchar(120) COLLATE utf8mb4_unicode_ci NOT NULL,
  `content` text COLLATE utf8mb4_unicode_ci NOT NULL,
  `image` varchar(255) COLLATE utf8mb4_unicode_ci DEFAULT NULL,
  `company` varchar(120) COLLATE utf8mb4_unicode_ci DEFAULT NULL,
  `status` varchar(60) COLLATE utf8mb4_unicode_ci NOT NULL DEFAULT 'published',
  `created_at` timestamp NULL DEFAULT NULL,
  `updated_at` timestamp NULL DEFAULT NULL,
  PRIMARY KEY (`id`)
) ENGINE=InnoDB AUTO_INCREMENT=6 DEFAULT CHARSET=utf8mb4 COLLATE=utf8mb4_unicode_ci;
/*!40101 SET character_set_client = @saved_cs_client */;

--
-- Dumping data for table `testimonials`
--

LOCK TABLES `testimonials` WRITE;
/*!40000 ALTER TABLE `testimonials` DISABLE KEYS */;
INSERT INTO `testimonials` VALUES (1,'Adam Williams','Hatter, and he says it\'s so useful, it\'s worth a.','testimonials/1.jpg','CEO Of Microwoft','published','2023-10-22 04:16:18','2023-10-22 04:16:18'),(2,'Retha Deowalim','MINE.\' The Queen smiled and passed on. \'Who ARE.','testimonials/2.jpg','CEO Of Apple','published','2023-10-22 04:16:18','2023-10-22 04:16:18'),(3,'Sam J. Wasim','Hatter. \'He won\'t stand beating. Now, if you.','testimonials/3.jpg','Pio Founder','published','2023-10-22 04:16:18','2023-10-22 04:16:18'),(4,'Usan Gulwarm','CHORUS. (In which the words have got into it).','testimonials/4.jpg','CEO Of Facewarm','published','2023-10-22 04:16:18','2023-10-22 04:16:18'),(5,'Shilpa Shethy','Alas! it was perfectly round, she found herself.','testimonials/5.jpg','CEO Of Zapple','published','2023-10-22 04:16:18','2023-10-22 04:16:18');
/*!40000 ALTER TABLE `testimonials` ENABLE KEYS */;
UNLOCK TABLES;

--
-- Table structure for table `testimonials_translations`
--

DROP TABLE IF EXISTS `testimonials_translations`;
/*!40101 SET @saved_cs_client     = @@character_set_client */;
/*!50503 SET character_set_client = utf8mb4 */;
CREATE TABLE `testimonials_translations` (
  `lang_code` varchar(191) COLLATE utf8mb4_unicode_ci NOT NULL,
  `testimonials_id` bigint unsigned NOT NULL,
  `name` varchar(255) COLLATE utf8mb4_unicode_ci DEFAULT NULL,
  `content` text COLLATE utf8mb4_unicode_ci,
  `company` varchar(120) COLLATE utf8mb4_unicode_ci DEFAULT NULL,
  PRIMARY KEY (`lang_code`,`testimonials_id`)
) ENGINE=InnoDB DEFAULT CHARSET=utf8mb4 COLLATE=utf8mb4_unicode_ci;
/*!40101 SET character_set_client = @saved_cs_client */;

--
-- Dumping data for table `testimonials_translations`
--

LOCK TABLES `testimonials_translations` WRITE;
/*!40000 ALTER TABLE `testimonials_translations` DISABLE KEYS */;
INSERT INTO `testimonials_translations` VALUES ('vi',1,'Adam Williams','Alice, timidly; \'some of the tail, and ending.','Giám đốc Microwoft'),('vi',2,'Retha Deowalim','Alice, always ready to talk about her repeating.','Giám đốc Apple'),('vi',3,'Sam J. Wasim','King put on one knee. \'I\'m a poor man, your.','Nhà sáng lập Pio'),('vi',4,'Usan Gulwarm','I was a long time together.\' \'Which is just the.','Giám đốc Facewarm'),('vi',5,'Shilpa Shethy','BOOTS AND SHOES.\' the Gryphon only answered.','Giám đốc Zapple');
/*!40000 ALTER TABLE `testimonials_translations` ENABLE KEYS */;
UNLOCK TABLES;

--
-- Table structure for table `translations`
--

DROP TABLE IF EXISTS `translations`;
/*!40101 SET @saved_cs_client     = @@character_set_client */;
/*!50503 SET character_set_client = utf8mb4 */;
CREATE TABLE `translations` (
  `id` bigint unsigned NOT NULL AUTO_INCREMENT,
  `status` int NOT NULL DEFAULT '0',
  `locale` varchar(191) COLLATE utf8mb4_unicode_ci NOT NULL,
  `group` varchar(191) COLLATE utf8mb4_unicode_ci NOT NULL,
  `key` varchar(191) COLLATE utf8mb4_unicode_ci NOT NULL,
  `value` text COLLATE utf8mb4_unicode_ci,
  `created_at` timestamp NULL DEFAULT NULL,
  `updated_at` timestamp NULL DEFAULT NULL,
  PRIMARY KEY (`id`)
) ENGINE=InnoDB DEFAULT CHARSET=utf8mb4 COLLATE=utf8mb4_unicode_ci;
/*!40101 SET character_set_client = @saved_cs_client */;

--
-- Dumping data for table `translations`
--

LOCK TABLES `translations` WRITE;
/*!40000 ALTER TABLE `translations` DISABLE KEYS */;
/*!40000 ALTER TABLE `translations` ENABLE KEYS */;
UNLOCK TABLES;

--
-- Table structure for table `user_meta`
--

DROP TABLE IF EXISTS `user_meta`;
/*!40101 SET @saved_cs_client     = @@character_set_client */;
/*!50503 SET character_set_client = utf8mb4 */;
CREATE TABLE `user_meta` (
  `id` bigint unsigned NOT NULL AUTO_INCREMENT,
  `key` varchar(191) COLLATE utf8mb4_unicode_ci DEFAULT NULL,
  `value` varchar(191) COLLATE utf8mb4_unicode_ci DEFAULT NULL,
  `user_id` bigint unsigned NOT NULL,
  `created_at` timestamp NULL DEFAULT NULL,
  `updated_at` timestamp NULL DEFAULT NULL,
  PRIMARY KEY (`id`),
  KEY `user_meta_user_id_index` (`user_id`)
) ENGINE=InnoDB DEFAULT CHARSET=utf8mb4 COLLATE=utf8mb4_unicode_ci;
/*!40101 SET character_set_client = @saved_cs_client */;

--
-- Dumping data for table `user_meta`
--

LOCK TABLES `user_meta` WRITE;
/*!40000 ALTER TABLE `user_meta` DISABLE KEYS */;
/*!40000 ALTER TABLE `user_meta` ENABLE KEYS */;
UNLOCK TABLES;

--
-- Table structure for table `users`
--

DROP TABLE IF EXISTS `users`;
/*!40101 SET @saved_cs_client     = @@character_set_client */;
/*!50503 SET character_set_client = utf8mb4 */;
CREATE TABLE `users` (
  `id` bigint unsigned NOT NULL AUTO_INCREMENT,
  `email` varchar(191) COLLATE utf8mb4_unicode_ci NOT NULL,
  `email_verified_at` timestamp NULL DEFAULT NULL,
  `password` varchar(191) CHARACTER SET utf8mb4 COLLATE utf8mb4_unicode_ci DEFAULT NULL,
  `remember_token` varchar(100) COLLATE utf8mb4_unicode_ci DEFAULT NULL,
  `created_at` timestamp NULL DEFAULT NULL,
  `updated_at` timestamp NULL DEFAULT NULL,
  `first_name` varchar(191) COLLATE utf8mb4_unicode_ci DEFAULT NULL,
  `last_name` varchar(191) COLLATE utf8mb4_unicode_ci DEFAULT NULL,
  `username` varchar(60) COLLATE utf8mb4_unicode_ci DEFAULT NULL,
  `avatar_id` bigint unsigned DEFAULT NULL,
  `super_user` tinyint(1) NOT NULL DEFAULT '0',
  `manage_supers` tinyint(1) NOT NULL DEFAULT '0',
  `permissions` text COLLATE utf8mb4_unicode_ci,
  `last_login` timestamp NULL DEFAULT NULL,
  PRIMARY KEY (`id`),
  UNIQUE KEY `users_email_unique` (`email`),
  UNIQUE KEY `users_username_unique` (`username`)
) ENGINE=InnoDB AUTO_INCREMENT=3 DEFAULT CHARSET=utf8mb4 COLLATE=utf8mb4_unicode_ci;
/*!40101 SET character_set_client = @saved_cs_client */;

--
-- Dumping data for table `users`
--

LOCK TABLES `users` WRITE;
/*!40000 ALTER TABLE `users` DISABLE KEYS */;
INSERT INTO `users` VALUES (1,'admin@thesky9.com',NULL,'$2y$12$BBg4yzUJpZ4ol8IimvENSuCX3btbO3DlYfj/gySkRNirocac9ikjq',NULL,'2023-10-22 04:15:41','2023-10-22 04:15:41','Super','Admin','admin',NULL,1,1,NULL,NULL),(2,'user@thesky9.com',NULL,'$2y$12$LHxQNYxNYfRLaJdzMn1HG.SKgAqiEvbCgqhNCk40RilnmZiIsQCam',NULL,'2023-10-22 04:15:41','2023-10-22 04:15:41','Normal','Admin','user',NULL,0,0,'{\"users.index\":true,\"users.create\":true,\"users.edit\":true,\"users.destroy\":true,\"roles.index\":true,\"roles.create\":true,\"roles.edit\":true,\"roles.destroy\":true,\"core.system\":true,\"core.manage.license\":true,\"media.index\":true,\"files.index\":true,\"files.create\":true,\"files.edit\":true,\"files.trash\":true,\"files.destroy\":true,\"folders.index\":true,\"folders.create\":true,\"folders.edit\":true,\"folders.trash\":true,\"folders.destroy\":true,\"settings.options\":true,\"settings.email\":true,\"settings.media\":true,\"settings.cronjob\":true,\"menus.index\":true,\"menus.create\":true,\"menus.edit\":true,\"menus.destroy\":true,\"pages.index\":true,\"pages.create\":true,\"pages.edit\":true,\"pages.destroy\":true,\"plugins.index\":true,\"plugins.edit\":true,\"plugins.remove\":true,\"plugins.marketplace\":true,\"core.appearance\":true,\"theme.index\":true,\"theme.activate\":true,\"theme.remove\":true,\"theme.options\":true,\"theme.custom-css\":true,\"theme.custom-js\":true,\"theme.custom-html\":true,\"widgets.index\":true,\"analytics.general\":true,\"analytics.page\":true,\"analytics.browser\":true,\"analytics.referrer\":true,\"audit-log.index\":true,\"audit-log.destroy\":true,\"backups.index\":true,\"backups.create\":true,\"backups.restore\":true,\"backups.destroy\":true,\"block.index\":true,\"block.create\":true,\"block.edit\":true,\"block.destroy\":true,\"plugins.blog\":true,\"posts.index\":true,\"posts.create\":true,\"posts.edit\":true,\"posts.destroy\":true,\"categories.index\":true,\"categories.create\":true,\"categories.edit\":true,\"categories.destroy\":true,\"tags.index\":true,\"tags.create\":true,\"tags.edit\":true,\"tags.destroy\":true,\"contacts.index\":true,\"contacts.edit\":true,\"contacts.destroy\":true,\"languages.index\":true,\"languages.create\":true,\"languages.edit\":true,\"languages.destroy\":true,\"plugin.location\":true,\"country.index\":true,\"country.create\":true,\"country.edit\":true,\"country.destroy\":true,\"state.index\":true,\"state.create\":true,\"state.edit\":true,\"state.destroy\":true,\"city.index\":true,\"city.create\":true,\"city.edit\":true,\"city.destroy\":true,\"newsletter.index\":true,\"newsletter.destroy\":true,\"payment.index\":true,\"payments.settings\":true,\"payment.destroy\":true,\"property.index\":true,\"property.create\":true,\"property.edit\":true,\"property.destroy\":true,\"property_feature.index\":true,\"property_feature.create\":true,\"property_feature.edit\":true,\"property_feature.destroy\":true,\"consult.index\":true,\"consult.create\":true,\"consult.edit\":true,\"consult.destroy\":true,\"property_category.index\":true,\"property_category.create\":true,\"property_category.edit\":true,\"property_category.destroy\":true,\"property_type.index\":true,\"property_type.create\":true,\"property_type.edit\":true,\"property_type.destroy\":true,\"facility.index\":true,\"facility.create\":true,\"facility.edit\":true,\"facility.destroy\":true,\"account.index\":true,\"account.create\":true,\"account.edit\":true,\"account.destroy\":true,\"package.index\":true,\"package.create\":true,\"package.edit\":true,\"package.destroy\":true,\"consults.index\":true,\"consults.edit\":true,\"consults.destroy\":true,\"simple-slider.index\":true,\"simple-slider.create\":true,\"simple-slider.edit\":true,\"simple-slider.destroy\":true,\"simple-slider-item.index\":true,\"simple-slider-item.create\":true,\"simple-slider-item.edit\":true,\"simple-slider-item.destroy\":true,\"social-login.settings\":true,\"testimonial.index\":true,\"testimonial.create\":true,\"testimonial.edit\":true,\"testimonial.destroy\":true,\"plugins.translation\":true,\"translations.locales\":true,\"translations.theme-translations\":true,\"translations.index\":true}',NULL);
/*!40000 ALTER TABLE `users` ENABLE KEYS */;
UNLOCK TABLES;

--
-- Table structure for table `widgets`
--

DROP TABLE IF EXISTS `widgets`;
/*!40101 SET @saved_cs_client     = @@character_set_client */;
/*!50503 SET character_set_client = utf8mb4 */;
CREATE TABLE `widgets` (
  `id` bigint unsigned NOT NULL AUTO_INCREMENT,
  `widget_id` varchar(120) COLLATE utf8mb4_unicode_ci NOT NULL,
  `sidebar_id` varchar(120) COLLATE utf8mb4_unicode_ci NOT NULL,
  `theme` varchar(120) COLLATE utf8mb4_unicode_ci NOT NULL,
  `position` tinyint unsigned NOT NULL DEFAULT '0',
  `data` text COLLATE utf8mb4_unicode_ci,
  `created_at` timestamp NULL DEFAULT NULL,
  `updated_at` timestamp NULL DEFAULT NULL,
  PRIMARY KEY (`id`)
) ENGINE=InnoDB AUTO_INCREMENT=19 DEFAULT CHARSET=utf8mb4 COLLATE=utf8mb4_unicode_ci;
/*!40101 SET character_set_client = @saved_cs_client */;

--
-- Dumping data for table `widgets`
--

LOCK TABLES `widgets` WRITE;
/*!40000 ALTER TABLE `widgets` DISABLE KEYS */;
INSERT INTO `widgets` VALUES (1,'ShortcodeWidget','footer_sidebar_1','resido',0,'{\"id\":\"ShortcodeWidget\",\"content\":\"[static-block alias=\\\"sign-up\\\"][\\/static-block]\"}',NULL,NULL),(2,'CustomMenuWidget','footer_sidebar_2','resido',0,'{\"id\":\"CustomMenuWidget\",\"name\":\"About\",\"menu_id\":\"about\"}',NULL,NULL),(3,'CustomMenuWidget','footer_sidebar_2','resido',1,'{\"id\":\"CustomMenuWidget\",\"name\":\"MORE INFORMATION\",\"menu_id\":\"more-information\"}',NULL,NULL),(4,'CustomMenuWidget','footer_sidebar_2','resido',2,'{\"id\":\"CustomMenuWidget\",\"name\":\"NEWS\",\"menu_id\":\"news\"}',NULL,NULL),(5,'ShortcodeWidget','footer_sidebar_3','resido',0,'{\"id\":\"ShortcodeWidget\",\"content\":\"[static-block alias=\\\"download-app-footer\\\"][\\/static-block]\"}',NULL,NULL),(6,'CategoriesWidget','primary_sidebar','resido',0,'{\"id\":\"CategoriesWidget\",\"name\":\"Categories\"}',NULL,NULL),(7,'RecentPostsWidget','primary_sidebar','resido',0,'{\"id\":\"RecentPostsWidget\",\"name\":\"Recent posts\",\"number_display\":\"5\"}',NULL,NULL),(8,'FeaturedPropertiesWidget','primary_sidebar','resido',0,'{\"id\":\"FeaturedPropertiesWidget\",\"name\":\"Featured properties\",\"number_display\":\"5\"}',NULL,NULL),(9,'NewsletterWidget','footer_sidebar_3','resido',1,'{\"id\":\"NewsletterWidget\",\"name\":\"Subscribe\"}',NULL,NULL),(10,'ShortcodeWidget','footer_sidebar_1','resido-vi',0,'{\"id\":\"ShortcodeWidget\",\"content\":\"[static-block alias=\\\"sign-up\\\"][\\/static-block]\"}',NULL,NULL),(11,'CustomMenuWidget','footer_sidebar_2','resido-vi',0,'{\"id\":\"CustomMenuWidget\",\"name\":\"About\",\"menu_id\":\"ve-chung-toi\"}',NULL,NULL),(12,'CustomMenuWidget','footer_sidebar_2','resido-vi',1,'{\"id\":\"CustomMenuWidget\",\"name\":\"MORE INFORMATION\",\"menu_id\":\"thong-tin-them\"}',NULL,NULL),(13,'CustomMenuWidget','footer_sidebar_2','resido-vi',2,'{\"id\":\"CustomMenuWidget\",\"name\":\"NEWS\",\"menu_id\":\"tin-tuc\"}',NULL,NULL),(14,'ShortcodeWidget','footer_sidebar_3','resido-vi',0,'{\"id\":\"ShortcodeWidget\",\"content\":\"[static-block alias=\\\"download-app-footer\\\"][\\/static-block]\"}',NULL,NULL),(15,'CategoriesWidget','primary_sidebar','resido-vi',0,'{\"id\":\"CategoriesWidget\",\"name\":\"Danh mục\"}',NULL,NULL),(16,'RecentPostsWidget','primary_sidebar','resido-vi',0,'{\"id\":\"RecentPostsWidget\",\"name\":\"Bài viết gần đây\",\"number_display\":\"5\"}',NULL,NULL),(17,'FeaturedPropertiesWidget','primary_sidebar','resido-vi',0,'{\"id\":\"FeaturedPropertiesWidget\",\"name\":\"Featured properties\",\"number_display\":\"5\"}',NULL,NULL),(18,'NewsletterWidget','footer_sidebar_3','resido-vi',1,'{\"id\":\"NewsletterWidget\",\"name\":\"Subscribe\"}',NULL,NULL);
/*!40000 ALTER TABLE `widgets` ENABLE KEYS */;
UNLOCK TABLES;
/*!40103 SET TIME_ZONE=@OLD_TIME_ZONE */;

/*!40101 SET SQL_MODE=@OLD_SQL_MODE */;
/*!40014 SET FOREIGN_KEY_CHECKS=@OLD_FOREIGN_KEY_CHECKS */;
/*!40014 SET UNIQUE_CHECKS=@OLD_UNIQUE_CHECKS */;
/*!40101 SET CHARACTER_SET_CLIENT=@OLD_CHARACTER_SET_CLIENT */;
/*!40101 SET CHARACTER_SET_RESULTS=@OLD_CHARACTER_SET_RESULTS */;
/*!40101 SET COLLATION_CONNECTION=@OLD_COLLATION_CONNECTION */;
/*!40111 SET SQL_NOTES=@OLD_SQL_NOTES */;

-- Dump completed on 2023-11-01 22:23:37
